_id,operator_registration_number,address,unit,postal_code,property_type,ward_number,ward_name
6627966,STR-2208-GRGVHG,11 Jacinta Dr,,M6L,Single/Semi-detached House,5,York South-Weston
6627967,STR-2107-HQZHHK,64 Millicent St,2,M6H,Duplex/Triplex/Fourplex,9,Davenport
6627968,STR-2310-FYBRVR,47 Vradenberg Dr,,M1T,Single/Semi-detached House,22,Scarborough-Agincourt
6627969,STR-2407-GLPBPT,1230 Bloor St W,2,M6H,Apartment,9,Davenport
6627970,STR-2508-JFPSBZ,131 Mill St E,617,M5A,Apartment,10,Spadina-Fort York
6627971,STR-2509-FZLHPR,181 Sterling Rd,1708,M6R,Condominium,9,Davenport
6627972,STR-2511-GKFHPS,137 Danforth Ave,2,M4K,Apartment,14,Toronto-Danforth
6627973,STR-2511-HBZPPW,1479 O’Connor Dr,2,M4B,Townhouse/ Row House,0,-
6627974,STR-2601-GPVYBT,58 Beverley St,1,M5T,Duplex/Triplex/Fourplex,10,Spadina-Fort York
6627975,STR-2602-FRFLBQ,20 Fennings St,Main,M6J,Townhouse/ Row House,10,Spadina-Fort York
6627976,STR-2009-HWJHBL,243 Seaton St,,M5A,Townhouse/ Row House,13,Toronto Centre
6627977,STR-2009-GLDPBG,350 Ossington Ave,,M6J,Townhouse/ Row House,9,Davenport
6627978,STR-2009-GTKPBH,994 Dundas St W,3,M6J,Single/Semi-detached House,11,University-Rosedale
6627979,STR-2009-HSDPBL,59 Claremont St,,M6J,Duplex/Triplex/Fourplex,10,Spadina-Fort York
6627980,STR-2009-HZKPBM,47 Uxbridge Ave,,M6N,Single/Semi-detached House,9,Davenport
6627981,STR-2009-FFWHBB,9 Highhill Dr,,M1T,Single/Semi-detached House,22,Scarborough-Agincourt
6627982,STR-2009-FPCHBC,235 Seaton St,,M5A,Single/Semi-detached House,13,Toronto Centre
6627983,STR-2009-GVCHBH,31 Irvington Cres,UL RM 1&2,M2N,Single/Semi-detached House,18,Willowdale
6627984,STR-2009-GVSVBH,217 Bathurst St,Unit 3,M5T,Duplex/Triplex/Fourplex,10,Spadina-Fort York
6627985,STR-2009-FHSVBB,96 Caithness Ave,,M4J,Single/Semi-detached House,14,Toronto-Danforth
6627986,STR-2009-GRQHBG,112 George St,1107,M5A,Condominium,13,Toronto Centre
6627987,STR-2009-JDQHBM,155 Yorkville Ave,1816,M5R,Condominium,11,University-Rosedale
6627988,STR-2009-GYFVBH,50 Lotherton Ptwy,815,M6B,Condominium,8,Eglinton-Lawrence
6627989,STR-2009-JFFVBM,270 Cummer Ave,,M2M,Single/Semi-detached House,18,Willowdale
6627990,STR-2009-FKQHBB,14 Bexhill Ave,,M1L,Single/Semi-detached House,20,Scarborough Southwest
6627991,STR-2009-FSWHBC,25 Greensides Ave,,M6G,Single/Semi-detached House,12,Toronto-St. Paul's
6627992,STR-2009-FLFVBB,155 Yorkville Ave,1012,M5R,Condominium,11,University-Rosedale
6627993,STR-2009-GBSVBD,205 Howland Ave,,M5R,Single/Semi-detached House,11,University-Rosedale
6627994,STR-2009-FDQKPB,812 Dovercourt Rd,,M6H,Single/Semi-detached House,9,Davenport
6627995,STR-2009-HBCKPJ,415 Palmerston Blvd,Main Unit,M6G,Duplex/Triplex/Fourplex,11,University-Rosedale
6627996,STR-2009-FMLXPC,92 Wiley Ave,,M4J,Single/Semi-detached House,14,Toronto-Danforth
6627997,STR-2009-FVSXPD,15 Seneca Ave,,M5J,Single/Semi-detached House,10,Spadina-Fort York
6627998,STR-2009-HJYXPK,1126 Brimley Rd,BSMT,M1P,Single/Semi-detached House,21,Scarborough Centre
6627999,STR-2009-HZLXPM,50 Marchmount Rd,,M6G,Single/Semi-detached House,12,Toronto-St. Paul's
6628000,STR-2009-GVCKPH,32 White Birch Rd,,M1N,Single/Semi-detached House,20,Scarborough Southwest
6628001,STR-2009-GGLXPF,48 Dundonald St,,M4Y,Single/Semi-detached House,13,Toronto Centre
6628002,STR-2009-GWYXPH,499 Annette St,,M6P,Single/Semi-detached House,4,Parkdale-High Park
6628003,STR-2009-HFFXPJ,99 Hillside Ave,,M8V,Single/Semi-detached House,3,Etobicoke-Lakeshore
6628004,STR-2009-GXQKPH,159 Drayton Ave,,M4C,Single/Semi-detached House,19,Beaches-East York
6628005,STR-2009-FSFXPC,33 Springbank Ave,,M1N,Single/Semi-detached House,20,Scarborough Southwest
6628006,STR-2009-GQYXPG,27 McManus Rd,,M9P,Single/Semi-detached House,2,Etobicoke Centre
6628007,STR-2009-FSWKPC,44 McGill St,,M5B,Townhouse/ Row House,13,Toronto Centre
6628008,STR-2009-GBCKPD,69 Flamborough Dr,,M6M,Single/Semi-detached House,5,York South-Weston
6628009,STR-2009-GYWKPH,147 Broadview Ave,,M4M,Single/Semi-detached House,14,Toronto-Danforth
6628010,STR-2009-GJYXPF,67 Kildonan Dr,,M1N,Single/Semi-detached House,20,Scarborough Southwest
6628011,STR-2009-HVVDPL,691 Shaw St,,M6G,Single/Semi-detached House,11,University-Rosedale
6628012,STR-2009-HHSXPJ,1240 Bloor St W,2,M6H,Apartment,9,Davenport
6628013,STR-2009-HYFXPL,72 Vauxhall Dr,,M1P,Single/Semi-detached House,21,Scarborough Centre
6628014,STR-2009-GKRRPG,32 Glendale Ave,,M6R,Single/Semi-detached House,4,Parkdale-High Park
6628015,STR-2009-GSXRPH,379 Ontario St,,M5A,Single/Semi-detached House,13,Toronto Centre
6628016,STR-2009-HYXRPM,10 Cromarty Dr,,M9W,Single/Semi-detached House,1,Etobicoke North
6628017,STR-2009-GLHDPG,190 Rankin Cres,,M6P,Single/Semi-detached House,9,Davenport
6628018,STR-2009-GDRRPF,19 Churchill Ave,,M6J,Single/Semi-detached House,9,Davenport
6628019,STR-2009-GLXRPG,249 Shaw St,A,M6J,Townhouse/ Row House,10,Spadina-Fort York
6628020,STR-2009-GVDRPH,108 Denton Ave,,M1L,Single/Semi-detached House,20,Scarborough Southwest
6628021,STR-2009-HCKRPJ,263 Old Weston Rd,,M6N,Single/Semi-detached House,9,Davenport
6628022,STR-2009-GVVDPH,115A Homestead Road,,M1E,Single/Semi-detached House,25,Scarborough-Rouge Park
6628023,STR-2009-FHDRPB,2 Grimthorpe Rd,,M6C,Single/Semi-detached House,12,Toronto-St. Paul's
6628024,STR-2009-FXRRPD,95 Stafford St,,M6J,Townhouse/ Row House,10,Spadina-Fort York
6628025,STR-2009-GPDRPG,31A Dixon Rd,,M9P,Single/Semi-detached House,2,Etobicoke Centre
6628026,STR-2009-HVDRPL,37 Braddock Rd,,M9W,Single/Semi-detached House,1,Etobicoke North
6628027,STR-2009-FHVDPB,158 Hamilton St,,M4M,Single/Semi-detached House,14,Toronto-Danforth
6628028,STR-2009-GGPDPF,36 Maitland St,H04,M4Y,Apartment,13,Toronto Centre
6628029,STR-2009-HMPDPK,80 MacDonell Ave,,M6R,Single/Semi-detached House,4,Parkdale-High Park
6628030,STR-2009-GQKRPG,88 Markham St,,M6J,Townhouse/ Row House,10,Spadina-Fort York
6628031,STR-2009-GXRRPH,3 Edgedale Rd,,M4X,Single/Semi-detached House,13,Toronto Centre
6628032,STR-2009-HPVDPK,246 Jones Ave,,M4M,Single/Semi-detached House,14,Toronto-Danforth
6628033,STR-2009-GRRRPG,16 Cole St,32,M5A,Townhouse/ Row House,13,Toronto Centre
6628034,STR-2009-HXRRPL,69 Durie St,,M6S,Single/Semi-detached House,4,Parkdale-High Park
6628035,STR-2009-JFXRPM,10 Earlscourt Ave,,M6E,Single/Semi-detached House,9,Davenport
6628036,STR-2009-GBVDPD,927 Bathurst St,,M5R,Single/Semi-detached House,11,University-Rosedale
6628037,STR-2009-FVWKPD,8 Batavia Ave,,M6N,Townhouse/ Row House,5,York South-Weston
6628038,STR-2009-GLJKPG,3773 Kingston Rd,,M1J,Townhouse/ Row House,24,Scarborough-Guildwood
6628039,STR-2009-HBWKPJ,1339 Lansdowne Ave,2,M6H,Single/Semi-detached House,9,Davenport
6628040,STR-2009-GDSXPF,19 Candlebrook Cres,,M1W,Single/Semi-detached House,22,Scarborough-Agincourt
6628041,STR-2009-GVFXPH,219 Donlea Dr,,M4G,Single/Semi-detached House,15,Don Valley West
6628042,STR-2009-FGQKPB,84 Pembroke St,2,M5A,Duplex/Triplex/Fourplex,13,Toronto Centre
6628043,STR-2009-FPWKPC,85 Bloor St E,311,M4W,Condominium,11,University-Rosedale
6628044,STR-2009-GMQKPG,155 Yorkville Ave,708,M5R,Condominium,11,University-Rosedale
6628045,STR-2009-GVWKPH,85 Bloor St E,2001,M4W,Condominium,11,University-Rosedale
6628046,STR-2009-HDCKPJ,10 Sulkara Crt,,M4A,Single/Semi-detached House,16,Don Valley East
6628047,STR-2009-JBWKPM,464 Durie St,Lower,M6S,Single/Semi-detached House,4,Parkdale-High Park
6628048,STR-2009-FHFXPB,56 Cumber Ave,,M1E,Single/Semi-detached House,24,Scarborough-Guildwood
6628049,STR-2009-JCLXPM,3112 Dundas St W,2,M6P,Duplex/Triplex/Fourplex,4,Parkdale-High Park
6628050,STR-2009-FRCKPC,48 Hiltz Ave,,M4L,Single/Semi-detached House,14,Toronto-Danforth
6628051,STR-2009-JDCKPM,269 Palmerston Ave,,M6J,Single/Semi-detached House,11,University-Rosedale
6628052,STR-2009-GQLXPG,163 Burnett Ave,,M2N,Single/Semi-detached House,18,Willowdale
6628053,STR-2010-FZQKPD,143 Northover St,,M3L,Single/Semi-detached House,6,York Centre
6628054,STR-2010-FSYXPC,161 Faywood Blvd,BSMT,M3H,Single/Semi-detached House,6,York Centre
6628055,STR-2010-GJLXPF,14 York St,4907,M5J,Condominium,10,Spadina-Fort York
6628056,STR-2010-GSJKPG,96 Mitchell Ave,Basement,M6J,Townhouse/ Row House,10,Spadina-Fort York
6628057,STR-2010-HRVDPL,480 Vaughan Rd,Unit 1,M6C,Duplex/Triplex/Fourplex,12,Toronto-St. Paul's
6628058,STR-2010-GMBDPG,14 York St,812,M5J,Condominium,10,Spadina-Fort York
6628059,STR-2010-HTRRPL,13 Marshall St,,M6K,Townhouse/ Row House,9,Davenport
6628060,STR-2010-GWPDPH,143 Sorauren Ave,1,M6R,Single/Semi-detached House,4,Parkdale-High Park
6628061,STR-2010-HPHDPK,199 Mammoth Hall Trl,,M1B,Single/Semi-detached House,23,Scarborough North
6628062,STR-2010-FKDRPB,34 Columbus Ave,,M6R,Single/Semi-detached House,4,Parkdale-High Park
6628063,STR-2010-HPXRPK,232 Woburn Ave,,M5M,Single/Semi-detached House,8,Eglinton-Lawrence
6628064,STR-2010-HXDRPL,347 Cedarvale Ave,,M4C,Single/Semi-detached House,19,Beaches-East York
6628065,STR-2010-JFKRPM,187 Hullmar Dr,,M3N,Single/Semi-detached House,7,Humber River-Black Creek
6628066,STR-2010-FKVDPB,10 Mountain Ash Crt,Lower level,M9C,Single/Semi-detached House,2,Etobicoke Centre
6628067,STR-2010-HRWKPL,39 Granby St,,M5B,Townhouse/ Row House,13,Toronto Centre
6628068,STR-2010-HHXRPJ,73 Beaconsfield Ave,Lower Level,M6J,Single/Semi-detached House,9,Davenport
6628069,STR-2010-GTSXPH,105 Oakridge Dr,,M1M,Single/Semi-detached House,20,Scarborough Southwest
6628070,STR-2010-GMCKPG,13 Stephenson Ave,,M4C,Single/Semi-detached House,19,Beaches-East York
6628071,STR-2010-HKWKPK,2388 St Clair Ave W,,M6N,Single/Semi-detached House,5,York South-Weston
6628072,STR-2010-JBJKPM,140 Woodbine Ave,,M4L,Single/Semi-detached House,19,Beaches-East York
6628073,STR-2010-FXFXPD,6 Springbank Ave,,M1N,Single/Semi-detached House,20,Scarborough Southwest
6628074,STR-2010-HLLXPK,492 Ontario St,,M4X,Townhouse/ Row House,13,Toronto Centre
6628075,STR-2010-GGCKPF,31 Tracy St,,M5A,Single/Semi-detached House,13,Toronto Centre
6628076,STR-2010-FJQKPB,14 York St,4811,M5J,Condominium,10,Spadina-Fort York
6628077,STR-2010-HGCKPJ,57 Gloucester St,,M4Y,Townhouse/ Row House,13,Toronto Centre
6628078,STR-2010-HWQKPL,531 St Clarens Ave,,M6H,Single/Semi-detached House,9,Davenport
6628079,STR-2010-GKFXPF,91B Claremont St,,M6J,Single/Semi-detached House,10,Spadina-Fort York
6628080,STR-2010-GZSXPH,919 Palmerston Ave,,M6G,Single/Semi-detached House,11,University-Rosedale
6628081,STR-2010-HHYXPJ,45 Cambridge Ave,,M4K,Single/Semi-detached House,14,Toronto-Danforth
6628082,STR-2010-HRFXPK,37 Dixon Ave,,M4L,Single/Semi-detached House,19,Beaches-East York
6628083,STR-2010-FVKRPD,654 Adelaide St W,,M6J,Single/Semi-detached House,10,Spadina-Fort York
6628084,STR-2010-GKXRPG,69 Harlow Cres,Main Floor,M9V,Single/Semi-detached House,1,Etobicoke North
6628085,STR-2010-HRXRPL,55 Bremner Blvd,2409,M5J,Condominium,10,Spadina-Fort York
6628086,STR-2010-FFPDPB,145 Kitchener Ave,,M6E,Single/Semi-detached House,9,Davenport
6628087,STR-2010-GLPDPG,55 Bremner Blvd,1609,M5J,Condominium,10,Spadina-Fort York
6628088,STR-2010-HZVDPM,75 Normandy Blvd,,M4L,Single/Semi-detached House,19,Beaches-East York
6628089,STR-2010-GMDRPG,29 Golden Ave,,M6R,Single/Semi-detached House,4,Parkdale-High Park
6628090,STR-2010-FQBDPC,1 Hubbard Blvd,,M4E,Single/Semi-detached House,19,Beaches-East York
6628091,STR-2010-HDHDPJ,66 Brookfield St,,M6J,Townhouse/ Row House,10,Spadina-Fort York
6628092,STR-2010-FHKRPB,128 Fairholme Ave,,M6B,Single/Semi-detached House,8,Eglinton-Lawrence
6628093,STR-2010-FYPDPD,18 Yonge St,1204,M5E,Condominium,10,Spadina-Fort York
6628094,STR-2010-GGVDPF,65 Bremner Blvd,4109,M5J,Condominium,10,Spadina-Fort York
6628095,STR-2010-HFPDPJ,65 Bremner Blvd,4911,M5J,Condominium,10,Spadina-Fort York
6628096,STR-2010-FSPDPC,32 Gordon Rd,,M2P,Single/Semi-detached House,15,Don Valley West
6628097,STR-2010-GJBDPF,11 Lothian Ave,,M8Z,Single/Semi-detached House,3,Etobicoke-Lakeshore
6628098,STR-2010-HQBDPK,133 Alberta Ave,,M6H,Single/Semi-detached House,9,Davenport
6628099,STR-2010-JFPDPM,399 Perth Ave,,M6P,Townhouse/ Row House,9,Davenport
6628100,STR-2010-GJRRPF,204 Kenilworth Ave,1,M4L,Duplex/Triplex/Fourplex,19,Beaches-East York
6628101,STR-2010-HHKRPJ,646 College St,3,M6G,Apartment,11,University-Rosedale
6628102,STR-2010-HRHDPK,155 Yorkville Ave,2117,M5R,Condominium,11,University-Rosedale
6628103,STR-2010-HYPDPL,123 Woodbine Ave,217,M4L,Condominium,19,Beaches-East York
6628104,STR-2010-HZFXPM,145 Chiltern Hill Rd,,M6C,Single/Semi-detached House,12,Toronto-St. Paul's
6628105,STR-2010-FFQKPB,123 Lindsey Ave,,M6H,Single/Semi-detached House,9,Davenport
6628106,STR-2010-GLQKPG,712 Rhodes Ave,,M4J,Single/Semi-detached House,14,Toronto-Danforth
6628107,STR-2010-HCCKPJ,425 Church St,3,M4Y,Apartment,13,Toronto Centre
6628108,STR-2010-GVLXPH,141 Boston Ave,,M4M,Single/Semi-detached House,14,Toronto-Danforth
6628109,STR-2010-HKYXPK,89 Dunfield Ave,3502,M4S,Condominium,12,Toronto-St. Paul's
6628110,STR-2010-GWCKPH,249 Seaton St,,M5A,Single/Semi-detached House,13,Toronto Centre
6628111,STR-2010-HFQKPJ,12 York St,2502,M5J,Condominium,10,Spadina-Fort York
6628112,STR-2010-HGFXPJ,100 Langford Ave,,M4J,Single/Semi-detached House,14,Toronto-Danforth
6628113,STR-2010-HPLXPK,2418 Queen St E,,M1N,Townhouse/ Row House,20,Scarborough Southwest
6628114,STR-2010-JDYXPM,560 Front St W,608,M5V,Condominium,10,Spadina-Fort York
6628115,STR-2010-FSQKPC,217 Beverley St,4,M5T,Duplex/Triplex/Fourplex,11,University-Rosedale
6628116,STR-2010-HGWKPJ,14 Sydenham St,,M5A,Townhouse/ Row House,13,Toronto Centre
6628117,STR-2010-HYQKPL,101 Peter St,902,M5V,Condominium,10,Spadina-Fort York
6628118,STR-2010-GTHDPH,571 Ontario St,,M4X,Single/Semi-detached House,13,Toronto Centre
6628119,STR-2010-FMXRPC,486 Shaw St,,M6G,Townhouse/ Row House,11,University-Rosedale
6628120,STR-2010-GLRRPG,36 Castle Frank Rd,309,M4W,Apartment,11,University-Rosedale
6628121,STR-2010-FGHDPB,265 Brock Ave,lower level,M6K,Single/Semi-detached House,9,Davenport
6628122,STR-2010-JCDRPM,62 Augusta Ave,1,M5T,Duplex/Triplex/Fourplex,10,Spadina-Fort York
6628123,STR-2010-GXKRPH,510 St Clarens Ave,,M6H,Apartment,9,Davenport
6628124,STR-2010-HPPDPK,308 Broadway Ave,,M4P,Single/Semi-detached House,15,Don Valley West
6628125,STR-2010-JFBDPM,703 Richmond St W,,M6J,Single/Semi-detached House,10,Spadina-Fort York
6628126,STR-2010-FWFXPD,481 Rathburn Rd,Upper,M9C,Single/Semi-detached House,2,Etobicoke Centre
6628127,STR-2010-HSSXPL,29 Evans Ave,bsmnt,M6S,Apartment,4,Parkdale-High Park
6628128,STR-2010-GFCKPF,28 Griggsden Ave,,M9P,Single/Semi-detached House,2,Etobicoke Centre
6628129,STR-2010-FGYXPB,18 Carey Rd,,M4S,Single/Semi-detached House,12,Toronto-St. Paul's
6628130,STR-2010-GPQKPG,526 Clinton St,,M6G,Single/Semi-detached House,11,University-Rosedale
6628131,STR-2010-HMYXPK,234 Church St,,M9N,Single/Semi-detached House,5,York South-Weston
6628132,STR-2010-GHQKPF,22 Avis Cres,,M4B,Single/Semi-detached House,19,Beaches-East York
6628133,STR-2010-HGJKPJ,27 Hay Ave,,M8Z,Single/Semi-detached House,3,Etobicoke-Lakeshore
6628134,STR-2010-HGYXPJ,12 York St,4405,M5J,Condominium,10,Spadina-Fort York
6628135,STR-2010-FTJKPC,35 Lockwood Rd,,M4L,Single/Semi-detached House,19,Beaches-East York
6628136,STR-2010-FDPDVB,65 Maughan Cres,,M4L,Single/Semi-detached House,19,Beaches-East York
6628137,STR-2010-GKPDVG,60 Douro St,252,M6K,Townhouse/ Row House,10,Spadina-Fort York
6628138,STR-2010-HJXRVK,89 Superior Ave,,M8V,Single/Semi-detached House,3,Etobicoke-Lakeshore
6628139,STR-2010-GDPDVF,38 Lippincott St,,M5T,Townhouse/ Row House,11,University-Rosedale
6628140,STR-2010-GMKRVG,59 Threadneedle Cres,,M2H,Single/Semi-detached House,17,Don Valley North
6628141,STR-2010-HCXRVJ,1228 Gerrard St E,,M4L,Single/Semi-detached House,14,Toronto-Danforth
6628142,STR-2010-HDPDVJ,16 Connaught Ave,,M4L,Single/Semi-detached House,14,Toronto-Danforth
6628143,STR-2010-HVRRVL,95 Coleridge Ave,,M4C,Single/Semi-detached House,19,Beaches-East York
6628144,STR-2010-FZKRVD,85 Bloor St E,307,M4W,Condominium,11,University-Rosedale
6628145,STR-2010-GYDRVH,30 Shore Breeze Dr,338,M8V,Condominium,3,Etobicoke-Lakeshore
6628146,STR-2010-HPRRVK,55 Paradelle Cres,2,M3N,Single/Semi-detached House,7,Humber River-Black Creek
6628147,STR-2010-GRPDVG,12 York St,2005,M5J,Condominium,10,Spadina-Fort York
6628148,STR-2010-JFVDVM,51 Homewood Ave,4,M4Y,Duplex/Triplex/Fourplex,13,Toronto Centre
6628149,STR-2010-FLDRVB,14 York St,1007,M5J,Condominium,10,Spadina-Fort York
6628150,STR-2010-JGKRVM,46 Rippleton Rd,,M3B,Single/Semi-detached House,15,Don Valley West
6628151,STR-2010-FDQKVB,300 Front St W,903,M5V,Condominium,10,Spadina-Fort York
6628152,STR-2010-FLWKVC,29 Waverley Rd,,M4L,Single/Semi-detached House,19,Beaches-East York
6628153,STR-2010-FVCKVD,91 Malvern Ave,,M4E,Single/Semi-detached House,19,Beaches-East York
6628154,STR-2010-FFFXVB,208 Queens Quay W,2609,M5J,Condominium,10,Spadina-Fort York
6628155,STR-2010-FMLXVC,321 Windermere Ave,,M6S,Single/Semi-detached House,4,Parkdale-High Park
6628156,STR-2010-GLFXVG,1029 King St W,641,M6K,Condominium,10,Spadina-Fort York
6628157,STR-2010-GTLXVH,148 Gore Vale Ave,Main Floor,M6J,Single/Semi-detached House,10,Spadina-Fort York
6628158,STR-2011-FWJKVD,40 Nursewood Rd,,M4E,Single/Semi-detached House,19,Beaches-East York
6628159,STR-2011-GLWKVG,307 Beresford Ave,,M6S,Single/Semi-detached House,4,Parkdale-High Park
6628160,STR-2011-GVCKVH,14 York St,3907,M5J,Condominium,10,Spadina-Fort York
6628161,STR-2011-HKQKVK,58 Park Home Ave,1,M2N,Single/Semi-detached House,18,Willowdale
6628162,STR-2011-HLHDVK,105 Isabella St,601,M4Y,Apartment,13,Toronto Centre
6628163,STR-2011-JCYXVM,31 Fern Ave,,M6R,Single/Semi-detached House,4,Parkdale-High Park
6628164,STR-2011-FRQKVC,12 York St,810,M5J,Condominium,10,Spadina-Fort York
6628165,STR-2011-GHSXVF,12 Blue Forest Dr,,M3H,Single/Semi-detached House,6,York Centre
6628166,STR-2011-HPSXVK,12 York St,4905,M5J,Condominium,10,Spadina-Fort York
6628167,STR-2011-JFFXVM,14 York St,3107,M5J,Condominium,10,Spadina-Fort York
6628168,STR-2011-HHCKVJ,151 Rushton Rd,,M6G,Single/Semi-detached House,12,Toronto-St. Paul's
6628169,STR-2011-HHSXVJ,280 Windermere Ave,,M6S,Single/Semi-detached House,4,Parkdale-High Park
6628170,STR-2011-HYFXVL,210 Victoria St,4013,M5B,Condominium,13,Toronto Centre
6628171,STR-2011-HCKRVJ,25 Fermanagh Ave,,M6R,Townhouse/ Row House,4,Parkdale-High Park
6628172,STR-2011-GFHDVF,14 York St,3008,M5J,Condominium,10,Spadina-Fort York
6628173,STR-2011-HTPDVL,79 O'Hara Ave,Front,M6K,Duplex/Triplex/Fourplex,4,Parkdale-High Park
6628174,STR-2011-GFXRVF,110A Edgewood Ave,,M4L,Single/Semi-detached House,19,Beaches-East York
6628175,STR-2011-GWKRVH,36 Fermanagh Ave,,M6R,Single/Semi-detached House,4,Parkdale-High Park
6628176,STR-2011-GXBDVH,14 York St,5204,M5J,Condominium,10,Spadina-Fort York
6628177,STR-2011-HMPDVK,1013 Bathurst St,,M5R,Single/Semi-detached House,11,University-Rosedale
6628178,STR-2011-HVVDVL,685 Euclid Ave,Basement,M6G,Single/Semi-detached House,11,University-Rosedale
6628179,STR-2011-FRRRVC,41 Shannon St,,M6J,Townhouse/ Row House,9,Davenport
6628180,STR-2011-FZPDVD,82 Osler St,,M6P,Townhouse/ Row House,9,Davenport
6628181,STR-2011-JFHDVM,27 Florist Lane,,M1E,Townhouse/ Row House,24,Scarborough-Guildwood
6628182,STR-2011-FSXRVC,296 Maria St,,M6P,Single/Semi-detached House,4,Parkdale-High Park
6628183,STR-2011-GYXRVH,42 Rusholme Rd,,M6J,Single/Semi-detached House,9,Davenport
6628184,STR-2011-HHDRVJ,214 Lynedock Cres,B,M3A,Single/Semi-detached House,16,Don Valley East
6628185,STR-2011-HQKRVK,14 York St,705,M5J,Condominium,10,Spadina-Fort York
6628186,STR-2011-FDSXVB,121 Morse St,,M4M,Single/Semi-detached House,14,Toronto-Danforth
6628187,STR-2011-GCLXVF,317 Sunnyside Ave,,M6R,Single/Semi-detached House,4,Parkdale-High Park
6628188,STR-2011-FFJKVB,515 Pape Ave,,M4K,Single/Semi-detached House,14,Toronto-Danforth
6628189,STR-2011-GTQKVH,85 Moberly Ave,,M4C,Single/Semi-detached House,19,Beaches-East York
6628190,STR-2011-HZQKVM,10 Navy Wharf Crt,3106,M5V,Condominium,10,Spadina-Fort York
6628191,STR-2011-GVWKVH,21 Iceboat Ter,4701,M5V,Condominium,10,Spadina-Fort York
6628192,STR-2011-FQLXVC,12 York St,5201,M5J,Condominium,10,Spadina-Fort York
6628193,STR-2011-FXSXVD,14 York St,3010,M5J,Condominium,10,Spadina-Fort York
6628194,STR-2011-HVFXVL,436 Euclid Ave,,M6G,Single/Semi-detached House,11,University-Rosedale
6628195,STR-2011-FJLXVB,300 Front St W,4106,M5V,Condominium,10,Spadina-Fort York
6628196,STR-2011-FKSXVB,64 Pinemore Cres,,M3A,Single/Semi-detached House,16,Don Valley East
6628197,STR-2011-HHFXVJ,120 Homewood Ave,3303,M4Y,Condominium,13,Toronto Centre
6628198,STR-2011-JFYXVM,786 Dovercourt Rd,,M6H,Single/Semi-detached House,9,Davenport
6628199,STR-2011-HHWKVJ,6 Kings Park Blvd,,M4J,Single/Semi-detached House,14,Toronto-Danforth
6628200,STR-2011-HRVDVL,107 Walnut Ave,,M5V,Single/Semi-detached House,10,Spadina-Fort York
6628201,STR-2011-HZRRVM,312 Roxton Rd,,M6G,Single/Semi-detached House,11,University-Rosedale
6628202,STR-2011-FGRRVB,300 Front St W,606,M5V,Condominium,10,Spadina-Fort York
6628203,STR-2011-GMRRVG,300 Front St W,1806,M5V,Condominium,10,Spadina-Fort York
6628204,STR-2011-GGBDVF,83 Niagara St,,M5V,Townhouse/ Row House,10,Spadina-Fort York
6628205,STR-2011-FHXRVB,556 Delaware Ave N,,M6H,Single/Semi-detached House,9,Davenport
6628206,STR-2011-GGRRVF,95 Tamworth Rd,1,M2N,Single/Semi-detached House,18,Willowdale
6628207,STR-2011-JDVDVM,92 Indian Grv,,M6R,Single/Semi-detached House,4,Parkdale-High Park
6628208,STR-2011-GSKRVG,40 Hawthorne Rd,,M9R,Single/Semi-detached House,2,Etobicoke Centre
6628209,STR-2011-FGSXVB,14 Alder Rd,,M4B,Single/Semi-detached House,19,Beaches-East York
6628210,STR-2011-GPYXVG,50 Martindale Rd,,M1M,Single/Semi-detached House,20,Scarborough Southwest
6628211,STR-2011-JFLXVM,12 York St,5007,M5J,Condominium,10,Spadina-Fort York
6628212,STR-2011-HHJKVJ,21 Iceboat Ter,3910,M5V,Condominium,10,Spadina-Fort York
6628213,STR-2011-GSLXVG,12 Ponymeadow Ter,,M1C,Single/Semi-detached House,25,Scarborough-Rouge Park
6628214,STR-2011-JGSXVM,32 Aberdeen Ave,,M4X,Single/Semi-detached House,13,Toronto Centre
6628215,STR-2011-HSPDVL,101 Peter St,3908,M5V,Condominium,10,Spadina-Fort York
6628216,STR-2011-HCRRVJ,8 Newmains Crt,,M1C,Single/Semi-detached House,25,Scarborough-Rouge Park
6628217,STR-2011-FGVDVB,65 Bremner Blvd,3005,M5J,Condominium,10,Spadina-Fort York
6628218,STR-2011-HTVDVL,215 Fort York Blvd,2407,M5V,Condominium,10,Spadina-Fort York
6628219,STR-2011-HMDRVK,218 Weston Rd,,M6N,Single/Semi-detached House,5,York South-Weston
6628220,STR-2011-JCRRVM,11 Ashby Pl,,M5A,Townhouse/ Row House,13,Toronto Centre
6628221,STR-2011-FYPDVD,27 Brock Ave,206,M6K,Condominium,4,Parkdale-High Park
6628222,STR-2011-GQBDVG,155 Yorkville Ave,2001,M5R,Condominium,11,University-Rosedale
6628223,STR-2011-FZDRVD,26 Stag Hill Dr,bsmt unit,M4B,Single/Semi-detached House,19,Beaches-East York
6628224,STR-2011-FSPDVC,12 York St,4303,M5J,Condominium,10,Spadina-Fort York
6628225,STR-2011-HQBDVK,58 Orchard View Blvd,TH07,M4R,Condominium,8,Eglinton-Lawrence
6628226,STR-2011-FKXRVB,87 Pintail Cres,,M3A,Single/Semi-detached House,16,Don Valley East
6628227,STR-2011-GRXRVG,52 Briar Hill Ave,,M4R,Single/Semi-detached House,8,Eglinton-Lawrence
6628228,STR-2011-HHKRVJ,28 Mayland Ave,,M9C,Single/Semi-detached House,2,Etobicoke Centre
6628229,STR-2012-GTFXVH,22 Oxford St,,M5T,Single/Semi-detached House,11,University-Rosedale
6628230,STR-2012-FFQKVB,96 Aldwych Ave,,M4J,Single/Semi-detached House,14,Toronto-Danforth
6628231,STR-2012-GMFXVG,210 Victoria St,3006,M5B,Condominium,13,Toronto Centre
6628232,STR-2012-HKYXVK,6 Thyra Ave,Upper Unit,M4C,Duplex/Triplex/Fourplex,19,Beaches-East York
6628233,STR-2012-FXYXVD,151 Dan Leckie Way,1711,M5V,Condominium,10,Spadina-Fort York
6628234,STR-2012-HVLXVL,300 Front St W,2106,M5V,Condominium,10,Spadina-Fort York
6628235,STR-2012-FJSXVB,10 Capreol Crt,512,M5V,Condominium,10,Spadina-Fort York
6628236,STR-2012-FRYXVC,13 Berkshire Ave,,M4M,Single/Semi-detached House,14,Toronto-Danforth
6628237,STR-2012-HWSXVL,29 Mechanic Ave,,M6K,Single/Semi-detached House,9,Davenport
6628238,STR-2012-FSQKVC,101 Peter St,912,M5V,Condominium,10,Spadina-Fort York
6628239,STR-2012-GBLXVD,21 Iceboat Ter,632,M5V,Condominium,10,Spadina-Fort York
6628240,STR-2012-HBPDVJ,140 Spruce St,,M5A,Townhouse/ Row House,13,Toronto Centre
6628241,STR-2012-JBRVHM,11 Mitchell Ave,,M6J,Townhouse/ Row House,10,Spadina-Fort York
6628242,STR-2012-HZHDVM,7 Norfolk St,,M6K,Single/Semi-detached House,9,Davenport
6628243,STR-2012-FFRRVB,20 Rivercrest Rd,,M6S,Single/Semi-detached House,4,Parkdale-High Park
6628244,STR-2012-FWDRVD,8 Charlotte St,2706,M5V,Condominium,10,Spadina-Fort York
6628245,STR-2012-GDKRVF,11 Beresford Ave,,M6S,Single/Semi-detached House,4,Parkdale-High Park
6628246,STR-2012-GLRRVG,10 Beresford Ave,,M6S,Single/Semi-detached House,4,Parkdale-High Park
6628247,STR-2012-GFBDVF,49 Oakcrest Ave,,M4C,Single/Semi-detached House,19,Beaches-East York
6628248,STR-2012-HFBDVJ,14 York St,3706,M5J,Condominium,10,Spadina-Fort York
6628249,STR-2012-JDKRVM,63 Innes Ave,,M6E,Single/Semi-detached House,9,Davenport
6628250,STR-2012-FJVDVB,250 Wellington St W,1233,M5V,Condominium,10,Spadina-Fort York
6628251,STR-2012-GQVDVG,2 Waringstown Dr,,M1R,Single/Semi-detached House,21,Scarborough Centre
6628252,STR-2012-HPPDVK,101 Peter St,3202,M5V,Condominium,10,Spadina-Fort York
6628253,STR-2012-FZXRVD,518 Balliol St,,M4S,Single/Semi-detached House,15,Don Valley West
6628254,STR-2012-GBTBHD,105 Pauline Ave,,M6H,Single/Semi-detached House,9,Davenport
6628255,STR-2012-FTHDVC,219 Fort York Blvd,2104,M5V,Condominium,10,Spadina-Fort York
6628256,STR-2012-HQVDVK,81 Mulock Ave,,M6N,Single/Semi-detached House,5,York South-Weston
6628257,STR-2012-GSRRVG,37 EARL ST,,M4Y,Townhouse/ Row House,13,Toronto Centre
6628258,STR-2012-FFSXVB,151 Dan Leckie Way,1036,M5V,Condominium,10,Spadina-Fort York
6628259,STR-2012-HCFXVJ,92 Blackwater Cres,,M1B,Single/Semi-detached House,25,Scarborough-Rouge Park
6628260,STR-2012-HSSXVL,11 Pintail Cres,,M3A,Single/Semi-detached House,16,Don Valley East
6628261,STR-2012-FPQKVC,78 Highcroft Rd,,M4L,Single/Semi-detached House,19,Beaches-East York
6628262,STR-2012-HLCKVK,23 Sproat Ave,,M4M,Single/Semi-detached House,14,Toronto-Danforth
6628263,STR-2012-FYCKVD,12 York St,1211,M5J,Condominium,10,Spadina-Fort York
6628264,STR-2012-HMJKVK,322 St George St,3,M5R,Duplex/Triplex/Fourplex,11,University-Rosedale
6628265,STR-2012-GQFXVG,71 Eaton Ave,,M4J,Single/Semi-detached House,14,Toronto-Danforth
6628266,STR-2012-HFSXVJ,95 Bathurst St,225,M5V,Condominium,10,Spadina-Fort York
6628267,STR-2012-GHQKVF,231 Fort York Blvd,716,M5V,Condominium,10,Spadina-Fort York
6628268,STR-2012-GYSXVH,151 Dan Leckie Way,1509,M5V,Condominium,10,Spadina-Fort York
6628269,STR-2012-GKLXVF,313 Murray Ross Pkwy,,M3J,Single/Semi-detached House,7,Humber River-Black Creek
6628270,STR-2012-GZYXVH,477 Richmond St W,910,M5V,Condominium,10,Spadina-Fort York
6628271,STR-2012-HJFXVJ,239 Lauder Ave,,M6E,Single/Semi-detached House,9,Davenport
6628272,STR-2012-GKPHHG,105 George St,808,M5A,Condominium,13,Toronto Centre
6628273,STR-2012-HJXVHK,12 York St,3309,M5J,Condominium,10,Spadina-Fort York
6628274,STR-2012-FPBHHC,8 Wellesley St E,307,M4Y,Condominium,13,Toronto Centre
6628275,STR-2012-GVBHHH,955 Bay St,3803,M5S,Condominium,13,Toronto Centre
6628276,STR-2012-JBBHHM,204 Rusholme Rd,,M6H,Single/Semi-detached House,9,Davenport
6628277,STR-2012-HTKVHL,37 Fairlawn Ave,B,M5M,Single/Semi-detached House,8,Eglinton-Lawrence
6628278,STR-2012-HVBHHL,2 Kingsdown Dr,,M1K,Single/Semi-detached House,21,Scarborough Centre
6628279,STR-2012-GPRVHG,209 Fort York Blvd,355,M5V,Condominium,10,Spadina-Fort York
6628280,STR-2012-GWXVHH,75 Cowan Ave,,M6K,Single/Semi-detached House,4,Parkdale-High Park
6628281,STR-2012-JCXVHM,259 Glebemount Ave,,M4C,Single/Semi-detached House,19,Beaches-East York
6628282,STR-2012-GHBHHF,560 Front St W,528,M5V,Condominium,10,Spadina-Fort York
6628283,STR-2012-GQHHHG,25 Berkham Rd,,M1H,Single/Semi-detached House,24,Scarborough-Guildwood
6628284,STR-2012-HWHHHL,345 St John's Rd,,M6S,Single/Semi-detached House,4,Parkdale-High Park
6628285,STR-2012-HPRVHK,116 James Park Sq,,M1V,Single/Semi-detached House,23,Scarborough North
6628286,STR-2012-FSVHHC,15 Mozart Ave,,M1K,Single/Semi-detached House,21,Scarborough Centre
6628287,STR-2012-GJHHHF,305 Booth Ave,,M4M,Single/Semi-detached House,14,Toronto-Danforth
6628288,STR-2012-HQHHHK,12 York St,1607,M5J,Condominium,10,Spadina-Fort York
6628289,STR-2012-FLDVHB,116 Sumach St,Main,M5A,Townhouse/ Row House,13,Toronto Centre
6628290,STR-2012-HHRVHJ,188 Albertus Ave,,M4R,Single/Semi-detached House,8,Eglinton-Lawrence
6628291,STR-2012-HQXVHK,209 Ontario St,Unit B,M5A,Duplex/Triplex/Fourplex,13,Toronto Centre
6628292,STR-2012-GLGBHG,28 Dewitt Rd,,M9B,Single/Semi-detached House,2,Etobicoke Centre
6628293,STR-2012-GMMBHG,37 Indian Rd,,M6R,Single/Semi-detached House,4,Parkdale-High Park
6628294,STR-2012-FQJPHC,34 Magwood Crt,,M6S,Single/Semi-detached House,4,Parkdale-High Park
6628295,STR-2012-HDQPHJ,140 Simcoe St,512,M5H,Condominium,10,Spadina-Fort York
6628296,STR-2012-JCJPHM,228 Lisgar St,,M6J,Single/Semi-detached House,9,Davenport
6628297,STR-2012-FYGBHD,300 Front St W,2706,M5V,Condominium,10,Spadina-Fort York
6628298,STR-2012-FKBHHB,742 Gerrard St E,,M4M,Single/Semi-detached House,14,Toronto-Danforth
6628299,STR-2012-HYXVHM,202 Kenilworth Ave,,M4L,Duplex/Triplex/Fourplex,19,Beaches-East York
6628300,STR-2012-HTPHHL,55 Bremner Blvd,3103,M5J,Condominium,10,Spadina-Fort York
6628301,STR-2012-HVDVHL,188 Scarborough Rd,,M4E,Single/Semi-detached House,19,Beaches-East York
6628302,STR-2012-GPVHHG,300 Front St W,2509,M5V,Condominium,10,Spadina-Fort York
6628303,STR-2012-HMPHHK,42 Bright St,,M5A,Townhouse/ Row House,13,Toronto Centre
6628304,STR-2012-HWKVHL,20 John St,624,M5V,Condominium,10,Spadina-Fort York
6628305,STR-2012-HPVHHK,199 Ontario St,,M5A,Single/Semi-detached House,13,Toronto Centre
6628306,STR-2012-FKRVHB,3 Fenwick Ave,,M4K,Single/Semi-detached House,14,Toronto-Danforth
6628307,STR-2012-GKTBHG,13 Trefann St,,M5A,Townhouse/ Row House,13,Toronto Centre
6628308,STR-2012-GLJPHG,278 Prince Edward Dr S,,M8Y,Single/Semi-detached House,3,Etobicoke-Lakeshore
6628309,STR-2012-FXCPHD,151 Dan Leckie Way,940,M5V,Condominium,10,Spadina-Fort York
6628310,STR-2012-GVWPHH,300 Front St W,3205,M5V,Condominium,10,Spadina-Fort York
6628311,STR-2012-HTQPHL,55 Bremner Blvd,1203,M5J,Condominium,10,Spadina-Fort York
6628312,STR-2012-FHWPHB,12 Waterbridge Way,,M1C,Single/Semi-detached House,25,Scarborough-Rouge Park
6628313,STR-2012-HFJPHJ,3 Pembroke St,5,M5A,Townhouse/ Row House,13,Toronto Centre
6628314,STR-2012-HVWPHL,35 Montgomery Ave,,M4R,Single/Semi-detached House,8,Eglinton-Lawrence
6628315,STR-2012-GJMBHF,78 Harrison Garden Blvd,1804,M2N,Condominium,18,Willowdale
6628316,STR-2012-HHGBHJ,30 Shannon St,,M6J,Single/Semi-detached House,9,Davenport
6628317,STR-2012-HYJPHL,33 Mystic Ave,,M1L,Single/Semi-detached House,20,Scarborough Southwest
6628318,STR-2012-GDVHHF,98 Lillian St,1720,M4S,Condominium,12,Toronto-St. Paul's
6628319,STR-2012-GYKVHH,139 Golfview Ave,,M4E,Single/Semi-detached House,19,Beaches-East York
6628320,STR-2012-HHHHHJ,209 Indian Road Cres,,M6P,Single/Semi-detached House,4,Parkdale-High Park
6628321,STR-2012-HHXVHJ,67 Chester Ave,,M4K,Single/Semi-detached House,14,Toronto-Danforth
6628322,STR-2012-HRWPHL,17 Pembroke St,40,M5A,Townhouse/ Row House,13,Toronto Centre
6628323,STR-2012-FWQPHD,162 Cabana Dr,,M9L,Single/Semi-detached House,7,Humber River-Black Creek
6628324,STR-2012-GMCPHG,317 Salem Ave,,M6H,Single/Semi-detached House,9,Davenport
6628325,STR-2012-FHJPHB,39 Miller St,,M6N,Single/Semi-detached House,9,Davenport
6628326,STR-2012-HMTBHK,14 Stamford Sq N,Main Floor,M1L,Single/Semi-detached House,20,Scarborough Southwest
6628327,STR-2012-JDGBHM,65 Jefferson Ave,303,M6K,Apartment,10,Spadina-Fort York
6628328,STR-2012-FJQPHB,310 Beresford Ave,,M6S,Single/Semi-detached House,4,Parkdale-High Park
6628329,STR-2012-HGCPHJ,345 Clinton St,,M6G,Single/Semi-detached House,11,University-Rosedale
6628330,STR-2012-JDWPHM,521 Jones Ave,Basement,M4J,Apartment,14,Toronto-Danforth
6628331,STR-2012-FKGBHB,521 Jones Ave,Main,M4J,Single/Semi-detached House,14,Toronto-Danforth
6628332,STR-2012-GHZBHF,457 Shuter St,,M5A,Townhouse/ Row House,13,Toronto Centre
6628333,STR-2012-GRWPHG,112 George St,201,M5A,Condominium,13,Toronto Centre
6628334,STR-2012-HQQPHK,114 Beverley St,Upper,M5T,Single/Semi-detached House,10,Spadina-Fort York
6628335,STR-2012-HHZBHJ,20 John St,922,M5V,Condominium,10,Spadina-Fort York
6628336,STR-2012-GTVHHH,93 Glenholme Ave,Unit 1,M6H,Duplex/Triplex/Fourplex,9,Davenport
6628337,STR-2012-FXHHHD,169 Randolph Rd,,M4G,Single/Semi-detached House,15,Don Valley West
6628338,STR-2012-FXXVHD,42 Lester Ave,,M6M,Single/Semi-detached House,5,York South-Weston
6628339,STR-2012-HMVHHK,153 Marlborough Pl,,M5R,Duplex/Triplex/Fourplex,11,University-Rosedale
6628340,STR-2012-GBKVHD,72 Riverdale Ave,Main,M4K,Single/Semi-detached House,14,Toronto-Danforth
6628341,STR-2012-HHKVHJ,156 Sorauren Ave,North entrance,M6R,Single/Semi-detached House,4,Parkdale-High Park
6628342,STR-2012-FVMBHD,14 York St,2101,M5J,Condominium,10,Spadina-Fort York
6628343,STR-2012-GKZBHG,205 Dovercourt Rd,,M6J,Townhouse/ Row House,10,Spadina-Fort York
6628344,STR-2012-HZWPHM,71 Ashbourne Dr,,M9B,Single/Semi-detached House,2,Etobicoke Centre
6628345,STR-2012-FWTBHD,72 Henry St,,M5T,Single/Semi-detached House,11,University-Rosedale
6628346,STR-2012-HCTBHJ,14 York St,907,M5J,Condominium,10,Spadina-Fort York
6628347,STR-2012-HTGBHL,389 King St W,2,M5V,Apartment,10,Spadina-Fort York
6628348,STR-2012-FQCPHC,500 Annette St,,M6P,Single/Semi-detached House,4,Parkdale-High Park
6628349,STR-2012-FJCPHB,363 Concord Ave,,M6H,Single/Semi-detached House,9,Davenport
6628350,STR-2012-FRZBHC,500 Doris Ave,2522,M2N,Condominium,18,Willowdale
6628351,STR-2012-FZWPHD,150 Yarmouth Rd,,M6G,Single/Semi-detached House,11,University-Rosedale
6628352,STR-2012-FTGBHC,165 Atlas Ave,Upper,M6C,Single/Semi-detached House,12,Toronto-St. Paul's
6628353,STR-2012-GRZBHG,60 Woodbine Ave,,M4L,Townhouse/ Row House,19,Beaches-East York
6628354,STR-2012-FVPHHD,101 Gladstone Ave,2,M6J,Single/Semi-detached House,9,Davenport
6628355,STR-2012-HBPHHJ,9 Bralorne Cres,,M6S,Single/Semi-detached House,4,Parkdale-High Park
6628356,STR-2012-FMXVHC,30 Nelson St,907,M5V,Condominium,10,Spadina-Fort York
6628357,STR-2012-HZXVHM,56 Touraine Ave,BSMNT,M3H,Single/Semi-detached House,6,York Centre
6628358,STR-2012-GVPHHH,2 Bellevue Ave,,M5T,Single/Semi-detached House,11,University-Rosedale
6628359,STR-2012-HDKVHJ,537 Palmerston Blvd,1,M6G,Duplex/Triplex/Fourplex,11,University-Rosedale
6628360,STR-2012-HTXVHL,2582 Keele St,BSMT,M6L,Single/Semi-detached House,5,York South-Weston
6628361,STR-2012-FZXVHD,38 Western Battery Rd,618,M6K,Townhouse/ Row House,10,Spadina-Fort York
6628362,STR-2101-FFTBHB,872 Sheppard Ave W,203,M3H,Condominium,6,York Centre
6628363,STR-2101-GBQPHD,10 Kintyre Ave,,M4M,Single/Semi-detached House,14,Toronto-Danforth
6628364,STR-2101-HFCPHJ,241 Brunswick Ave,house upstairs,M5S,Single/Semi-detached House,11,University-Rosedale
6628365,STR-2101-GQGBHG,20 Fourth St,,M5J,Single/Semi-detached House,10,Spadina-Fort York
6628366,STR-2101-FZJPHD,215 Fort York Blvd,307,M5V,Condominium,10,Spadina-Fort York
6628367,STR-2101-GYCPHH,109 Walnut Ave,Main,M5V,Duplex/Triplex/Fourplex,10,Spadina-Fort York
6628368,STR-2101-FZZBHD,352 Front St W,1602,M5V,Condominium,10,Spadina-Fort York
6628369,STR-2101-GCGBHD,673 Carlaw Ave,,M4K,Single/Semi-detached House,14,Toronto-Danforth
6628370,STR-2101-HYTBHL,59 Balmoral Ave,,M4V,Single/Semi-detached House,12,Toronto-St. Paul's
6628371,STR-2101-FDPKVB,451 Queen St E,,M5A,Townhouse/ Row House,13,Toronto Centre
6628372,STR-2101-FLVKVC,848 Shaw St,,M6G,Single/Semi-detached House,11,University-Rosedale
6628373,STR-2101-HBBKVJ,30 Sabrina Dr,1,M9R,Single/Semi-detached House,2,Etobicoke Centre
6628374,STR-2101-GCXXVF,769 Lansdowne Ave,,M6H,Single/Semi-detached House,9,Davenport
6628375,STR-2101-FWXXVD,9 Meaford Ave,B,M8V,Single/Semi-detached House,3,Etobicoke-Lakeshore
6628376,STR-2101-FQHKVC,155 Yorkville Ave,504,M5R,Condominium,11,University-Rosedale
6628377,STR-2101-GPBKVG,41 Derwyn Rd,,M4J,Single/Semi-detached House,14,Toronto-Danforth
6628378,STR-2101-HDPKVJ,41 Huntley St,1,M4Y,Single/Semi-detached House,13,Toronto Centre
6628379,STR-2101-GWXXVH,1267 Woodbine Ave,Unit B,M4C,Duplex/Triplex/Fourplex,19,Beaches-East York
6628380,STR-2101-JDPKVM,168 Wincott Dr,,M9R,Single/Semi-detached House,2,Etobicoke Centre
6628381,STR-2101-FSVKVC,675 Queen St W,2,M6J,Apartment,10,Spadina-Fort York
6628382,STR-2101-GBBKVD,300 Front St W,1106,M5V,Condominium,10,Spadina-Fort York
6628383,STR-2101-GRPKVG,2 Parkcrest Dr,,M1M,Single/Semi-detached House,20,Scarborough Southwest
6628384,STR-2101-HLGDVK,118 Northland Ave,,M6N,Single/Semi-detached House,5,York South-Weston
6628385,STR-2101-GPTDVG,23 Beresford Ave,,M6S,Apartment,4,Parkdale-High Park
6628386,STR-2101-HVTDVL,163 Clifton Ave,,M3H,Single/Semi-detached House,6,York Centre
6628387,STR-2211-HWFRVL,39 Hill Cres,,M1M,Single/Semi-detached House,24,Scarborough-Guildwood
6628388,STR-2101-GYGDVH,888 Queen St W,Upper,M6J,Duplex/Triplex/Fourplex,10,Spadina-Fort York
6628389,STR-2101-HBDXVJ,210 Victoria St,2803,M5B,Condominium,13,Toronto Centre
6628390,STR-2101-FWKXVD,88 Prust Ave,,M4L,Single/Semi-detached House,14,Toronto-Danforth
6628391,STR-2101-HSXXVL,155 Yorkville Ave,1410,M5R,Condominium,11,University-Rosedale
6628392,STR-2101-FHDXVB,17 Osler St,,M6P,Single/Semi-detached House,9,Davenport
6628393,STR-2101-HDRXVJ,325 Bogert Ave,Unit 152,M2N,Apartment,18,Willowdale
6628394,STR-2101-HWKXVL,300 Front St W,3209,M5V,Condominium,10,Spadina-Fort York
6628395,STR-2101-GYHKVH,300 Front St W,3711,M5V,Condominium,10,Spadina-Fort York
6628396,STR-2101-GRRXVG,20 Page St.,,M6G,Duplex/Triplex/Fourplex,11,University-Rosedale
6628397,STR-2101-JGPKVM,1052 Queen St W,Penthouse,M6J,Apartment,10,Spadina-Fort York
6628398,STR-2102-GDTDVF,240 Lauder Ave,,M6E,Single/Semi-detached House,9,Davenport
6628399,STR-2102-HSZDVL,15 Sheridan Ave,,M6K,Townhouse/ Row House,9,Davenport
6628400,STR-2102-FPWRVC,240 Ashworth Ave,Lower Unit,M6G,Single/Semi-detached House,12,Toronto-St. Paul's
6628401,STR-2102-HTQRVL,419 Montrose Ave,basement,M6G,Duplex/Triplex/Fourplex,11,University-Rosedale
6628402,STR-2102-HLZDVK,18 Laburnham Ave,,M8V,Single/Semi-detached House,3,Etobicoke-Lakeshore
6628403,STR-2102-FHWRVB,55 Bremner Blvd,4706,M5J,Condominium,10,Spadina-Fort York
6628404,STR-2102-GXCRVH,270 Wellington St W,1017,M5V,Condominium,10,Spadina-Fort York
6628405,STR-2102-HVWRVL,215 Fort York Blvd,1803,M5V,Condominium,10,Spadina-Fort York
6628406,STR-2102-FRTDVC,300 Front St W,2107,M5V,Condominium,10,Spadina-Fort York
6628407,STR-2102-HXTDVL,402 O'Connor Dr,,M4J,Single/Semi-detached House,14,Toronto-Danforth
6628408,STR-2102-GBWRVD,107 Massey St,3,M6J,Single/Semi-detached House,10,Spadina-Fort York
6628409,STR-2102-GLKXVG,369 Shuter St,2,M5A,Townhouse/ Row House,13,Toronto Centre
6628410,STR-2102-GGRXVF,10 Avalon Ave,Main,M6N,Single/Semi-detached House,5,York South-Weston
6628411,STR-2103-GRDXVG,560 Front St W,632,M5V,Condominium,10,Spadina-Fort York
6628412,STR-2103-GKDXVF,12 York St,709,M5J,Condominium,10,Spadina-Fort York
6628413,STR-2103-FMCRVC,83 Trethewey Dr,Main,M6M,Single/Semi-detached House,5,York South-Weston
6628414,STR-2211-FPQDVC,32 Lloyd George Ave,,M8W,Single/Semi-detached House,3,Etobicoke-Lakeshore
6628415,STR-2211-FXLRVD,119 Hallam St,Laneway,M6H,Single/Semi-detached House,9,Davenport
6628416,STR-2211-FQWDVC,250 Wellington St W,1244,M5V,Condominium,10,Spadina-Fort York
6628417,STR-2211-GGJDVF,24 Carmichael Ave,,M5M,Single/Semi-detached House,8,Eglinton-Lawrence
6628418,STR-2211-GXLRVH,210 Victoria St,4108,M5B,Condominium,13,Toronto Centre
6628419,STR-2211-FSCDVC,19 Waringstown Dr,,M1R,Single/Semi-detached House,21,Scarborough Centre
6628420,STR-2211-FZYRVD,57 Glenridge Rd,A,M1M,Single/Semi-detached House,20,Scarborough Southwest
6628421,STR-2211-GJFRVF,359 Brock Ave,A,M6H,Duplex/Triplex/Fourplex,9,Davenport
6628422,STR-2211-GRLRVG,256 Brock Ave,,M6K,Townhouse/ Row House,9,Davenport
6628423,STR-2211-GSCDVG,20 Shore Breeze Dr,210,M8V,Condominium,3,Etobicoke-Lakeshore
6628424,STR-2211-GCFRVD,336 Berkeley St,,M5A,Single/Semi-detached House,13,Toronto Centre
6628425,STR-2211-HYSRVL,1096 Warden Ave,B,M1R,Single/Semi-detached House,21,Scarborough Centre
6628426,STR-2211-HZKKVM,357 Margueretta St,,M6H,Single/Semi-detached House,9,Davenport
6628427,STR-2211-FGKKVB,38 Laughton Ave,1,M6N,Duplex/Triplex/Fourplex,9,Davenport
6628428,STR-2211-FXMXVD,19 Bourdon Ave,,M6L,Single/Semi-detached House,5,York South-Weston
6628429,STR-2211-HDMXVJ,140 Simcoe St,1411,M5H,Condominium,10,Spadina-Fort York
6628430,STR-2211-GWXKVH,1409 King St W,1,M6K,Duplex/Triplex/Fourplex,4,Parkdale-High Park
6628431,STR-2211-FJGXVB,20B Vanbrugh Ave,Main,M1N,Single/Semi-detached House,20,Scarborough Southwest
6628432,STR-2211-FRMXVC,1209 Queen St E,15,M4M,Townhouse/ Row House,14,Toronto-Danforth
6628433,STR-2211-GQGXVG,56 Cedarvale Ave,A,M4C,Single/Semi-detached House,19,Beaches-East York
6628434,STR-2211-FZKKVD,43 Ryerson Ave,2,M5T,Single/Semi-detached House,10,Spadina-Fort York
6628435,STR-2211-HGKKVJ,284 Poyntz Ave,,M2N,Single/Semi-detached House,18,Willowdale
6628436,STR-2211-GYTXVH,50 Aberdeen Ave,,M4X,Townhouse/ Row House,13,Toronto Centre
6628437,STR-2211-HXMXVL,477 Wilson Heights Blvd,,M3H,Single/Semi-detached House,6,York Centre
6628438,STR-2211-JFTXVM,12 York St,5002,M5J,Condominium,10,Spadina-Fort York
6628439,STR-2211-GSDKVG,101 Peter St,1702,M5V,Condominium,10,Spadina-Fort York
6628440,STR-2211-JGKKVM,47 Woburn Ave,,M5M,Single/Semi-detached House,8,Eglinton-Lawrence
6628441,STR-2211-HJGXVJ,2 Anndale Dr,3302,M2N,Condominium,18,Willowdale
6628442,STR-2211-GCHBHS,78 Elm Grove Ave,,M6K,Single/Semi-detached House,4,Parkdale-High Park
6628443,STR-2211-GKPBHT,300 Front St W,413,M5V,Condominium,10,Spadina-Fort York
6628444,STR-2211-HBBBHW,569 Ossington Ave,1,M6G,Single/Semi-detached House,11,University-Rosedale
6628445,STR-2211-FYYVHR,407 Symington Ave,,M6N,Townhouse/ Row House,9,Davenport
6628446,STR-2211-HBRPHW,297 Keele St,,M6P,Single/Semi-detached House,4,Parkdale-High Park
6628447,STR-2211-HJXPHX,55 Bremner Blvd,4311,M5J,Condominium,10,Spadina-Fort York
6628448,STR-2211-HSDPHY,98 Lillian St,711,M4S,Condominium,12,Toronto-St. Paul's
6628449,STR-2211-HZKPHZ,44 Stephen Dr,,M8Y,Single/Semi-detached House,3,Etobicoke-Lakeshore
6628450,STR-2211-HKPBHX,24 Tyndall Ave,311,M6K,Apartment,4,Parkdale-High Park
6628451,STR-2211-GPBBHT,24 Noble St,408,M6K,Condominium,4,Parkdale-High Park
6628452,STR-2211-GWHBHV,89 William Duncan Rd,,M3K,Townhouse/ Row House,6,York Centre
6628453,STR-2211-HFDPHW,84 Bastedo Ave,UN-B,M4C,Single/Semi-detached House,19,Beaches-East York
6628454,STR-2211-GHBBHS,52 Vaughan Rd,B,M6G,Apartment,12,Toronto-St. Paul's
6628455,STR-2211-HPRPHX,256 Blackthorn Ave,,M6N,Single/Semi-detached House,9,Davenport
6628456,STR-2211-JFDPHZ,165 Clifton Ave,,M3H,Single/Semi-detached House,6,York Centre
6628457,STR-2211-HHBBHW,2541 Eglinton Ave W,1,M6M,Apartment,5,York South-Weston
6628458,STR-2211-HXPBHY,262 Torrens Ave,,M4J,Single/Semi-detached House,14,Toronto-Danforth
6628459,STR-2211-FLDPHP,112 George St,320,M5A,Condominium,13,Toronto Centre
6628460,STR-2211-GBRPHR,394 Queen St W,2,M5V,Apartment,10,Spadina-Fort York
6628461,STR-2211-FVCHHR,70 Queens Wharf Rd,1207,M5V,Single/Semi-detached House,10,Spadina-Fort York
6628462,STR-2211-FMLVHQ,279 Cocksfield Ave,,M3H,Single/Semi-detached House,6,York Centre
6628463,STR-2211-GTLVHV,11 Blaydon Ave,BSMT,M3M,Single/Semi-detached House,6,York Centre
6628464,STR-2211-HJYVHX,239 Harvie Ave,Laneway,M6E,Single/Semi-detached House,9,Davenport
6628465,STR-2211-FPCHHQ,22 Western Battery Rd,106,M6K,Townhouse/ Row House,10,Spadina-Fort York
6628466,STR-2211-GDQHHS,115 Richmond St E,406,M5C,Condominium,13,Toronto Centre
6628467,STR-2211-GLWHHT,106 Ranee Ave,Basement,M6A,Single/Semi-detached House,8,Eglinton-Lawrence
6628468,STR-2211-HSWHHY,209 Fort York Blvd,958,M5V,Condominium,10,Spadina-Fort York
6628469,STR-2211-FGLVHP,21 Iceboat Ter,2102,M5V,Condominium,10,Spadina-Fort York
6628470,STR-2211-GFFVHS,60 Eastwood Ave,,M1N,Single/Semi-detached House,20,Scarborough Southwest
6628471,STR-2211-HCYVHW,1136 Queen St W,2,M6J,Apartment,9,Davenport
6628472,STR-2211-JCJHHZ,174 Indian Grv,Upper,M6P,Duplex/Triplex/Fourplex,4,Parkdale-High Park
6628473,STR-2211-FHSVHP,28 Griggsden Ave,,M9P,Single/Semi-detached House,2,Etobicoke Centre
6628474,STR-2211-FYFVHR,109 Gore Vale Ave,,M6J,Single/Semi-detached House,10,Spadina-Fort York
6628475,STR-2211-GGLVHS,836 Kennedy Rd,,M1K,Single/Semi-detached House,21,Scarborough Centre
6628476,STR-2211-GXQHHV,924 Ossington Ave,203,M6G,Duplex/Triplex/Fourplex,9,Davenport
6628477,STR-2211-FKQHHP,154 Alameda Ave,,M6C,Single/Semi-detached House,12,Toronto-St. Paul's
6628478,STR-2211-HHCHHW,231 Fort York Blvd,921,M5V,Condominium,10,Spadina-Fort York
6628479,STR-2211-HZPBHZ,852 Dundas St W,,M6J,Single/Semi-detached House,11,University-Rosedale
6628480,STR-2211-JBDPHZ,12 York St,4706,M5J,Condominium,10,Spadina-Fort York
6628481,STR-2211-FRBBHQ,3 Hagley Rd,Basement,M1M,Single/Semi-detached House,20,Scarborough Southwest
6628482,STR-2211-HFXPHW,6 Eva Rd,1609,M9C,Condominium,2,Etobicoke Centre
6628483,STR-2211-FSHBHQ,361 Waverley Rd,,M4L,Single/Semi-detached House,19,Beaches-East York
6628484,STR-2211-GHVBHS,59 Guestville Ave,,M6N,Single/Semi-detached House,5,York South-Weston
6628485,STR-2211-HGPBHW,560 Front St W,532,M5V,Condominium,10,Spadina-Fort York
6628486,STR-2211-FKRPHP,181 Downsview Park Blvd,,M3K,Townhouse/ Row House,6,York Centre
6628487,STR-2211-FLHBHP,209 Fort York Blvd,176,M5V,Condominium,10,Spadina-Fort York
6628488,STR-2211-GZPBHV,2181 Yonge St,1606,M4S,Condominium,12,Toronto-St. Paul's
6628489,STR-2211-HRBBHX,42 Westmoreland Ave,,M6H,Single/Semi-detached House,9,Davenport
6628490,STR-2211-GKSVHT,112 Langley Ave,,M4K,Single/Semi-detached House,14,Toronto-Danforth
6628491,STR-2211-FFJHHP,902 Davenport Rd,3,M6G,Duplex/Triplex/Fourplex,12,Toronto-St. Paul's
6628492,STR-2211-FVWHHR,155 Yorkville Ave,2907,M5R,Condominium,11,University-Rosedale
6628493,STR-2211-GLJHHT,9 Sepia Dr,,M2J,Single/Semi-detached House,17,Don Valley North
6628494,STR-2211-GLYVHT,34 Bellwoods Ave,,M6J,Townhouse/ Row House,10,Spadina-Fort York
6628495,STR-2211-JBFVHZ,155 Yorkville Ave,1214,M5R,Condominium,11,University-Rosedale
6628496,STR-2211-JBWHHZ,5 Hargrave Lane,,M4N,Townhouse/ Row House,15,Don Valley West
6628497,STR-2211-FKSVHP,14 York St,1311,M5J,Condominium,10,Spadina-Fort York
6628498,STR-2211-HXSVHY,955 Bay St,724,M5S,Condominium,13,Toronto Centre
6628499,STR-2211-HRCHHX,166 Huron St,C,M5T,Single/Semi-detached House,11,University-Rosedale
6628500,STR-2211-FDVBHP,119 Pleasant Ave,,M2M,Single/Semi-detached House,18,Willowdale
6628501,STR-2211-FVHBHR,145 Winona Dr,,M6G,Single/Semi-detached House,12,Toronto-St. Paul's
6628502,STR-2211-GCPBHS,156 Codsell Ave,,M3H,Single/Semi-detached House,6,York Centre
6628503,STR-2211-GKVBHT,128 Ulster St,1,M6G,Duplex/Triplex/Fourplex,11,University-Rosedale
6628504,STR-2211-GTRPHV,21 Iceboat Ter,2610,M5V,Condominium,10,Spadina-Fort York
6628505,STR-2212-GMBBHT,1 Constance St,1,M6R,Duplex/Triplex/Fourplex,4,Parkdale-High Park
6628506,STR-2212-GVHBHV,10 Navy Wharf Crt,603,M5V,Condominium,10,Spadina-Fort York
6628507,STR-2212-HTBBHY,184 Montclair Ave,,M5P,Single/Semi-detached House,12,Toronto-St. Paul's
6628508,STR-2212-FXDPHR,14 York St,3901,M5J,Condominium,10,Spadina-Fort York
6628509,STR-2212-GVXPHV,2 Prince Hal Cres,,M1T,Single/Semi-detached House,22,Scarborough-Agincourt
6628510,STR-2212-HTRPHY,1929 Dundas St E,,M4L,Single/Semi-detached House,19,Beaches-East York
6628511,STR-2212-GPHBHT,151 Dan Leckie Way,355,M5V,Condominium,10,Spadina-Fort York
6628512,STR-2212-HMBBHX,1445 Military Trl,,M1C,Single/Semi-detached House,25,Scarborough-Rouge Park
6628513,STR-2212-GXDPHV,18 Croft St,,M5S,Single/Semi-detached House,11,University-Rosedale
6628514,STR-2212-HMRPHX,18 Hillcrest Ave,1503,M2N,Condominium,18,Willowdale
6628515,STR-2212-GRDPHT,151 Dan Leckie Way,745,M5V,Condominium,10,Spadina-Fort York
6628516,STR-2212-GRVBHT,21 Iceboat Ter,2707,M5V,Condominium,10,Spadina-Fort York
6628517,STR-2212-GZBBHV,6 Kent Rd,,M4L,Single/Semi-detached House,14,Toronto-Danforth
6628518,STR-2212-FTRPHQ,80 Western Battery Rd,LPH 11,M6K,Condominium,10,Spadina-Fort York
6628519,STR-2212-FWQHHR,17 Bertram St,,M6M,Single/Semi-detached House,5,York South-Weston
6628520,STR-2212-FGSVHP,7 Allen Ave,,M4M,Single/Semi-detached House,14,Toronto-Danforth
6628521,STR-2212-HTSVHY,16 Boothroyd Ave,Basement,M4J,Single/Semi-detached House,14,Toronto-Danforth
6628522,STR-2212-HVJHHY,1030 King St W,107,M6K,Condominium,10,Spadina-Fort York
6628523,STR-2212-FRFVHQ,189 Hounslow Ave,,M2N,Single/Semi-detached House,18,Willowdale
6628524,STR-2212-GPYVHT,1889 Queen St E,Front Unit,M4L,Duplex/Triplex/Fourplex,19,Beaches-East York
6628525,STR-2212-HMSVHX,100 MacDonald St,,M8V,Single/Semi-detached House,3,Etobicoke-Lakeshore
6628526,STR-2212-FJQHHP,12 York St,307,M5J,Condominium,10,Spadina-Fort York
6628527,STR-2212-FZCHHR,273A Delta St,,M8W,Single/Semi-detached House,3,Etobicoke-Lakeshore
6628528,STR-2212-GDHBHS,584 Parliament St,1,M4X,Townhouse/ Row House,13,Toronto Centre
6628529,STR-2212-FVKPHR,20 Bruyeres Mews,2203,M5V,Condominium,10,Spadina-Fort York
6628530,STR-2212-GTDPHV,14 York St,2405,M5J,Condominium,10,Spadina-Fort York
6628531,STR-2212-HJRPHX,300 Front St W,3102,M5V,Condominium,10,Spadina-Fort York
6628532,STR-2212-GLPBHT,651 Jane St,,M6N,Single/Semi-detached House,5,York South-Weston
6628533,STR-2212-HKXPHX,26 Sarah Ashbridge Ave,,M4L,Single/Semi-detached House,19,Beaches-East York
6628534,STR-2212-FQBBHQ,169A Chisholm Ave,,M4C,Single/Semi-detached House,19,Beaches-East York
6628535,STR-2212-HVKPHY,18 Methuen Ave,,M6S,Single/Semi-detached House,4,Parkdale-High Park
6628536,STR-2212-HWBBHY,177 Delhi Ave,,M3H,Single/Semi-detached House,6,York Centre
6628537,STR-2212-GHKPHS,14 York St,3803,M5J,Condominium,10,Spadina-Fort York
6628538,STR-2212-FKXPHP,74 Oxford St,Upper,M5T,Townhouse/ Row House,11,University-Rosedale
6628539,STR-2212-GZDPHV,158 Ellsworth Ave,,M6G,Single/Semi-detached House,12,Toronto-St. Paul's
6628540,STR-2212-HQRPHX,955 Bay St,702,M5S,Condominium,13,Toronto Centre
6628541,STR-2212-JGVBHZ,223 Lisgar St,Rear,M6J,Single/Semi-detached House,9,Davenport
6628542,STR-2212-FVLVHR,230 Sterling Rd,Basement,M6R,Townhouse/ Row House,9,Davenport
6628543,STR-2212-HKYVHX,54 Halsey Ave,,M4B,Single/Semi-detached House,19,Beaches-East York
6628544,STR-2212-JBLVHZ,39 Salem Ave,,M6H,Duplex/Triplex/Fourplex,9,Davenport
6628545,STR-2212-GMWHHT,82 Otonabee Ave,Upper,M2M,Single/Semi-detached House,18,Willowdale
6628546,STR-2212-HTWHHY,92 Seaforth Ave,Main,M6K,Single/Semi-detached House,4,Parkdale-High Park
6628547,STR-2212-JCCHHZ,290 Berkeley St,,M5A,Townhouse/ Row House,13,Toronto Centre
6628548,STR-2212-GQCHHT,69 Benjamin Boake Trl,,M3J,Single/Semi-detached House,6,York Centre
6628549,STR-2212-FJSVHP,120 Homewood Ave,606,M4Y,Condominium,13,Toronto Centre
6628550,STR-2212-GJCHHS,155 Yorkville Ave,2009,M5R,Condominium,11,University-Rosedale
6628551,STR-2212-GRJHHT,19 Monkton Ave,,M8Z,Single/Semi-detached House,3,Etobicoke-Lakeshore
6628552,STR-2212-JFQHHZ,4 Lakeshore Ave,,M5J,Single/Semi-detached House,10,Spadina-Fort York
6628553,STR-2212-GBLVHR,674 Dufferin St,4,M6K,Duplex/Triplex/Fourplex,9,Davenport
6628554,STR-2212-GZFVHV,8 Charlotte St,2207,M5V,Condominium,10,Spadina-Fort York
6628555,STR-2301-FGHBHP,250 Osler St,,M6N,Townhouse/ Row House,9,Davenport
6628556,STR-2301-HTHBHY,30 Nelson St,308,M5V,Condominium,10,Spadina-Fort York
6628557,STR-2301-FXKPHR,89 Darlingside Dr,,M1E,Single/Semi-detached House,25,Scarborough-Rouge Park
6628558,STR-2301-HTXPHY,151 Dan Leckie Way,1002,M5V,Condominium,10,Spadina-Fort York
6628559,STR-2301-FHPBHP,14 York St,3808,M5J,Condominium,10,Spadina-Fort York
6628560,STR-2301-FQVBHQ,622 Bathurst St,2,M5S,Apartment,11,University-Rosedale
6628561,STR-2301-FYBBHR,17B Poplar Rd,Basement,M1E,Duplex/Triplex/Fourplex,24,Scarborough-Guildwood
6628562,STR-2301-FJDPHP,69 Vermont Ave,,M6G,Single/Semi-detached House,11,University-Rosedale
6628563,STR-2301-FSRPHQ,5 Bellefontaine St,,M1S,Single/Semi-detached House,22,Scarborough-Agincourt
6628564,STR-2301-HXKPHY,161 Lawrence Ave W,Basement Apart,M5M,Duplex/Triplex/Fourplex,8,Eglinton-Lawrence
6628565,STR-2301-FLBBHP,55 Bremner Blvd,4802,M5J,Condominium,10,Spadina-Fort York
6628566,STR-2301-FTHBHQ,1441 Dufferin St,1,M6H,Apartment,9,Davenport
6628567,STR-2301-GJVBHS,12 Petman Ave,,M4S,Single/Semi-detached House,15,Don Valley West
6628568,STR-2301-FLRPHP,155 Geoffrey St,,M6R,Single/Semi-detached House,4,Parkdale-High Park
6628569,STR-2301-HRKPHX,55 Bremner Blvd,3401,M5J,Condominium,10,Spadina-Fort York
6628570,STR-2301-FMJHHQ,7 Robinson St,A,M6J,Duplex/Triplex/Fourplex,10,Spadina-Fort York
6628571,STR-2301-HBQHHW,137 Danforth Ave,1,M4K,Apartment,14,Toronto-Danforth
6628572,STR-2301-FFSVHP,15 Eldora Ave,27,M2M,Townhouse/ Row House,18,Willowdale
6628573,STR-2301-GLSVHT,36 Augusta Ave,Lower,M5T,Townhouse/ Row House,10,Spadina-Fort York
6628574,STR-2301-HCFVHW,80 Western Battery Rd,6,M6K,Condominium,10,Spadina-Fort York
6628575,STR-2301-FGJHHP,50 Lotherton Ptwy,814,M6B,Condominium,8,Eglinton-Lawrence
6628576,STR-2301-FQFVHQ,495 Clinton St,1,M6G,Duplex/Triplex/Fourplex,11,University-Rosedale
6628577,STR-2301-HDLVHW,14 York St,5905,M5J,Condominium,10,Spadina-Fort York
6628578,STR-2301-FQWHHQ,1939 Dufferin St,,M6E,Single/Semi-detached House,9,Davenport
6628579,STR-2301-GGJHHS,5 Blue Forest Dr,,M3H,Single/Semi-detached House,6,York Centre
6628580,STR-2301-GGYVHS,209 Park Lawn Rd,Basement,M8Y,Single/Semi-detached House,3,Etobicoke-Lakeshore
6628581,STR-2301-GQFVHT,891 Queen St W,1,M6J,Apartment,10,Spadina-Fort York
6628582,STR-2301-JDLVHZ,106 Rainsford Rd,,M4L,Single/Semi-detached House,19,Beaches-East York
6628583,STR-2301-FLCHHP,12 Warfield Dr,Upper,M2J,Duplex/Triplex/Fourplex,17,Don Valley North
6628584,STR-2301-HYSVHY,210 Victoria St,3205,M5B,Condominium,13,Toronto Centre
6628585,STR-2301-HBRRVW,76 Greensides Ave,,M6G,Single/Semi-detached House,12,Toronto-St. Paul's
6628586,STR-2301-GFDRVS,273 Queensdale Ave,,M4C,Single/Semi-detached House,19,Beaches-East York
6628587,STR-2301-HDPDVW,923 Bathurst St,Upper,M5R,Townhouse/ Row House,11,University-Rosedale
6628588,STR-2301-HMKRVX,21 Hackett Ave,,M3J,Single/Semi-detached House,7,Humber River-Black Creek
6628589,STR-2301-GXPDVV,14 York St,1904,M5J,Condominium,10,Spadina-Fort York
6628590,STR-2301-FSDRVQ,306 Driftwood Ave,,M3N,Single/Semi-detached House,7,Humber River-Black Creek
6628591,STR-2301-GHRRVS,955 Bay St,1607,M5S,Condominium,13,Toronto Centre
6628592,STR-2301-GBRRVR,70 Queens Wharf Rd,908,M5V,Condominium,10,Spadina-Fort York
6628593,STR-2301-FFFXVP,188 Cumberland St,2211,M5R,Condominium,11,University-Rosedale
6628594,STR-2301-FPCKVQ,21 Iceboat Ter,2601,M5V,Condominium,10,Spadina-Fort York
6628595,STR-2301-GVCKVV,26 Leyton Ave,,M1L,Single/Semi-detached House,20,Scarborough Southwest
6628596,STR-2301-FGLXVP,557 Ossington Ave,,M6G,Single/Semi-detached House,11,University-Rosedale
6628597,STR-2301-GFFXVS,219 Fort York Blvd,310,M5V,Condominium,10,Spadina-Fort York
6628598,STR-2301-GVSXVV,101 Peter St,3702,M5V,Condominium,10,Spadina-Fort York
6628599,STR-2301-HCYXVW,66 Gatesview Ave,,M1J,Single/Semi-detached House,24,Scarborough-Guildwood
6628600,STR-2301-HLFXVX,800 King St W,407,M5V,Condominium,10,Spadina-Fort York
6628601,STR-2301-FJJKVP,188 Cumberland St,2205,M5R,Condominium,11,University-Rosedale
6628602,STR-2301-FYWKVR,11 Wellesley St W,406,M4Y,Condominium,13,Toronto Centre
6628603,STR-2301-HWJKVY,479 Wilson Heights Blvd,,M3H,Single/Semi-detached House,6,York Centre
6628604,STR-2301-GHSXVS,225 Wellesley St E,714,M4X,Condominium,13,Toronto Centre
6628605,STR-2301-GBCKVR,8 Runnymede Rd,,M6S,Single/Semi-detached House,4,Parkdale-High Park
6628606,STR-2301-HHCKVW,551 King St E,,M5A,Townhouse/ Row House,13,Toronto Centre
6628607,STR-2301-FTLXVQ,300 Front St W,505,M5V,Condominium,10,Spadina-Fort York
6628608,STR-2301-GBSXVR,270 Wellington St W,924,M5V,Condominium,10,Spadina-Fort York
6628609,STR-2301-GSFXVT,12 York St,5307,M5J,Condominium,10,Spadina-Fort York
6628610,STR-2301-HQYXVX,38 Templar Dr,1,M9R,Single/Semi-detached House,2,Etobicoke Centre
6628611,STR-2301-FGPDVP,20 John St,321,M5V,Condominium,10,Spadina-Fort York
6628612,STR-2301-FPVDVQ,20 John St,522,M5V,Condominium,10,Spadina-Fort York
6628613,STR-2301-GMPDVT,246 Gerrard St E,2,M5A,Duplex/Triplex/Fourplex,13,Toronto Centre
6628614,STR-2301-FHDRVP,452 Glengrove Ave,,M5N,Single/Semi-detached House,8,Eglinton-Lawrence
6628615,STR-2301-GFXRVS,70 August Ave,,M1L,Single/Semi-detached House,20,Scarborough Southwest
6628616,STR-2301-HVDRVY,73 Thirty First St,,M8W,Single/Semi-detached House,3,Etobicoke-Lakeshore
6628617,STR-2301-GPVDVT,97 Hadrian Dr,,M9W,Single/Semi-detached House,1,Etobicoke North
6628618,STR-2301-GQKRVT,300 Front St W,PH3,M5V,Condominium,10,Spadina-Fort York
6628619,STR-2301-GXRRVV,91 Shaw St,,M6J,Townhouse/ Row House,10,Spadina-Fort York
6628620,STR-2301-FKBDVP,14 Atkins Ave,,M6K,Single/Semi-detached House,9,Davenport
6628621,STR-2301-JFHDVZ,227 Victoria Park Ave,,M4E,Single/Semi-detached House,20,Scarborough Southwest
6628622,STR-2301-GRRRVT,25 Oakridge Dr,,M1M,Single/Semi-detached House,20,Scarborough Southwest
6628623,STR-2301-GSHDVT,386 Yonge St,4307,M5B,Condominium,11,University-Rosedale
6628624,STR-2301-JGPDVZ,101 Peter St,3012,M5V,Condominium,10,Spadina-Fort York
6628625,STR-2301-HBFXVW,3630B St Clair Ave E,,M1N,Townhouse/ Row House,20,Scarborough Southwest
6628626,STR-2301-HJLXVX,62 Pilkington Dr,A,M1L,Townhouse/ Row House,20,Scarborough Southwest
6628627,STR-2302-FMQKVQ,7 East York Ave,,M4K,Townhouse/ Row House,14,Toronto-Danforth
6628628,STR-2302-GTQKVV,47 Katie Crt,Basement,M6L,Single/Semi-detached House,5,York South-Weston
6628629,STR-2302-FGQKVP,9 Douville Crt,,M5A,Townhouse/ Row House,10,Spadina-Fort York
6628630,STR-2302-FPWKVQ,19 Earnbridge St,2,M6K,Duplex/Triplex/Fourplex,4,Parkdale-High Park
6628631,STR-2302-HLJKVX,53 Abbott Ave,Upper,M6P,Duplex/Triplex/Fourplex,4,Parkdale-High Park
6628632,STR-2302-HTQKVY,21 Iceboat Ter,933,M5V,Condominium,10,Spadina-Fort York
6628633,STR-2302-JBWKVZ,295 Adelaide St W,4104,M5V,Condominium,10,Spadina-Fort York
6628634,STR-2302-FQLXVQ,65 Bremner Blvd,3411,M5J,Condominium,10,Spadina-Fort York
6628635,STR-2302-GPFXVT,2 Anndale Dr,308,M2N,Apartment,18,Willowdale
6628636,STR-2302-GXSXVV,110A Sackville St,,M5A,Townhouse/ Row House,13,Toronto Centre
6628637,STR-2302-HFYXVW,162 Hilda Ave,,M2M,Single/Semi-detached House,18,Willowdale
6628638,STR-2302-FSJKVQ,1572 Dundas St E,,M4L,Single/Semi-detached House,14,Toronto-Danforth
6628639,STR-2302-HXCKVY,275 Newton Dr,,M2M,Single/Semi-detached House,18,Willowdale
6628640,STR-2302-GYYXVV,68 Carr St,17,M5T,Townhouse/ Row House,10,Spadina-Fort York
6628641,STR-2302-HXSXVY,65 Bremner Blvd,4803,M5J,Condominium,10,Spadina-Fort York
6628642,STR-2302-HRCKVX,69 Lynn Williams St,813,M6K,Condominium,10,Spadina-Fort York
6628643,STR-2302-GDDRVS,151 Dan Leckie Way,845,M5V,Condominium,10,Spadina-Fort York
6628644,STR-2302-GLKRVT,151 Dan Leckie Way,906,M5V,Condominium,10,Spadina-Fort York
6628645,STR-2302-HKDRVX,14 York St,6611,M5J,Condominium,10,Spadina-Fort York
6628646,STR-2302-GDVDVS,72 Robert St,,M9N,Single/Semi-detached House,5,York South-Weston
6628647,STR-2302-HKVDVX,138 Kenwood Ave,,M6C,Single/Semi-detached House,12,Toronto-St. Paul's
6628648,STR-2302-HTBDVY,14 York St,3206,M5J,Condominium,10,Spadina-Fort York
6628649,STR-2302-FPXRVQ,111 Harrison St,,M6J,Townhouse/ Row House,9,Davenport
6628650,STR-2302-FXDRVR,282 Ossington Ave,Basement,M6J,Single/Semi-detached House,9,Davenport
6628651,STR-2302-HDDRVW,300 Front St W,1005,M5V,Condominium,10,Spadina-Fort York
6628652,STR-2302-GPHDVT,251 Jarvis St,3804,M5B,Condominium,13,Toronto Centre
6628653,STR-2302-HDVDVW,165 Legion Rd N,1928,M8Y,Condominium,3,Etobicoke-Lakeshore
6628654,STR-2302-JDDRVZ,219 Fort York Blvd,1808,M5V,Condominium,10,Spadina-Fort York
6628655,STR-2302-FKDRVP,560 Front St W,518,M5V,Condominium,10,Spadina-Fort York
6628656,STR-2302-GBXRVR,187 Downsview Park Blvd,,M3K,Townhouse/ Row House,6,York Centre
6628657,STR-2302-GKDRVS,324 Beech Ave,,M4E,Single/Semi-detached House,19,Beaches-East York
6628658,STR-2302-HHXRVW,151 Dan Leckie Way,806,M5V,Condominium,10,Spadina-Fort York
6628659,STR-2302-HYKRVY,15 Bayfield Cres,,M4K,Single/Semi-detached House,14,Toronto-Danforth
6628660,STR-2302-FMSXVQ,120 Homewood Ave,603,M4Y,Condominium,13,Toronto Centre
6628661,STR-2302-HBYXVW,117 Boston Ave,,M4M,Single/Semi-detached House,14,Toronto-Danforth
6628662,STR-2302-HKFXVX,5131 Sheppard Ave E,411,M1B,Condominium,23,Scarborough North
6628663,STR-2302-GDWKVS,147 Brickworks Lane,,M6N,Townhouse/ Row House,5,York South-Weston
6628664,STR-2302-GMCKVT,63 Alcorn Ave,,M4V,Single/Semi-detached House,12,Toronto-St. Paul's
6628665,STR-2302-HKWKVX,105 Jersey Ave,,M6G,Single/Semi-detached House,11,University-Rosedale
6628666,STR-2302-FXFXVR,536 Dupont St,Upper,M6G,Single/Semi-detached House,11,University-Rosedale
6628667,STR-2302-HTSXVY,300 Front St W,808,M5V,Condominium,10,Spadina-Fort York
6628668,STR-2302-FQQKVQ,1 Garnier Crt,,M2M,Single/Semi-detached House,17,Don Valley North
6628669,STR-2302-FXWKVR,992 Dundas St E,,M4M,Townhouse/ Row House,14,Toronto-Danforth
6628670,STR-2302-HMSXVX,130 Macpherson Ave,11,M5R,Apartment,11,University-Rosedale
6628671,STR-2302-FSLXVQ,21 Iceboat Ter,829,M5V,Condominium,10,Spadina-Fort York
6628672,STR-2302-JFLXVZ,20 Shore Breeze Dr,304,M8V,Condominium,3,Etobicoke-Lakeshore
6628673,STR-2302-GJQKVS,78 Augusta Ave,,M5T,Townhouse/ Row House,10,Spadina-Fort York
6628674,STR-2302-HQQKVX,21 Iceboat Ter,328,M5V,Condominium,10,Spadina-Fort York
6628675,STR-2302-HXWKVY,54 Brunswick Ave,,M5S,Single/Semi-detached House,11,University-Rosedale
6628676,STR-2302-GKFXVS,98 Lillian St,2412,M4S,Condominium,12,Toronto-St. Paul's
6628677,STR-2302-GSLXVT,13 Woodfield Rd,Lower,M4L,Duplex/Triplex/Fourplex,14,Toronto-Danforth
6628678,STR-2302-HJRRVX,3 Channel Ave,,M5J,Single/Semi-detached House,10,Spadina-Fort York
6628679,STR-2302-GDHDVS,30 Fernwood Park Ave,2,M4E,Duplex/Triplex/Fourplex,19,Beaches-East York
6628680,STR-2302-HKHDVX,211 Van Dusen Blvd,,M8Z,Single/Semi-detached House,3,Etobicoke-Lakeshore
6628681,STR-2302-GVKRVV,2 Eva Rd,1328,M9C,Condominium,2,Etobicoke Centre
6628682,STR-2302-GWRRVV,8 Petman Ave,,M4S,Single/Semi-detached House,15,Don Valley West
6628683,STR-2302-HMDRVX,14 York St,5605,M5J,Condominium,10,Spadina-Fort York
6628684,STR-2302-HMVDVX,155 Church St,201,M5B,Apartment,13,Toronto Centre
6628685,STR-2302-GHKRVS,209 Fort York Blvd,1262,M5V,Condominium,10,Spadina-Fort York
6628686,STR-2302-HXHDVY,18 Sawley Dr,,M2K,Single/Semi-detached House,17,Don Valley North
6628687,STR-2302-FKXRVP,65 Bremner Blvd,1503,M5J,Condominium,10,Spadina-Fort York
6628688,STR-2302-JGDRVZ,231 Fort York Blvd,111,M5V,Condominium,10,Spadina-Fort York
6628689,STR-2302-GKYXVT,74 Lanark Ave,105,M6E,Townhouse/ Row House,12,Toronto-St. Paul's
6628690,STR-2302-HBLXVW,254 Christie St,3,M6G,Apartment,11,University-Rosedale
6628691,STR-2302-HZFXVZ,132 Belsize Dr,,M4S,Single/Semi-detached House,12,Toronto-St. Paul's
6628692,STR-2302-FFQKVP,560 Front St W,904,M5V,Condominium,10,Spadina-Fort York
6628693,STR-2302-FMWKVQ,300 Front St W,3801,M5V,Condominium,10,Spadina-Fort York
6628694,STR-2302-HSQKVY,328 Brunswick Ave,5,M5R,Duplex/Triplex/Fourplex,11,University-Rosedale
6628695,STR-2302-GMFXVT,243 Havelock St,,M6H,Single/Semi-detached House,9,Davenport
6628696,STR-2302-HDJKVW,28 Rosebank Dr,1701,M1B,Townhouse/ Row House,23,Scarborough North
6628697,STR-2302-HLQKVX,58 Beaty Ave,Upper,M6K,Single/Semi-detached House,4,Parkdale-High Park
6628698,STR-2302-FJCKVP,30 Mitchell Ave,,M6J,Townhouse/ Row House,10,Spadina-Fort York
6628699,STR-2302-GQCKVT,562 Parliament St,2,M4X,Duplex/Triplex/Fourplex,13,Toronto Centre
6628700,STR-2302-GXJKVV,39 Pinto Dr,,M2J,Single/Semi-detached House,17,Don Valley North
6628701,STR-2302-HWCKVY,251 Manitoba St,2503,M8Y,Condominium,3,Etobicoke-Lakeshore
6628702,STR-2302-HWSXVY,8 Charlotte St,504,M5V,Condominium,10,Spadina-Fort York
6628703,STR-2302-FSQKVQ,243 Roxton Rd,,M6G,Single/Semi-detached House,11,University-Rosedale
6628704,STR-2303-HGWKVW,10 Lowell Ave,,M1M,Single/Semi-detached House,20,Scarborough Southwest
6628705,STR-2602-HYKFBY,527 Kingston Rd,,M4L,Apartment,19,Beaches-East York
6628706,STR-2303-HXYXVY,17 Cosmic Dr,,M3B,Single/Semi-detached House,15,Don Valley West
6628707,STR-2303-HJCKVW,3704 St Clair Ave E,Main,M1M,Single/Semi-detached House,20,Scarborough Southwest
6628708,STR-2303-JGWKVZ,643B Mount Pleasant Rd,1,M4S,Apartment,15,Don Valley West
6628709,STR-2303-GCVDVS,12 York St,903,M5J,Apartment,10,Spadina-Fort York
6628710,STR-2303-HBPDVW,15 Iceboat Ter,3206,M5V,Condominium,10,Spadina-Fort York
6628711,STR-2303-HKKRVX,300 Front St W,302,M5V,Apartment,10,Spadina-Fort York
6628712,STR-2303-HZXRVZ,25 Heatherington Dr,,M1T,Single/Semi-detached House,22,Scarborough-Agincourt
6628713,STR-2303-HLRRVX,287 Booth Ave,1,M4M,Single/Semi-detached House,14,Toronto-Danforth
6628714,STR-2303-HTXRVY,30 Grand Trunk Cres,2107,M5J,Condominium,10,Spadina-Fort York
6628715,STR-2303-FQVDVQ,128 Hove St,,M3H,Single/Semi-detached House,6,York Centre
6628716,STR-2303-GPPDVT,251 Jarvis St,1132,M5B,Condominium,13,Toronto Centre
6628717,STR-2303-HVPDVY,14 York St,5305,M5J,Condominium,10,Spadina-Fort York
6628718,STR-2303-GQVDVT,114 Milton St,,M8Y,Single/Semi-detached House,3,Etobicoke-Lakeshore
6628719,STR-2303-FKKRVP,710 Ossington Ave,1,M6G,Duplex/Triplex/Fourplex,9,Davenport
6628720,STR-2303-FSRRVQ,210 Victoria St,3809,M5B,Condominium,13,Toronto Centre
6628721,STR-2303-HQVDVX,627 Davenport Rd,,M5R,Single/Semi-detached House,12,Toronto-St. Paul's
6628722,STR-2303-FMJKVQ,270 Wellington St W,809,M5V,Condominium,10,Spadina-Fort York
6628723,STR-2303-FMYXVQ,13 Charles St W,,M4Y,Townhouse/ Row House,13,Toronto Centre
6628724,STR-2303-HZYXVZ,45 Royal York Rd,,M8V,Single/Semi-detached House,3,Etobicoke-Lakeshore
6628725,STR-2303-HCWKVW,292 Evelyn Ave,,M6P,Single/Semi-detached House,4,Parkdale-High Park
6628726,STR-2303-FGYXVP,101 Peter St,816,M5V,Condominium,10,Spadina-Fort York
6628727,STR-2303-GFSXVS,27 Glasgow St,2,M5T,Apartment,11,University-Rosedale
6628728,STR-2303-GMYXVT,10 Capreol Crt,647,M5V,Apartment,10,Spadina-Fort York
6628729,STR-2303-GWWKVV,168 Simcoe St,1119,M5H,Condominium,10,Spadina-Fort York
6628730,STR-2303-FJFXVP,54 Southwood Dr,,M4E,Single/Semi-detached House,19,Beaches-East York
6628731,STR-2303-GGYXVS,5 Temple Ave,B,M6K,Single/Semi-detached House,4,Parkdale-High Park
6628732,STR-2303-HFSXVW,65 Bremner Blvd,1109,M5J,Condominium,10,Spadina-Fort York
6628733,STR-2303-FJWKVP,300 Front St W,1909,M5V,Condominium,10,Spadina-Fort York
6628734,STR-2303-GQWKVT,150 Burrows Hall Blvd,120,M1B,Townhouse/ Row House,23,Scarborough North
6628735,STR-2303-GSCKVT,55 Bremner Blvd,4904,M5J,Condominium,10,Spadina-Fort York
6628736,STR-2303-GCFXVR,35 Major St,1,M5S,Duplex/Triplex/Fourplex,11,University-Rosedale
6628737,STR-2303-GKLXVS,261 Berkeley St,1,M5A,Duplex/Triplex/Fourplex,13,Toronto Centre
6628738,STR-2303-HRLXVX,251 Jarvis St,4602,M5B,Condominium,13,Toronto Centre
6628739,STR-2303-JGYXVZ,41 Aberdeen Ave,,M4X,Single/Semi-detached House,13,Toronto Centre
6628740,STR-2303-FDPHHP,112 Springhurst Ave,3A,M6K,Duplex/Triplex/Fourplex,4,Parkdale-High Park
6628741,STR-2303-FVBHHR,300 Front St W,1113,M5V,Condominium,10,Spadina-Fort York
6628742,STR-2303-GKPHHT,21 Iceboat Ter,2705,M5V,Condominium,10,Spadina-Fort York
6628743,STR-2303-FFDVHP,45 Geneva Ave,,M5A,Townhouse/ Row House,13,Toronto Centre
6628744,STR-2303-HBRVHW,615 Ossington Ave,1,M6G,Apartment,11,University-Rosedale
6628745,STR-2303-FWHHHR,29 Larchmount Ave,Main,M4M,Single/Semi-detached House,14,Toronto-Danforth
6628746,STR-2303-GVBHHV,371 Rathburn Rd,,M9B,Single/Semi-detached House,2,Etobicoke Centre
6628747,STR-2303-HKPHHX,251 Jarvis St,2513,M5B,Condominium,13,Toronto Centre
6628748,STR-2303-HSVHHY,65 Bremner Blvd,4509,M5J,Condominium,10,Spadina-Fort York
6628749,STR-2303-JBBHHZ,251 Jarvis St,1618,M5B,Condominium,13,Toronto Centre
6628750,STR-2303-HLDVHX,12 York St,4501,M5J,Condominium,10,Spadina-Fort York
6628751,STR-2303-HDPHHW,24 Clarion Rd,BSMT,M9R,Single/Semi-detached House,1,Etobicoke North
6628752,STR-2304-HPGBHX,668 Yonge St,B,M4Y,Townhouse/ Row House,13,Toronto Centre
6628753,STR-2303-HFDVHW,246 Campbell Ave,,M6P,Single/Semi-detached House,9,Davenport
6628754,STR-2303-HMKVHX,166A Silverthorn Ave,,M6N,Single/Semi-detached House,9,Davenport
6628755,STR-2303-GHRVHS,90 Waniska Ave,,M8Y,Single/Semi-detached House,3,Etobicoke-Lakeshore
6628756,STR-2304-FZRVHR,357 Patricia Ave,,M2R,Single/Semi-detached House,18,Willowdale
6628757,STR-2303-FKPHHP,230 Queens Quay W,2811,M5J,Condominium,10,Spadina-Fort York
6628758,STR-2303-FLDVHP,16 Lucy Ave,,M1L,Single/Semi-detached House,20,Scarborough Southwest
6628759,STR-2303-HBCPHW,40 Albany Ave,,M5R,Single/Semi-detached House,11,University-Rosedale
6628760,STR-2303-HRQPHY,41 Shanly St,9,M6H,Condominium,9,Davenport
6628761,STR-2303-FFGBHP,639 Lawrence Ave W,322,M6A,Townhouse/ Row House,8,Eglinton-Lawrence
6628762,STR-2303-FWJPHR,55 East Dr,,M6N,Single/Semi-detached House,5,York South-Weston
6628763,STR-2303-HCJPHW,219 Fort York Blvd,523,M5V,Condominium,10,Spadina-Fort York
6628764,STR-2303-FWZBHR,441 Westmoreland Ave N,,M6H,Single/Semi-detached House,9,Davenport
6628765,STR-2303-FHCPHP,482 King St E,,M5A,Single/Semi-detached House,13,Toronto Centre
6628766,STR-2303-GPCPHT,152 Beatrice St,Main,M6J,Single/Semi-detached House,11,University-Rosedale
6628767,STR-2303-FYWPHR,470 Delaware Ave,,M6H,Single/Semi-detached House,9,Davenport
6628768,STR-2303-HFWPHW,31 Earnscliffe Rd,,M6E,Single/Semi-detached House,9,Davenport
6628769,STR-2303-FJZBHP,16 Chipwood Cres,,M2J,Single/Semi-detached House,17,Don Valley North
6628770,STR-2303-GQZBHT,148 Springhurst Ave,201,M6K,Duplex/Triplex/Fourplex,4,Parkdale-High Park
6628771,STR-2303-GYGBHV,65 Mattice Ave,,M9B,Single/Semi-detached House,2,Etobicoke Centre
6628772,STR-2303-FSWPHQ,1116 Kipling Ave,,M9B,Single/Semi-detached House,2,Etobicoke Centre
6628773,STR-2303-HQJPHX,23 Earl St,,M4Y,Townhouse/ Row House,13,Toronto Centre
6628774,STR-2303-GBTBHR,101 Yonge Blvd,,M5M,Single/Semi-detached House,8,Eglinton-Lawrence
6628775,STR-2303-GKRVHT,495 Euclid Ave,2,M6G,Duplex/Triplex/Fourplex,11,University-Rosedale
6628776,STR-2303-HRRVHY,10 Rolyat St,A,M6J,Single/Semi-detached House,10,Spadina-Fort York
6628777,STR-2303-GDBHHS,270 Wellington St W,825,M5V,Condominium,10,Spadina-Fort York
6628778,STR-2303-GLXVHT,41 Heathrow Dr,Main Floor,M3M,Single/Semi-detached House,6,York Centre
6628779,STR-2303-HCKVHW,19 Broadbridge Dr,,M1C,Single/Semi-detached House,25,Scarborough-Rouge Park
6628780,STR-2303-GMPHHT,360 Harvie Ave,,M6E,Single/Semi-detached House,9,Davenport
6628781,STR-2303-GVVHHV,68 Winston Park Blvd,10,M3K,Condominium,6,York Centre
6628782,STR-2303-JBVHHZ,51 Huron St,,M5T,Single/Semi-detached House,10,Spadina-Fort York
6628783,STR-2303-FHDVHP,54 Stephen Dr,B,M8Y,Duplex/Triplex/Fourplex,3,Etobicoke-Lakeshore
6628784,STR-2303-JCKVHZ,30 Nelson St,2703,M5V,Condominium,10,Spadina-Fort York
6628785,STR-2303-FHVHHP,499 Midland Ave,Main,M1N,Single/Semi-detached House,20,Scarborough Southwest
6628786,STR-2303-FRBHHQ,241 Dundas St E,3,M5A,Duplex/Triplex/Fourplex,13,Toronto Centre
6628787,STR-2303-GXBHHV,188 Jones Ave,2,M4M,Single/Semi-detached House,14,Toronto-Danforth
6628788,STR-2303-HFHHHW,27 Manning Ave,,M6J,Townhouse/ Row House,10,Spadina-Fort York
6628789,STR-2303-GXRVHV,30 Woodstream Dr,14,M9W,Townhouse/ Row House,1,Etobicoke North
6628790,STR-2303-HWKVHY,21 Carlton St,1305,M5B,Condominium,13,Toronto Centre
6628791,STR-2303-JDRVHZ,69 Oakmount Rd,1,M6P,Apartment,4,Parkdale-High Park
6628792,STR-2303-FSHHHQ,1 Greencoat Rd,,M9C,Single/Semi-detached House,2,Etobicoke Centre
6628793,STR-2303-GHVHHS,34 Goulden Cres,,M1L,Single/Semi-detached House,20,Scarborough Southwest
6628794,STR-2303-JFHHHZ,14 York St,4008,M5J,Condominium,10,Spadina-Fort York
6628795,STR-2303-FSXVHQ,64 Dovercourt Rd,2,M6J,Duplex/Triplex/Fourplex,9,Davenport
6628796,STR-2303-GRRVHT,16 Ashdale Ave,B,M4L,Duplex/Triplex/Fourplex,14,Toronto-Danforth
6628797,STR-2303-HXRVHY,117 Lippincott St,Basement,M5S,Duplex/Triplex/Fourplex,11,University-Rosedale
6628798,STR-2303-GKBHHS,138 Booth Ave,,M4M,Single/Semi-detached House,14,Toronto-Danforth
6628799,STR-2303-HRBHHX,359 Brock Ave,,M6H,Duplex/Triplex/Fourplex,9,Davenport
6628800,STR-2303-JGPHHZ,173 Concord Ave,,M6H,Single/Semi-detached House,9,Davenport
6628801,STR-2303-GSZBHV,14 York St,5901,M5J,Condominium,10,Spadina-Fort York
6628802,STR-2303-FVWPHR,68 William Duncan Rd,,M3K,Townhouse/ Row House,6,York Centre
6628803,STR-2303-HKCPHX,21 Iceboat Ter,3707,M5V,Condominium,10,Spadina-Fort York
6628804,STR-2303-HSJPHY,357 Eglinton Ave W,A,M5N,Apartment,12,Toronto-St. Paul's
6628805,STR-2303-FFZBHP,33 Dundalk Dr,21,M1P,Townhouse/ Row House,21,Scarborough Centre
6628806,STR-2303-FPGBHQ,252 Westlake Ave,,M4C,Single/Semi-detached House,19,Beaches-East York
6628807,STR-2303-HKTBHX,52 Arnold Ave,,M5A,Townhouse/ Row House,13,Toronto Centre
6628808,STR-2304-GPGBHT,94 Virginia Ave,Rear Entrance,M4C,Single/Semi-detached House,19,Beaches-East York
6628809,STR-2304-FHWPHP,8 Willow Ave,,M5J,Single/Semi-detached House,10,Spadina-Fort York
6628810,STR-2304-GPWPHT,15 Yachters Lane,,M8V,Townhouse/ Row House,3,Etobicoke-Lakeshore
6628811,STR-2304-FJMBHP,8 Wilberton Rd,1,M4V,Duplex/Triplex/Fourplex,12,Toronto-St. Paul's
6628812,STR-2304-GQMBHT,251 Jarvis St,1701,M5B,Condominium,13,Toronto Centre
6628813,STR-2304-JDTBHZ,160 Vanderhoof Ave,1213,M4G,Condominium,15,Don Valley West
6628814,STR-2304-FZQPHR,168 Park Home Ave,2,M2N,Single/Semi-detached House,18,Willowdale
6628815,STR-2304-HXCPHY,85 Bloor St E,301,M4W,Condominium,11,University-Rosedale
6628816,STR-2304-FSZBHQ,155 Yorkville Ave,1615,M5R,Condominium,11,University-Rosedale
6628817,STR-2304-GJMBHS,219 Fort York Blvd,714,M5V,Condominium,10,Spadina-Fort York
6628818,STR-2304-HQMBHX,60 Faywood Blvd,,M3H,Single/Semi-detached House,6,York Centre
6628819,STR-2304-FLJPHP,165 Legion Rd N,1026,M8Y,Condominium,3,Etobicoke-Lakeshore
6628820,STR-2304-HRVHHY,40 Karen Rd,basement,M3A,Single/Semi-detached House,16,Don Valley East
6628821,STR-2304-FMRVHQ,140 Simcoe St,1021,M5H,Condominium,10,Spadina-Fort York
6628822,STR-2304-GLKVHT,798 Bloor St W,3,M6G,Duplex/Triplex/Fourplex,11,University-Rosedale
6628823,STR-2304-HKVHHX,3107 Dundas St W,1,M6P,Apartment,4,Parkdale-High Park
6628824,STR-2304-GMRVHT,9 Salisbury Ave,Upper,M4X,Single/Semi-detached House,13,Toronto Centre
6628825,STR-2304-HMBHHX,75 Emmett Ave,2415,M6M,Condominium,5,York South-Weston
6628826,STR-2304-GPXVHT,62 Clouston Ave,Basement,M9N,Single/Semi-detached House,5,York South-Weston
6628827,STR-2304-GXVHHV,16 Abell St,,M6J,Condominium,9,Davenport
6628828,STR-2304-GHXVHS,28 Douro St,223,M6K,Townhouse/ Row House,10,Spadina-Fort York
6628829,STR-2304-HPXVHX,30 Deering Cres,,M2M,Single/Semi-detached House,18,Willowdale
6628830,STR-2304-GBHHHR,10 Killamarsh Dr,,M3J,Single/Semi-detached House,7,Humber River-Black Creek
6628831,STR-2304-JGBHHZ,53 Sherwood Ave,,M4P,Single/Semi-detached House,15,Don Valley West
6628832,STR-2304-GKDVHS,63 Ossington Ave,C,M6J,Apartment,10,Spadina-Fort York
6628833,STR-2304-GTTBHV,2 Eva Rd,524,M9C,Condominium,2,Etobicoke Centre
6628834,STR-2304-HRDVHX,155 Yorkville Ave,2206,M5R,Condominium,11,University-Rosedale
6628835,STR-2304-FDWPHP,36 High Park Blvd,,M6R,Single/Semi-detached House,4,Parkdale-High Park
6628836,STR-2304-HKGBHX,259 Brunswick Ave,,M5S,Single/Semi-detached House,11,University-Rosedale
6628837,STR-2304-FGCPHP,210 Victoria St,2310,M5B,Condominium,13,Toronto Centre
6628838,STR-2304-FPZBHQ,313 Hillmount Ave,,M6B,Single/Semi-detached House,8,Eglinton-Lawrence
6628839,STR-2304-HLMBHX,44 Park Blvd,,M8W,Single/Semi-detached House,3,Etobicoke-Lakeshore
6628840,STR-2304-FHJPHP,21 Iceboat Ter,3001,M5V,Condominium,10,Spadina-Fort York
6628841,STR-2304-FRGBHQ,110 Lawlor Ave,,M4E,Single/Semi-detached House,19,Beaches-East York
6628842,STR-2304-FYMBHR,125 Spring Garden Ave,,M2N,Single/Semi-detached House,18,Willowdale
6628843,STR-2304-GGTBHS,215 Fort York Blvd,2109,M5V,Condominium,10,Spadina-Fort York
6628844,STR-2304-HFMBHW,46 Connaught Ave,,M2M,Single/Semi-detached House,18,Willowdale
6628845,STR-2304-HMTBHX,148 Robina Ave,,M6C,Single/Semi-detached House,9,Davenport
6628846,STR-2304-FJQPHP,119 Gough Ave,,M4K,Single/Semi-detached House,14,Toronto-Danforth
6628847,STR-2304-HWQPHY,11 Castle Green Cres,,M9R,Single/Semi-detached House,2,Etobicoke Centre
6628848,STR-2304-GYMBHV,700 Bathurst St,2,M5S,Duplex/Triplex/Fourplex,11,University-Rosedale
6628849,STR-2304-JFMBHZ,112 Kennedy Ave,,M6S,Single/Semi-detached House,4,Parkdale-High Park
6628850,STR-2304-HHJPHW,62 Glenstroke Dr,,M1S,Single/Semi-detached House,23,Scarborough North
6628851,STR-2304-GZTBHV,120 Hounslow Ave,,M2N,Single/Semi-detached House,18,Willowdale
6628852,STR-2304-HHZBHW,700 Humberwood Blvd,2921,M9W,Condominium,1,Etobicoke North
6628853,STR-2304-GTDVHV,155 Yorkville Ave,720,M5R,Condominium,11,University-Rosedale
6628854,STR-2304-FWBHHR,17 Yates Ave,,M1L,Townhouse/ Row House,20,Scarborough Southwest
6628855,STR-2304-FPKVHQ,57 Finch Ave W,7,M2N,Townhouse/ Row House,18,Willowdale
6628856,STR-2304-GVKVHV,730 Ontario St,1404,M4X,Apartment,13,Toronto Centre
6628857,STR-2304-HCRVHW,49 Norden Cres,,M3B,Single/Semi-detached House,16,Don Valley East
6628858,STR-2304-GFPHHS,40 Gerrard St E,701,M5B,Apartment,13,Toronto Centre
6628859,STR-2304-GMVHHT,124 Lappin Ave,,M6H,Single/Semi-detached House,9,Davenport
6628860,STR-2304-HDHHHW,21 Iceboat Ter,4106,M5V,Condominium,10,Spadina-Fort York
6628861,STR-2304-HTVHHY,238 Danzig St,,M1E,Single/Semi-detached House,25,Scarborough-Rouge Park
6628862,STR-2304-JCBHHZ,159 Argyle St,Main,M6J,Townhouse/ Row House,9,Davenport
6628863,STR-2304-FJBHHP,296 Highfield Rd,,M4L,Single/Semi-detached House,14,Toronto-Danforth
6628864,STR-2304-FRHHHQ,196 Dovercourt Rd,,M6J,Single/Semi-detached House,9,Davenport
6628865,STR-2304-FYPHHR,270 Wellington St W,1109,M5V,Condominium,10,Spadina-Fort York
6628866,STR-2304-GGVHHS,31 Salem Ave,,M6H,Single/Semi-detached House,9,Davenport
6628867,STR-2304-FZDVHR,235 Prescott Ave,,M6N,Single/Semi-detached House,9,Davenport
6628868,STR-2304-GXXVHV,300 Front St W,4401,M5V,Condominium,10,Spadina-Fort York
6628869,STR-2304-HGDVHW,630 Rhodes Ave,,M4J,Single/Semi-detached House,14,Toronto-Danforth
6628870,STR-2304-GJBHHS,59 Humberside Ave,,M6P,Single/Semi-detached House,4,Parkdale-High Park
6628871,STR-2304-GYPHHV,2 St Clarens Ave,,M6K,Single/Semi-detached House,9,Davenport
6628872,STR-2304-HGVHHW,169 Gladstone Ave,2,M6J,Townhouse/ Row House,9,Davenport
6628873,STR-2304-HXHHHY,155 Yorkville Ave,1020,M5R,Condominium,11,University-Rosedale
6628874,STR-2304-FKXVHP,14 York St,3402,M5J,Condominium,10,Spadina-Fort York
6628875,STR-2304-GBKVHR,103 Gladstone Ave,2,M6J,Duplex/Triplex/Fourplex,9,Davenport
6628876,STR-2304-FLPHHP,15 Bruyeres Mews,1108,M5V,Condominium,10,Spadina-Fort York
6628877,STR-2304-FMGBHQ,14 York St,4308,M5J,Condominium,10,Spadina-Fort York
6628878,STR-2304-GTWPHV,3 Arkley Cres,,M9R,Single/Semi-detached House,2,Etobicoke Centre
6628879,STR-2304-HKJPHX,408 Rosemary Rd,,M5P,Single/Semi-detached House,12,Toronto-St. Paul's
6628880,STR-2304-FPMBHQ,14 York St,5303,M5J,Condominium,10,Spadina-Fort York
6628881,STR-2304-GVMBHV,408 Brunswick Ave,Main,M5R,Single/Semi-detached House,11,University-Rosedale
6628882,STR-2304-HTGBHY,12 York St,5104,M5J,Condominium,10,Spadina-Fort York
6628883,STR-2304-JBMBHZ,705 King St W,404,M5V,Condominium,10,Spadina-Fort York
6628884,STR-2304-FQCPHQ,101 Peter St,3108,M5V,Condominium,10,Spadina-Fort York
6628885,STR-2304-FXZBHR,197 Ontario St,,M5A,Single/Semi-detached House,13,Toronto Centre
6628886,STR-2304-GGGBHS,15 Iceboat Ter,3702,M5V,Condominium,10,Spadina-Fort York
6628887,STR-2304-HDZBHW,19 Markham St,1,M6J,Duplex/Triplex/Fourplex,10,Spadina-Fort York
6628888,STR-2304-GGWPHS,251 Grenview Blvd S,,M8Y,Single/Semi-detached House,3,Etobicoke-Lakeshore
6628889,STR-2304-GQCPHT,70 Sarah Ashbridge Ave,,M4L,Single/Semi-detached House,19,Beaches-East York
6628890,STR-2304-HWCPHY,300 Front St W,611,M5V,Condominium,10,Spadina-Fort York
6628891,STR-2304-FZGBHR,299 Arlington Ave,,M6C,Single/Semi-detached House,12,Toronto-St. Paul's
6628892,STR-2304-JDZBHZ,800 Lawrence Ave W,704,M6A,Condominium,8,Eglinton-Lawrence
6628893,STR-2304-GRJPHT,42 Russell St,,M5S,Single/Semi-detached House,11,University-Rosedale
6628894,STR-2304-GZGBHV,443 Merton St,Basement,M4S,Duplex/Triplex/Fourplex,15,Don Valley West
6628895,STR-2304-GKJPHS,300 Front St W,3813,M5V,Condominium,10,Spadina-Fort York
6628896,STR-2304-HRJPHX,426 Montrose Ave,2,M6G,Duplex/Triplex/Fourplex,11,University-Rosedale
6628897,STR-2304-FMHHHQ,188 Cumberland St,1001,M5R,Condominium,11,University-Rosedale
6628898,STR-2304-FVPHHR,55 Bremner Blvd,1503,M5J,Condominium,10,Spadina-Fort York
6628899,STR-2304-GLBHHT,198 Robert Hicks Dr,BACKSIDE,M2R,Apartment,6,York Centre
6628900,STR-2304-FFRVHP,576 Balliol St,,M4S,Single/Semi-detached House,15,Don Valley West
6628901,STR-2304-HCDVHW,6 Arkley Cres,,M9R,Single/Semi-detached House,2,Etobicoke Centre
6628902,STR-2304-HSRVHY,17 Princess St,,M5A,Townhouse/ Row House,10,Spadina-Fort York
6628903,STR-2304-FPPHHQ,457 Brock Ave,,M6H,Single/Semi-detached House,9,Davenport
6628904,STR-2304-FGXVHP,208 Queens Quay W,2403,M5J,Condominium,10,Spadina-Fort York
6628905,STR-2305-HLRVHX,300 Front St W,211,M5V,Condominium,10,Spadina-Fort York
6628906,STR-2305-HTXVHY,10 Rednor Rd,,M4C,Single/Semi-detached House,19,Beaches-East York
6628907,STR-2305-JCDVHZ,265 Manning Ave,,M6J,Single/Semi-detached House,11,University-Rosedale
6628908,STR-2305-FHPHHP,103 Gladstone Ave,1,M6J,Duplex/Triplex/Fourplex,9,Davenport
6628909,STR-2305-FYBHHR,300 Front St W,1104,M5V,Condominium,10,Spadina-Fort York
6628910,STR-2305-GHPHHS,251 Jarvis St,2104,M5B,Condominium,13,Toronto Centre
6628911,STR-2305-FSRVHQ,12 York St,1107,M5J,Condominium,10,Spadina-Fort York
6628912,STR-2305-GSBHHT,209 Fort York Blvd,869,M5V,Condominium,10,Spadina-Fort York
6628913,STR-2305-FLRVHP,173 Belsize Dr,,M4S,Single/Semi-detached House,12,Toronto-St. Paul's
6628914,STR-2305-HJDVHW,29 Beverley St,,M5T,Single/Semi-detached House,10,Spadina-Fort York
6628915,STR-2305-HBQPHW,9 Canerouth Dr,,M9C,Apartment,2,Etobicoke Centre
6628916,STR-2305-HSCPHY,30 Minto St,,M4L,Single/Semi-detached House,14,Toronto-Danforth
6628917,STR-2305-FMZBHQ,29 Esther Lorrie Dr,Basement,M9W,Single/Semi-detached House,1,Etobicoke North
6628918,STR-2305-GDMBHS,33 Donald Ave,,M6M,Single/Semi-detached House,5,York South-Weston
6628919,STR-2305-GLTBHT,518 Dufferin St,1,M6K,Single/Semi-detached House,9,Davenport
6628920,STR-2305-HSTBHY,327 Coronation Dr,,M1E,Single/Semi-detached House,25,Scarborough-Rouge Park
6628921,STR-2305-FPQPHQ,80 Western Battery Rd,603,M6K,Condominium,10,Spadina-Fort York
6628922,STR-2305-FWWPHR,3 Cosburn Ave,303,M4K,Duplex/Triplex/Fourplex,14,Toronto-Danforth
6628923,STR-2305-HCWPHW,183 Oak Park Ave,,M4C,Single/Semi-detached House,19,Beaches-East York
6628924,STR-2305-GMZBHT,30 Gemshaw Cres,,M1B,Single/Semi-detached House,25,Scarborough-Rouge Park
6628925,STR-2305-HDMBHW,1194 Dufferin St,2,M6H,Single/Semi-detached House,9,Davenport
6628926,STR-2305-HFCPHW,63 Berkeley St,,M5A,Townhouse/ Row House,13,Toronto Centre
6628927,STR-2305-HMJPHX,67 Clubhouse Crt,,M3L,Single/Semi-detached House,7,Humber River-Black Creek
6628928,STR-2305-HVQPHY,494 Clinton St,B,M6G,Single/Semi-detached House,11,University-Rosedale
6628929,STR-2305-FJGBHP,105 Dowswell Dr,,M1B,Single/Semi-detached House,23,Scarborough North
6628930,STR-2305-HFTBHW,9 Rory Rd,,M6L,Single/Semi-detached House,5,York South-Weston
6628931,STR-2305-FSCPHQ,209 Fort York Blvd,564,M5V,Condominium,10,Spadina-Fort York
6628932,STR-2305-HWWPHY,11094 Sheppard Ave E,,M1B,Single/Semi-detached House,25,Scarborough-Rouge Park
6628933,STR-2305-JFCPHZ,524 Dufferin St,1,M6K,Single/Semi-detached House,9,Davenport
6628934,STR-2305-FKMBHP,55 Shirley St,,M6K,Townhouse/ Row House,9,Davenport
6628935,STR-2305-HQGBHX,300 Front St W,1609,M5V,Condominium,10,Spadina-Fort York
6628936,STR-2305-GBQPHR,4 Bathgate Dr,,M1C,Single/Semi-detached House,25,Scarborough-Rouge Park
6628937,STR-2305-JBBKVZ,33 Sackville St,2,M5A,Townhouse/ Row House,13,Toronto Centre
6628938,STR-2305-GZJPHV,21 Iceboat Ter,1712,M5V,Condominium,10,Spadina-Fort York
6628939,STR-2305-JGJPHZ,884 College St,Second Floor,M6H,Duplex/Triplex/Fourplex,9,Davenport
6628940,STR-2305-GCGBHR,12 York St,4801,M5J,Condominium,10,Spadina-Fort York
6628941,STR-2305-GKMBHS,188 Cumberland St,1908,M5R,Condominium,11,University-Rosedale
6628942,STR-2305-GSTBHT,107 Riverdale Ave,,M4K,Single/Semi-detached House,14,Toronto-Danforth
6628943,STR-2305-GSVKVV,2 Bleecker St,,M4X,Townhouse/ Row House,13,Toronto Centre
6628944,STR-2305-HBBKVW,12 York St,3709,M5J,Condominium,10,Spadina-Fort York
6628945,STR-2305-HJHKVX,25 Rankin Cres,,M6P,Townhouse/ Row House,9,Davenport
6628946,STR-2305-HYVKVZ,300 Front St W,2906,M5V,Condominium,10,Spadina-Fort York
6628947,STR-2305-FMKXVQ,832 Bay St,3408,M5S,Condominium,11,University-Rosedale
6628948,STR-2305-GCXXVS,107 Searle Ave,,M3H,Single/Semi-detached House,6,York Centre
6628949,STR-2305-HZKXVZ,29 Alma Ave,Laneway,M6J,Single/Semi-detached House,9,Davenport
6628950,STR-2305-FFVKVP,20 John St,224,M5V,Condominium,10,Spadina-Fort York
6628951,STR-2305-FPBKVQ,12 York St,501,M5J,Condominium,10,Spadina-Fort York
6628952,STR-2305-GVBKVV,132 Queensdale Ave,,M4J,Single/Semi-detached House,14,Toronto-Danforth
6628953,STR-2305-FGKXVP,20 Teesdale Pl,201,M1L,Apartment,20,Scarborough Southwest
6628954,STR-2305-FWXXVR,22 Gough Ave,,M4K,Single/Semi-detached House,14,Toronto-Danforth
6628955,STR-2305-GFDXVS,77 St Georges Blvd,,M9R,Single/Semi-detached House,1,Etobicoke North
6628956,STR-2305-GPBKVT,8 Charlotte St,608,M5V,Condominium,10,Spadina-Fort York
6628957,STR-2305-HDPKVW,42 Pearson Ave,,M6R,Single/Semi-detached House,4,Parkdale-High Park
6628958,STR-2305-FJHKVP,1153A Glencairn Ave,,M6B,Single/Semi-detached House,8,Eglinton-Lawrence
6628959,STR-2305-FRPKVQ,237 Holborne Ave,BSMT,M4C,Single/Semi-detached House,19,Beaches-East York
6628960,STR-2305-GXPKVV,22 Tambrook Dr,Basement,M1W,Single/Semi-detached House,22,Scarborough-Agincourt
6628961,STR-2305-GHRXVS,29 Notley Pl,,M4B,Single/Semi-detached House,19,Beaches-East York
6628962,STR-2305-GQXXVT,64 Gillespie Ave,,M6N,Single/Semi-detached House,9,Davenport
6628963,STR-2305-GYDXVV,92 Jay St,,M6L,Single/Semi-detached House,5,York South-Weston
6628964,STR-2305-FKPKVP,225 Lisgar St,1,M6J,Single/Semi-detached House,9,Davenport
6628965,STR-2305-FSVKVQ,28 O'Leary Ave,,M6E,Single/Semi-detached House,9,Davenport
6628966,STR-2305-GBBKVR,14 York St,301,M5J,Condominium,10,Spadina-Fort York
6628967,STR-2305-HQHKVX,847 College St,2,M6H,Apartment,9,Davenport
6628968,STR-2305-HXPKVY,1066 Lillian St,,M2M,Single/Semi-detached House,18,Willowdale
6628969,STR-2305-FDQRVP,47 Vermont Ave,,M6G,Single/Semi-detached House,11,University-Rosedale
6628970,STR-2305-FVTDVR,123 Belgravia Ave,,M6E,Single/Semi-detached House,8,Eglinton-Lawrence
6628971,STR-2305-HJZDVX,72 Elmer Ave,Main,M4L,Single/Semi-detached House,19,Beaches-East York
6628972,STR-2305-GDQRVS,155 Yorkville Ave,802,M5R,Condominium,11,University-Rosedale
6628973,STR-2305-HSWRVY,2 Russett Ave,2,M6H,Duplex/Triplex/Fourplex,9,Davenport
6628974,STR-2305-HCZDVW,36 Via Bagnato,840,M6A,Condominium,8,Eglinton-Lawrence
6628975,STR-2305-FXQRVR,50 Sherwood Ave,,M4P,Single/Semi-detached House,15,Don Valley West
6628976,STR-2305-GWJRVV,85 Scarboro Beach Blvd,,M4E,Single/Semi-detached House,19,Beaches-East York
6628977,STR-2305-FQZDVQ,176 Wiltshire Ave,,M6N,Townhouse/ Row House,9,Davenport
6628978,STR-2305-HWJRVY,565 Conacher Dr,,M2M,Single/Semi-detached House,18,Willowdale
6628979,STR-2305-FZMDVR,832 Bay St,4504,M5S,Condominium,11,University-Rosedale
6628980,STR-2305-GHTDVS,26 Dentonia Park Ave,,M4C,Single/Semi-detached House,19,Beaches-East York
6628981,STR-2305-GQZDVT,118 Fulton Ave,,M4K,Single/Semi-detached House,14,Toronto-Danforth
6628982,STR-2305-GYGDVV,55 Charles St W,2601,M5S,Apartment,11,University-Rosedale
6628983,STR-2305-HPTDVX,57 Rosethorn Ave,,M6N,Single/Semi-detached House,9,Davenport
6628984,STR-2305-HYGDVY,345 Clinton St,1,M6G,Single/Semi-detached House,11,University-Rosedale
6628985,STR-2305-FDRXVP,151 Dan Leckie Way,209,M5V,Condominium,10,Spadina-Fort York
6628986,STR-2305-GKRXVT,251 Jarvis St,1712,M5B,Condominium,13,Toronto Centre
6628987,STR-2210-FJQDVB,32 Alma Ave,2,M6J,Single/Semi-detached House,9,Davenport
6628988,STR-2210-HGCDVJ,50 East Liberty St,1136,M6K,Condominium,10,Spadina-Fort York
6628989,STR-2210-GRFRVG,18 Fourth St,,M8V,Single/Semi-detached House,3,Etobicoke-Lakeshore
6628990,STR-2210-GYLRVH,52 Orchard Park Blvd,,M4L,Townhouse/ Row House,19,Beaches-East York
6628991,STR-2210-FKWDVB,42 Sparrow Ave,UN1,M6A,Single/Semi-detached House,8,Eglinton-Lawrence
6628992,STR-2210-HHYRVJ,98 Lillian St,1619,M4S,Condominium,12,Toronto-St. Paul's
6628993,STR-2210-HRXKVL,38 Grenville St,4406,M4Y,Condominium,13,Toronto Centre
6628994,STR-2210-GDGXVF,494 Jones Ave,,M4J,Single/Semi-detached House,14,Toronto-Danforth
6628995,STR-2210-GMDKVG,278 Renforth Dr,,M9C,Single/Semi-detached House,2,Etobicoke Centre
6628996,STR-2210-GGDKVF,21 Iceboat Ter,1915,M5V,Condominium,10,Spadina-Fort York
6628997,STR-2210-HDXKVJ,97 Claremont St,,M6J,Single/Semi-detached House,10,Spadina-Fort York
6628998,STR-2210-FRGXVC,139 Glenholme Ave,,M6E,Single/Semi-detached House,9,Davenport
6628999,STR-2210-GPZXVG,202 Augusta Ave,2,M5T,Apartment,11,University-Rosedale
6629000,STR-2210-JDGXVM,99 Hayden St,902,M4Y,Condominium,11,University-Rosedale
6629001,STR-2210-FZDKVD,151 Dan Leckie Way,646,M5V,Condominium,10,Spadina-Fort York
6629002,STR-2210-FZTXVD,101 Peter St,1101,M5V,Condominium,10,Spadina-Fort York
6629003,STR-2210-GHZXVF,173 Humewood Dr,BSMT,M6C,Single/Semi-detached House,12,Toronto-St. Paul's
6629004,STR-2210-GYMXVH,165A Beta St,,M8W,Single/Semi-detached House,3,Etobicoke-Lakeshore
6629005,STR-2210-FKXKVB,114 Greenlaw Ave,,M6H,Single/Semi-detached House,9,Davenport
6629006,STR-2210-FTDKVC,10 Capreol Crt,502,M5V,Condominium,10,Spadina-Fort York
6629007,STR-2210-FLMXVB,28 Linden St,207,M4Y,Condominium,13,Toronto Centre
6629008,STR-2210-FTTXVC,80 Western Battery Rd,2210,M6K,Condominium,10,Spadina-Fort York
6629009,STR-2210-GSMXVG,350 Harbord St,,M6G,Apartment,11,University-Rosedale
6629010,STR-2210-HRGXVK,22 Sarnia Ave,,M6P,Single/Semi-detached House,9,Davenport
6629011,STR-2210-FWCDVD,42 Camden St,405,M5V,Condominium,10,Spadina-Fort York
6629012,STR-2210-FWSRVD,62 Brunswick Ave,1,M5S,Duplex/Triplex/Fourplex,11,University-Rosedale
6629013,STR-2210-GDYRVF,570 Bay St,1009,M5G,Condominium,10,Spadina-Fort York
6629014,STR-2210-FXJDVD,155 Legion Rd N,1003,M8Y,Condominium,3,Etobicoke-Lakeshore
6629015,STR-2210-GMWDVG,91 Alton Ave,,M4L,Single/Semi-detached House,14,Toronto-Danforth
6629016,STR-2210-JCCDVM,910 St Clarens Ave,Main,M6H,Duplex/Triplex/Fourplex,9,Davenport
6629017,STR-2210-FHLRVB,264 Howland Ave,,M5R,Single/Semi-detached House,11,University-Rosedale
6629018,STR-2210-HDYRVJ,616 Indian Rd,,M6P,Single/Semi-detached House,4,Parkdale-High Park
6629019,STR-2210-HMFRVK,7 Yvonne Ave,,M3L,Single/Semi-detached House,7,Humber River-Black Creek
6629020,STR-2210-HFQDVJ,142 Eaton Ave,,M4J,Single/Semi-detached House,14,Toronto-Danforth
6629021,STR-2210-HMWDVK,8 Charlotte St,416,M5V,Condominium,10,Spadina-Fort York
6629022,STR-2210-JDJDVM,200 Dufferin St,19,M6K,Apartment,4,Parkdale-High Park
6629023,STR-2210-FZFRVD,44 Springhurst Ave,3,M6K,Single/Semi-detached House,4,Parkdale-High Park
6629024,STR-2210-GJCDVF,138 St Helen's Ave,511,M6H,Condominium,9,Davenport
6629025,STR-2210-GYQDVH,65 Bremner Blvd,3906,M5J,Condominium,10,Spadina-Fort York
6629026,STR-2210-HGWDVJ,51 Greenlaw Ave,,M6H,Single/Semi-detached House,9,Davenport
6629027,STR-2210-HXJDVL,16 Sultana Ave,,M6A,Single/Semi-detached House,8,Eglinton-Lawrence
6629028,STR-2210-GBLRVD,110 Kimbark Blvd,,M5N,Single/Semi-detached House,8,Eglinton-Lawrence
6629029,STR-2210-HRJDVK,215 Fort York Blvd,2506,M5V,Condominium,10,Spadina-Fort York
6629030,STR-2210-HYQDVL,10 Capreol Crt,306,M5V,Condominium,10,Spadina-Fort York
6629031,STR-2210-JGWDVM,155 Yorkville Ave,3013,M5R,Condominium,11,University-Rosedale
6629032,STR-2210-GKZXVG,263 Pape Ave,5,M4M,Duplex/Triplex/Fourplex,14,Toronto-Danforth
6629033,STR-2210-HRZXVL,300 Front St W,4502,M5V,Condominium,10,Spadina-Fort York
6629034,STR-2210-HKKKVK,116 Seaton St,1,M5A,Duplex/Triplex/Fourplex,13,Toronto Centre
6629035,STR-2210-GMGXVG,118 Brookside Ave,,M6S,Single/Semi-detached House,4,Parkdale-High Park
6629036,STR-2210-FGXKVB,123 Overture Rd,A,M1E,Single/Semi-detached House,24,Scarborough-Guildwood
6629037,STR-2210-FQDKVC,359 Sackville St,,M5A,Single/Semi-detached House,13,Toronto Centre
6629038,STR-2210-GWDKVH,30 Nelson St,1003,M5V,Condominium,10,Spadina-Fort York
6629039,STR-2210-HTXKVL,477 Richmond St W,507,M5V,Condominium,10,Spadina-Fort York
6629040,STR-2210-JCDKVM,263B Gamble Ave,,M4J,Single/Semi-detached House,14,Toronto-Danforth
6629041,STR-2210-FHMXVB,711 Crawford St,2nd Floor,M6G,Duplex/Triplex/Fourplex,11,University-Rosedale
6629042,STR-2210-GGGXVF,58 Langside Ave,Basement,M9N,Single/Semi-detached House,5,York South-Weston
6629043,STR-2210-GPMXVG,23 Legume Rd,,M9M,Single/Semi-detached House,7,Humber River-Black Creek
6629044,STR-2210-GWTXVH,73 Acton Ave,,M3H,Single/Semi-detached House,6,York Centre
6629045,STR-2210-GQTXVG,197 Markland Dr,,M9C,Single/Semi-detached House,2,Etobicoke Centre
6629046,STR-2210-GXZXVH,300 Front St W,1713,M5V,Condominium,10,Spadina-Fort York
6629047,STR-2210-JDZXVM,147 Porchester Dr,,M1J,Single/Semi-detached House,24,Scarborough-Guildwood
6629048,STR-2210-GJDKVF,35 Simpson Ave,,M4K,Single/Semi-detached House,14,Toronto-Danforth
6629049,STR-2210-HXKKVL,77 Spencer Ave,209,M6K,Apartment,4,Parkdale-High Park
6629050,STR-2210-HQTXVK,89 Kingsdale Ave,,M2N,Single/Semi-detached House,18,Willowdale
6629051,STR-2210-FFSRVB,67 Ruthmar Cres,,M3N,Single/Semi-detached House,7,Humber River-Black Creek
6629052,STR-2404-GHWDVS,112 Springhurst Ave,2B,M6K,Duplex/Triplex/Fourplex,4,Parkdale-High Park
6629053,STR-2404-GYJDVV,265 Glenholme Ave,,M6E,Single/Semi-detached House,9,Davenport
6629054,STR-2404-HPWDVX,65 Arcadian Crcl,10,M8W,Apartment,3,Etobicoke-Lakeshore
6629055,STR-2404-HXCDVY,251 Jarvis St,1425,M5B,Condominium,13,Toronto Centre
6629056,STR-2404-JFJDVZ,40 Nanton Ave,Upper,M4W,Single/Semi-detached House,11,University-Rosedale
6629057,STR-2404-GRSRVT,200 McKee Ave,,M2N,Single/Semi-detached House,18,Willowdale
6629058,STR-2404-HQLRVX,151 Dan Leckie Way,1611,M5V,Condominium,10,Spadina-Fort York
6629059,STR-2404-FLJDVP,101 Peter St,3301,M5V,Condominium,10,Spadina-Fort York
6629060,STR-2404-GZQDVV,30 Nelson St,2504,M5V,Condominium,10,Spadina-Fort York
6629061,STR-2405-FVGXVR,14 York St,906,M5J,Apartment,10,Spadina-Fort York
6629062,STR-2405-GDDKVS,219 Fort York Blvd,6,M5V,Condominium,10,Spadina-Fort York
6629063,STR-2405-GLKKVT,222 Elm St,1006,M5T,Apartment,11,University-Rosedale
6629064,STR-2405-GTRKVV,222 Elm St,702,M5T,Apartment,11,University-Rosedale
6629065,STR-2405-FWMXVR,151 Poyntz Ave,,M2N,Single/Semi-detached House,18,Willowdale
6629066,STR-2405-GLZXVT,155 Yorkville Ave,2012,M5R,Condominium,11,University-Rosedale
6629067,STR-2405-GVGXVV,73 Castlefield Ave,,M4R,Single/Semi-detached House,8,Eglinton-Lawrence
6629068,STR-2405-FGRKVP,909 Bay St,808,M5S,Condominium,13,Toronto Centre
6629069,STR-2405-HDDKVW,14 York St,1404,M5J,Condominium,10,Spadina-Fort York
6629070,STR-2405-HTRKVY,955 Bay St,2018,M5S,Condominium,13,Toronto Centre
6629071,STR-2405-JBXKVZ,79 Cameron Ave,,M2N,Single/Semi-detached House,18,Willowdale
6629072,STR-2405-FQMXVQ,131 Coleridge Ave,,M4C,Single/Semi-detached House,19,Beaches-East York
6629073,STR-2405-FXTXVR,21 Iceboat Ter,3015,M5V,Condominium,10,Spadina-Fort York
6629074,STR-2405-GPGXVT,38 Grenville St,4306,M4Y,Condominium,13,Toronto Centre
6629075,STR-2405-GWMXVV,35 Margueretta St,,M6K,Single/Semi-detached House,9,Davenport
6629076,STR-2405-HDTXVW,73 Richmond St W,PH4,M5H,Apartment,10,Spadina-Fort York
6629077,STR-2405-JCMXVZ,201 Emerson Ave,,M6H,Single/Semi-detached House,9,Davenport
6629078,STR-2405-GGRKVS,49 Lonborough Ave,B,M6M,Single/Semi-detached House,5,York South-Weston
6629079,STR-2405-HFKKVW,915 King St W,309,M6K,Condominium,10,Spadina-Fort York
6629080,STR-2108-FWMHHD,29 Mechanic Ave,B,M6K,Single/Semi-detached House,9,Davenport
6629081,STR-2405-HMRKVX,18 Garnet Ave,A,M6G,Duplex/Triplex/Fourplex,11,University-Rosedale
6629082,STR-2405-HVXKVY,696 Indian Rd,,M6P,Single/Semi-detached House,4,Parkdale-High Park
6629083,STR-2405-FRTXVQ,12 York St,2010,M5J,Condominium,10,Spadina-Fort York
6629084,STR-2405-GHGXVS,46 East Liberty St,503,M6K,Townhouse/ Row House,10,Spadina-Fort York
6629085,STR-2405-GQMXVT,15 Iceboat Ter,3303,M5V,Condominium,10,Spadina-Fort York
6629086,STR-2405-HWMXVY,402 McRoberts Ave,,M6E,Single/Semi-detached House,9,Davenport
6629087,STR-2405-GHXKVS,27 Clinton St,BSMT,M6J,Townhouse/ Row House,11,University-Rosedale
6629088,STR-2405-GBGXVR,46 Addington Ave,,M2N,Single/Semi-detached House,18,Willowdale
6629089,STR-2405-JGRKVZ,44 Rhodes Ave,,M4L,Single/Semi-detached House,14,Toronto-Danforth
6629090,STR-2405-GTCDVV,219 Fort York Blvd,3105,M5V,Condominium,10,Spadina-Fort York
6629091,STR-2405-HRWDVY,29 Highbourne Rd,,M5P,Single/Semi-detached House,12,Toronto-St. Paul's
6629092,STR-2405-HZCDVZ,2191 Yonge St,2510,M4S,Condominium,12,Toronto-St. Paul's
6629093,STR-2405-FMSRVQ,151 Dan Leckie Way,848,M5V,Condominium,10,Spadina-Fort York
6629094,STR-2405-GDFRVS,215 Fort York Blvd,3211,M5V,Condominium,10,Spadina-Fort York
6629095,STR-2405-HKFRVX,45 Botany Hill Rd,,M1G,Single/Semi-detached House,24,Scarborough-Guildwood
6629096,STR-2405-HZSRVZ,300 Front St W,503,M5V,Condominium,10,Spadina-Fort York
6629097,STR-2405-FGCDVP,294 Richmond St E,301,M5A,Apartment,13,Toronto Centre
6629098,STR-2108-HSJVHL,34 Victoria Blvd,,M6M,Single/Semi-detached House,5,York South-Weston
6629099,STR-2108-FPGHHC,25 Charlemont Cres,,M1T,Single/Semi-detached House,22,Scarborough-Agincourt
6629100,STR-2108-GVWVHH,492 Northcliffe Blvd,BSMT,M6E,Duplex/Triplex/Fourplex,12,Toronto-St. Paul's
6629101,STR-2108-GPWVHG,98 Pembroke St,,M5A,Single/Semi-detached House,13,Toronto Centre
6629102,STR-2108-FKCVHB,24 Denrock Dr,Upper,M2K,Single/Semi-detached House,17,Don Valley North
6629103,STR-2108-GHWVHF,2 Ravenwood Pl,,M4B,Single/Semi-detached House,19,Beaches-East York
6629104,STR-2206-FMVXVC,241 Emerson Ave,,M6H,Single/Semi-detached House,9,Davenport
6629105,STR-2206-HCBXVJ,501 Markham St,5,M6G,Duplex/Triplex/Fourplex,11,University-Rosedale
6629106,STR-2206-HZVXVM,45 Gillespie Ave,1,M6N,Duplex/Triplex/Fourplex,9,Davenport
6629107,STR-2108-FKTHHB,16 Lippincott St W,,M9N,Single/Semi-detached House,5,York South-Weston
6629108,STR-2108-FSZHHC,363 Strathmore Blvd,1,M4C,Single/Semi-detached House,19,Beaches-East York
6629109,STR-2108-HXTHHL,223 Seaton St,,M5A,Single/Semi-detached House,13,Toronto Centre
6629110,STR-2108-FFLBHB,347 Davisville Ave,,M4S,Single/Semi-detached House,15,Don Valley West
6629111,STR-2108-HSLBHL,34 Crow Trl,,M1B,Single/Semi-detached House,23,Scarborough North
6629112,STR-2108-HKVPHK,29 Glen Ames,,M4E,Single/Semi-detached House,19,Beaches-East York
6629113,STR-2108-FXVPHD,65 Inniswood Dr,A,M1R,Single/Semi-detached House,21,Scarborough Centre
6629114,STR-2108-GGBPHF,10 Doverwood Crt,,M2M,Single/Semi-detached House,18,Willowdale
6629115,STR-2108-GWPPHH,3 Bellwoods Ave,,M6J,Single/Semi-detached House,10,Spadina-Fort York
6629116,STR-2108-HFLBHJ,23 Laredo Crt,,M2M,Single/Semi-detached House,18,Willowdale
6629117,STR-2108-HVYBHL,88 Heron Park Pl,,M1E,Townhouse/ Row House,25,Scarborough-Rouge Park
6629118,STR-2108-GQPPHG,69 Shaw St,,M6J,Single/Semi-detached House,10,Spadina-Fort York
6629119,STR-2108-HWPPHL,12 York St,4505,M5J,Condominium,10,Spadina-Fort York
6629120,STR-2108-FTBPHC,299 Logan Ave,,M4M,Single/Semi-detached House,14,Toronto-Danforth
6629121,STR-2108-HQPPHK,17 Glengrove Ave E,B,M4N,Duplex/Triplex/Fourplex,15,Don Valley West
6629122,STR-2109-HHYBHJ,127 Wallace Ave,,M6H,Townhouse/ Row House,9,Davenport
6629123,STR-2109-GTTHHH,9 Pendeen Ave,Unit 1,M6N,Single/Semi-detached House,5,York South-Weston
6629124,STR-2109-HBZHHJ,104 Oakvale Ave,,M4J,Single/Semi-detached House,14,Toronto-Danforth
6629125,STR-2109-GVJVHH,62 Kearney Dr,,M9W,Single/Semi-detached House,1,Etobicoke North
6629126,STR-2109-HKWVHK,566 Annette St,,M6S,Single/Semi-detached House,4,Parkdale-High Park
6629127,STR-2109-FQQVHC,11 Watson St,,M1C,Single/Semi-detached House,25,Scarborough-Rouge Park
6629128,STR-2109-HMCVHK,393 Margueretta St,,M6H,Single/Semi-detached House,9,Davenport
6629129,STR-2109-GBZHHD,105 George St,604,M5A,Condominium,13,Toronto Centre
6629130,STR-2109-GCSBHF,244 Delaware Ave,1,M6H,Townhouse/ Row House,9,Davenport
6629131,STR-2109-FMVPHC,195 Erskine Ave,,M4P,Single/Semi-detached House,15,Don Valley West
6629132,STR-2109-FXHPHD,250 Wellington St W,527,M5V,Condominium,10,Spadina-Fort York
6629133,STR-2109-HLPPHK,65 Bremner Blvd,1102,M5J,Apartment,10,Spadina-Fort York
6629134,STR-2109-GXHPHH,648A Yonge St,303,M4Y,Duplex/Triplex/Fourplex,13,Toronto Centre
6629135,STR-2109-HFPPHJ,1653 St Clair Ave W,B,M6N,Duplex/Triplex/Fourplex,9,Davenport
6629136,STR-2109-JDHPHM,183 Cornelius Pkwy,,M6L,Single/Semi-detached House,5,York South-Weston
6629137,STR-2109-JDYBHM,210 Victoria St,3004,M5B,Condominium,13,Toronto Centre
6629138,STR-2109-FKHPHB,219 Symington Ave,Upstairs Unit,M6P,Single/Semi-detached House,9,Davenport
6629139,STR-2109-HQBPHK,8 Charlotte St,509,M5V,Condominium,10,Spadina-Fort York
6629140,STR-2109-GZFBHH,101 Peter St,2212,M5V,Apartment,10,Spadina-Fort York
6629141,STR-2109-FDZHHB,105 George St,2013,M5A,Condominium,13,Toronto Centre
6629142,STR-2109-FMGHHC,37 Highfield Rd,,M4L,Single/Semi-detached House,14,Toronto-Danforth
6629143,STR-2109-FMWVHC,12 York St,303,M5J,Condominium,10,Spadina-Fort York
6629144,STR-2110-HKJVHK,190 Borough Dr,3105,M1P,Condominium,21,Scarborough Centre
6629145,STR-2110-JCTHHM,305 Augusta Ave,,M5T,Single/Semi-detached House,11,University-Rosedale
6629146,STR-2110-HWTHHL,294 Euclid Ave,,M6J,Single/Semi-detached House,11,University-Rosedale
6629147,STR-2110-GJCVHF,51 Markham St,,M6J,Single/Semi-detached House,10,Spadina-Fort York
6629148,STR-2110-HQCVHK,21 Carlton St,3001,M5B,Condominium,13,Toronto Centre
6629149,STR-2110-FKZHHB,574 Wellington St W,600A,M5V,Condominium,10,Spadina-Fort York
6629150,STR-2110-GJTHHF,65 Bremner Blvd,4306,M5J,Condominium,10,Spadina-Fort York
6629151,STR-2110-GRZHHG,74 Coulter Ave,,M9N,Single/Semi-detached House,5,York South-Weston
6629152,STR-2110-HQTHHK,188 Cumberland St,612,M5R,Condominium,11,University-Rosedale
6629153,STR-2110-FFBPHB,113 Pitt Ave,,M1L,Single/Semi-detached House,20,Scarborough Southwest
6629154,STR-2110-HZHPHM,5 Massey Sq,219,M4C,Condominium,19,Beaches-East York
6629155,STR-2110-GVPPHH,19 Gatwick Ave,,M4C,Single/Semi-detached House,19,Beaches-East York
6629156,STR-2110-HCVPHJ,188 Cumberland St,2507,M5R,Condominium,11,University-Rosedale
6629157,STR-2110-HFBPHJ,15 Sproat Ave,,M4M,Single/Semi-detached House,14,Toronto-Danforth
6629158,STR-2110-HMHPHK,1227 Dundas St W,201,M6J,Apartment,10,Spadina-Fort York
6629159,STR-2110-JCVPHM,41 Huntley St,2,M4Y,Single/Semi-detached House,13,Toronto Centre
6629160,STR-2110-GYBPHH,243 Silver Springs Blvd,,M1V,Single/Semi-detached House,22,Scarborough-Agincourt
6629161,STR-2110-FSSBHC,223 Lonsmount Dr,,M5P,Single/Semi-detached House,12,Toronto-St. Paul's
6629162,STR-2110-HQVPHK,89 Dunfield Ave,2401,M4S,Condominium,12,Toronto-St. Paul's
6629163,STR-2110-FTYBHC,233 Lansdowne Ave,,M6K,Single/Semi-detached House,9,Davenport
6629164,STR-2110-FFTHHB,8 Dixfield Dr,,M9C,Single/Semi-detached House,2,Etobicoke Centre
6629165,STR-2111-FXMHHD,41 Dewhurst Blvd,2,M4J,Duplex/Triplex/Fourplex,14,Toronto-Danforth
6629166,STR-2111-GMZHHG,22 Distin Ave,,M8Z,Single/Semi-detached House,3,Etobicoke-Lakeshore
6629167,STR-2111-GWWVHH,2427 Warden Ave,Main,M1W,Single/Semi-detached House,22,Scarborough-Agincourt
6629168,STR-2111-GYCVHH,10 Jeff Dr,,M9C,Single/Semi-detached House,2,Etobicoke Centre
6629169,STR-2111-FVBRVD,12 Warfield Dr,Lower,M2J,Single/Semi-detached House,17,Don Valley North
6629170,STR-2111-HYVRVM,119 1/2 Maplewood Ave,,M6C,Single/Semi-detached House,12,Toronto-St. Paul's
6629171,STR-2111-FYFDVD,11 Hammersmith Ave,Lower,M4E,Duplex/Triplex/Fourplex,19,Beaches-East York
6629172,STR-2111-HBSDVJ,21 Kensington Ave,Floor 2,M5T,Townhouse/ Row House,11,University-Rosedale
6629173,STR-2111-FWHRVD,155 Yorkville Ave,1411,M5R,Condominium,11,University-Rosedale
6629174,STR-2111-GVBRVH,12 York St,2705,M5J,Condominium,10,Spadina-Fort York
6629175,STR-2111-JBBRVM,12 Ashby Pl,,M5A,Townhouse/ Row House,13,Toronto Centre
6629176,STR-2111-FGLDVB,47 Caroline Ave,,M4M,Single/Semi-detached House,14,Toronto-Danforth
6629177,STR-2111-FHSDVB,322 Albany Ave,,M5R,Single/Semi-detached House,12,Toronto-St. Paul's
6629178,STR-2111-GGLDVF,268 High Park Ave,1,M6P,Single/Semi-detached House,4,Parkdale-High Park
6629179,STR-2111-GPSDVG,14 Wardell St,B,M4M,Single/Semi-detached House,14,Toronto-Danforth
6629180,STR-2111-FRPRVC,107 Portland St,,M5V,Single/Semi-detached House,10,Spadina-Fort York
6629181,STR-2111-HWHRVL,19 Ivy Lea Cres,,M8Y,Single/Semi-detached House,3,Etobicoke-Lakeshore
6629182,STR-2111-GBBRVD,131 Aldwych Ave,,M4J,Single/Semi-detached House,14,Toronto-Danforth
6629183,STR-2111-GYVRVH,69 Lynn Williams St,1603,M6K,Condominium,10,Spadina-Fort York
6629184,STR-2111-FTLDVC,495 Queen St E,,M5A,Townhouse/ Row House,13,Toronto Centre
6629185,STR-2111-HBCXVJ,290 Adelaide St W,3502,M5V,Condominium,10,Spadina-Fort York
6629186,STR-2111-HJJXVK,55 Bremner Blvd,3101,M5J,Condominium,10,Spadina-Fort York
6629187,STR-2111-HRQXVL,71 Essex St,,M6G,Duplex/Triplex/Fourplex,11,University-Rosedale
6629188,STR-2111-FWJXVD,101 Peter St,1210,M5V,Condominium,10,Spadina-Fort York
6629189,STR-2111-JBCXVM,921 College St,2,M6H,Apartment,9,Davenport
6629190,STR-2111-GMMKVG,31 Aldergrove Ave,,M4C,Single/Semi-detached House,19,Beaches-East York
6629191,STR-2111-HLGKVK,215 Yarmouth Rd,Main,M6G,Single/Semi-detached House,11,University-Rosedale
6629192,STR-2111-JBTKVM,7 Dashwood Cres,,M9V,Single/Semi-detached House,1,Etobicoke North
6629193,STR-2111-GWZKVH,62 McGill St,,M5B,Single/Semi-detached House,13,Toronto Centre
6629194,STR-2111-HVTKVL,12 Bater Ave,309,M4K,Apartment,14,Toronto-Danforth
6629195,STR-2111-FSGKVC,22 Stonehenge Cres,,M1G,Single/Semi-detached House,24,Scarborough-Guildwood
6629196,STR-2111-HWZKVL,325 Robina Ave,,M6C,Single/Semi-detached House,12,Toronto-St. Paul's
6629197,STR-2111-FTMKVC,65 Bremner Blvd,1901,M5J,Condominium,10,Spadina-Fort York
6629198,STR-2111-HHTKVJ,1222 Islington Ave,,M8Z,Single/Semi-detached House,3,Etobicoke-Lakeshore
6629199,STR-2112-HKBRVK,300 Front St W,802,M5V,Condominium,10,Spadina-Fort York
6629200,STR-2112-HLHRVK,33 Erskine Ave,503,M4P,Apartment,15,Don Valley West
6629201,STR-2112-FQLDVC,113 Wineva Ave,,M4E,Single/Semi-detached House,19,Beaches-East York
6629202,STR-2112-GFYDVF,65 Bremner Blvd,1704,M5J,Condominium,10,Spadina-Fort York
6629203,STR-2112-HMPRVK,1 Shaw St,622,M6K,Condominium,10,Spadina-Fort York
6629204,STR-2112-HFYDVJ,1041 Gerrard St E,Upper Unit,M4M,Single/Semi-detached House,14,Toronto-Danforth
6629205,STR-2112-HGPRVJ,251 Jarvis St,520,M5B,Condominium,13,Toronto Centre
6629206,STR-2112-HPVRVK,15 Ross St,201,M5T,Single/Semi-detached House,11,University-Rosedale
6629207,STR-2112-HXBRVL,30 Amesbury Dr,,M6M,Single/Semi-detached House,5,York South-Weston
6629208,STR-2112-FSYDVC,31 Sharron Dr,,M4G,Single/Semi-detached House,15,Don Valley West
6629209,STR-2201-HPYDVK,586 Spadina Ave,1,M5S,Apartment,11,University-Rosedale
6629210,STR-2112-GSHRVG,14 York St,4906,M5J,Condominium,10,Spadina-Fort York
6629211,STR-2112-HHVRVJ,257 Finch Ave E,Main,M2N,Single/Semi-detached House,18,Willowdale
6629212,STR-2112-JGPRVM,41 Sullivan St,,M5T,Townhouse/ Row House,10,Spadina-Fort York
6629213,STR-2112-FVGKVD,82 Shangarry Dr,,M1R,Single/Semi-detached House,21,Scarborough Centre
6629214,STR-2112-HJMKVK,1253 Gerrard St E,,M4L,Single/Semi-detached House,14,Toronto-Danforth
6629215,STR-2112-HYZKVM,210 Victoria St,3105,M5B,Condominium,13,Toronto Centre
6629216,STR-2112-GLZKVG,755 Merton St,3,M4S,Duplex/Triplex/Fourplex,15,Don Valley West
6629217,STR-2112-HCMKVJ,560 Front St W,505,M5V,Condominium,10,Spadina-Fort York
6629218,STR-2112-HKTKVK,45 Lorindale Ave,102,M5M,Condominium,8,Eglinton-Lawrence
6629219,STR-2112-GFZKVF,23 Northcote Ave,,M6J,Duplex/Triplex/Fourplex,9,Davenport
6629220,STR-2112-FJMKVB,557 Runnymede Rd,1,M6S,Duplex/Triplex/Fourplex,4,Parkdale-High Park
6629221,STR-2112-HWMKVL,260 Carlaw Ave,205B,M4M,Apartment,14,Toronto-Danforth
6629222,STR-2112-GRCXVG,251 Jarvis St,1116,M5B,Condominium,13,Toronto Centre
6629223,STR-2112-FSZKVC,21 Iceboat Ter,931,M5V,Condominium,10,Spadina-Fort York
6629224,STR-2112-FMSDVC,298 Seaton St,1,M5A,Duplex/Triplex/Fourplex,13,Toronto Centre
6629225,STR-2112-FWPRVD,120 Saturn Rd,,M9C,Single/Semi-detached House,2,Etobicoke Centre
6629226,STR-2201-HTSDVL,20 John St,622,M5V,Condominium,10,Spadina-Fort York
6629227,STR-2201-GPHRVG,47 O'Connor Dr,,M4K,Single/Semi-detached House,14,Toronto-Danforth
6629228,STR-2201-HVHRVL,131 Markham St,,M6J,Duplex/Triplex/Fourplex,10,Spadina-Fort York
6629229,STR-2201-HMSDVK,58 Ron Attwell St,,M9M,Single/Semi-detached House,7,Humber River-Black Creek
6629230,STR-2201-JDFDVM,42 Scarborough Rd,,M4E,Single/Semi-detached House,19,Beaches-East York
6629231,STR-2201-GQPRVG,18 Vermont Ave,Rear,M6G,Duplex/Triplex/Fourplex,11,University-Rosedale
6629232,STR-2201-JDVRVM,2835 Islington Ave,708,M9L,Condominium,7,Humber River-Black Creek
6629233,STR-2201-FZSDVD,159 Dan Leckie Way,G12,M5V,Condominium,10,Spadina-Fort York
6629234,STR-2201-HZTKVM,91 Woodside Ave,,M6P,Single/Semi-detached House,4,Parkdale-High Park
6629235,STR-2201-GPJXVG,48 Haslett Ave,,M4L,Single/Semi-detached House,19,Beaches-East York
6629236,STR-2201-GWQXVH,21 Geraldton Cres,,M2J,Single/Semi-detached House,17,Don Valley North
6629237,STR-2201-FKGKVB,168 Simcoe St,PH1,M5H,Apartment,10,Spadina-Fort York
6629238,STR-2201-GHZKVF,152 Boon Ave,,M6E,Single/Semi-detached House,9,Davenport
6629239,STR-2201-HZVRVM,152 Clinton St,3,M6G,Duplex/Triplex/Fourplex,11,University-Rosedale
6629240,STR-2201-HKYDVK,2949 Weston Rd,,M9M,Single/Semi-detached House,7,Humber River-Black Creek
6629241,STR-2201-HDHRVJ,141 Glenvale Blvd,,M4G,Single/Semi-detached House,15,Don Valley West
6629242,STR-2201-GPLDVG,21 Iceboat Ter,4809,M5V,Apartment,10,Spadina-Fort York
6629243,STR-2201-JCSDVM,300 Front St W,2105,M5V,Apartment,10,Spadina-Fort York
6629244,STR-2201-HFPRVJ,300 Front St W,2503,M5V,Condominium,10,Spadina-Fort York
6629245,STR-2202-GKHRVF,1 Rockland Dr,,M2M,Duplex/Triplex/Fourplex,17,Don Valley North
6629246,STR-2202-GKZKVG,149 Seaton St,Basement,M5A,Townhouse/ Row House,13,Toronto Centre
6629247,STR-2202-GTGKVH,105 George St,1710,M5A,Condominium,13,Toronto Centre
6629248,STR-2202-FQCXVC,155 Yorkville Ave,315,M5R,Condominium,11,University-Rosedale
6629249,STR-2202-FQTKVC,661 Dovercourt Rd,,M6H,Single/Semi-detached House,9,Davenport
6629250,STR-2202-GWTKVH,231 Fort York Blvd,1012,M5V,Condominium,10,Spadina-Fort York
6629251,STR-2202-HMGKVK,219 Fort York Blvd,1402,M5V,Condominium,10,Spadina-Fort York
6629252,STR-2202-HWCXVL,965 Dufferin St,,M6H,Single/Semi-detached House,9,Davenport
6629253,STR-2202-FSQXVC,296 Brighton Ave,BSMT,M3H,Single/Semi-detached House,6,York Centre
6629254,STR-2202-HJCXVJ,54 Elm Ave,,M4W,Single/Semi-detached House,11,University-Rosedale
6629255,STR-2202-FWFDVD,87 Rhodes Ave,,M4L,Single/Semi-detached House,14,Toronto-Danforth
6629256,STR-2202-HZYDVM,48 Gladstone Ave,3rd floor,M6J,Duplex/Triplex/Fourplex,9,Davenport
6629257,STR-2202-FGHRVB,55 Charles St W,1405,M5S,Apartment,11,University-Rosedale
6629258,STR-2203-HWGKVL,106 Duplex Ave,Upper Unit,M5P,Single/Semi-detached House,12,Toronto-St. Paul's
6629259,STR-2202-HDLDVJ,176 Wineva Ave,,M4E,Single/Semi-detached House,19,Beaches-East York
6629260,STR-2202-HFBRVJ,26 Hamer Blvd,,M9R,Single/Semi-detached House,1,Etobicoke North
6629261,STR-2202-GXLDVH,955 BAY ST,4007,M5S,Condominium,13,Toronto Centre
6629262,STR-2202-FSBRVC,10 Oak Park Ave,,M4C,Single/Semi-detached House,19,Beaches-East York
6629263,STR-2202-GYBRVH,245 Bellwoods Ave,,M6J,Townhouse/ Row House,11,University-Rosedale
6629264,STR-2202-HGHRVJ,426 Markham St,1C,M6G,Single/Semi-detached House,11,University-Rosedale
6629265,STR-2202-JFBRVM,2 Anndale Dr,1110,M2N,Condominium,18,Willowdale
6629266,STR-2202-FLBRVB,592 Brookdale Ave,A,M5M,Single/Semi-detached House,8,Eglinton-Lawrence
6629267,STR-2202-FTHRVC,14 York St,2604,M5J,Condominium,10,Spadina-Fort York
6629268,STR-2202-FTYDVC,42 Rosevear Ave,,M4C,Single/Semi-detached House,19,Beaches-East York
6629269,STR-2202-FVQXVD,269 Ashdale Ave,,M4L,Single/Semi-detached House,14,Toronto-Danforth
6629270,STR-2202-HBQXVJ,94 Grenadier Rd,,M6R,Single/Semi-detached House,4,Parkdale-High Park
6629271,STR-2202-GDMKVF,155 Yorkville Ave,2910,M5R,Condominium,11,University-Rosedale
6629272,STR-2202-GTZKVH,38 Glenaden Ave E,,M8Y,Single/Semi-detached House,3,Etobicoke-Lakeshore
6629273,STR-2202-HKMKVK,10 San Romanoway,808,M3N,Apartment,7,Humber River-Black Creek
6629274,STR-2203-FPQXVC,207 Downsview Park Blvd,,M3K,Townhouse/ Row House,6,York Centre
6629275,STR-2203-GMZKVG,8 Charlotte St,204,M5V,Condominium,10,Spadina-Fort York
6629276,STR-2203-HMJXVK,259 Ontario St,,M5A,Townhouse/ Row House,13,Toronto Centre
6629277,STR-2203-JCWXVM,5229 Dundas St W,603,M9B,Condominium,3,Etobicoke-Lakeshore
6629278,STR-2203-GGZKVF,300 Front St W,1111,M5V,Condominium,10,Spadina-Fort York
6629279,STR-2203-HFTKVJ,392 Rathburn Rd,,M9B,Single/Semi-detached House,2,Etobicoke Centre
6629280,STR-2203-JDMKVM,65 Bremner Blvd,2811,M5J,Condominium,10,Spadina-Fort York
6629281,STR-2203-FZJXVD,12 York St,1110,M5J,Condominium,10,Spadina-Fort York
6629282,STR-2203-GHQXVF,103 Bellwoods Ave,,M6J,Townhouse/ Row House,10,Spadina-Fort York
6629283,STR-2203-HQGKVK,215 Fort York Blvd,3302,M5V,Condominium,10,Spadina-Fort York
6629284,STR-2203-HHQXVJ,43 Markham St,,M6J,Single/Semi-detached House,10,Spadina-Fort York
6629285,STR-2203-FTZKVC,48 Westmoreland Ave,,M6H,Single/Semi-detached House,9,Davenport
6629286,STR-2203-HJGKVJ,297 Roxton Rd,,M6G,Townhouse/ Row House,11,University-Rosedale
6629287,STR-2203-JGZKVM,352 Albany Ave,,M5R,Single/Semi-detached House,12,Toronto-St. Paul's
6629288,STR-2203-GKPVHG,16 Kidbrooke Cres,,M1M,Single/Semi-detached House,20,Scarborough Southwest
6629289,STR-2203-HBBVHJ,681 Adelaide St W,,M6J,Single/Semi-detached House,10,Spadina-Fort York
6629290,STR-2203-HRPVHL,11 Lobb Ave,,M6J,Single/Semi-detached House,10,Spadina-Fort York
6629291,STR-2203-GLFHHG,12 Whistling Hills Dr,,M1V,Single/Semi-detached House,23,Scarborough North
6629292,STR-2203-HSFHHL,25 Oxley St,602,M5V,Condominium,10,Spadina-Fort York
6629293,STR-2203-HSVVHL,28A Dundonald St,,M4Y,Townhouse/ Row House,13,Toronto Centre
6629294,STR-2203-FWYHHD,69 Lynn Williams St,1002,M6K,Condominium,10,Spadina-Fort York
6629295,STR-2203-GVSHHH,5 London St,,M6G,Single/Semi-detached House,11,University-Rosedale
6629296,STR-2203-HTLHHL,101 Peter St,3812,M5V,Condominium,10,Spadina-Fort York
6629297,STR-2203-GWHVHH,713 Woodbine Ave,,M4E,Single/Semi-detached House,19,Beaches-East York
6629298,STR-2203-HVBVHL,210 Victoria St,2001,M5B,Condominium,13,Toronto Centre
6629299,STR-2203-JCHVHM,90 Ling Rd,205,M1E,Condominium,25,Scarborough-Rouge Park
6629300,STR-2203-FYFHHD,105 Soudan Ave,,M4S,Single/Semi-detached House,12,Toronto-St. Paul's
6629301,STR-2203-GPSHHG,646 Davenport Rd,,M5R,Single/Semi-detached House,12,Toronto-St. Paul's
6629302,STR-2203-HVSHHL,1 Mallon Ave,,M4M,Single/Semi-detached House,14,Toronto-Danforth
6629303,STR-2203-FJHVHB,270 Wellington St W,211,M5V,Condominium,10,Spadina-Fort York
6629304,STR-2203-HPBVHK,264 Lippincott St,,M5S,Single/Semi-detached House,11,University-Rosedale
6629305,STR-2203-HGLHHJ,151 Dan Leckie Way,841,M5V,Condominium,10,Spadina-Fort York
6629306,STR-2203-FKPVHB,49 East Liberty St,803,M6K,Condominium,10,Spadina-Fort York
6629307,STR-2203-HHBVHJ,101 Peter St,1902,M5V,Condominium,10,Spadina-Fort York
6629308,STR-2203-HXPVHL,43 Bigham Cres,,M9C,Single/Semi-detached House,2,Etobicoke Centre
6629309,STR-2203-JGLHHM,234 Queen St E,2nd & 3rd Floor,M5A,Townhouse/ Row House,13,Toronto Centre
6629310,STR-2203-FDRBHB,44 Fuller Ave,,M6R,Single/Semi-detached House,4,Parkdale-High Park
6629311,STR-2203-HRRBHL,155 Yorkville Ave,1901,M5R,Condominium,11,University-Rosedale
6629312,STR-2203-FMMPHC,67 Niagara St,,M5V,Single/Semi-detached House,10,Spadina-Fort York
6629313,STR-2203-HZMPHM,37 Nealon Ave,,M4K,Single/Semi-detached House,14,Toronto-Danforth
6629314,STR-2203-FWKBHD,72 Dunn Ave,,M6K,Single/Semi-detached House,4,Parkdale-High Park
6629315,STR-2203-HKRBHK,73 Haslam St,,M1N,Single/Semi-detached House,20,Scarborough Southwest
6629316,STR-2203-GMMPHG,300 Front St W,2510,M5V,Condominium,10,Spadina-Fort York
6629317,STR-2203-HLGPHK,375 King St W,2201,M5V,Condominium,10,Spadina-Fort York
6629318,STR-2203-GGMPHF,955 Bay St,214,M5S,Condominium,13,Toronto Centre
6629319,STR-2203-GPTPHG,300 Front St W,1710,M5V,Condominium,10,Spadina-Fort York
6629320,STR-2203-GXRBHH,101 Peter St,2407,M5V,Condominium,10,Spadina-Fort York
6629321,STR-2203-HWKBHL,65 Bremner Blvd,4305,M5J,Condominium,10,Spadina-Fort York
6629322,STR-2203-FZMPHD,110 Leacrest Rd,,M4G,Single/Semi-detached House,15,Don Valley West
6629323,STR-2203-GHTPHF,459 Main St,,M4C,Single/Semi-detached House,19,Beaches-East York
6629324,STR-2203-HWZPHL,90 Main St,B,M4E,Single/Semi-detached House,19,Beaches-East York
6629325,STR-2203-JFGPHM,103 Auburn Ave,2nd floor,M6H,Single/Semi-detached House,9,Davenport
6629326,STR-2203-HHDBHJ,112 West Lodge Ave,,M6K,Townhouse/ Row House,4,Parkdale-High Park
6629327,STR-2203-GBTPHD,231 Fort York Blvd,334,M5V,Condominium,10,Spadina-Fort York
6629328,STR-2203-GJZPHF,200 Sackville St,1107,M5A,Condominium,13,Toronto Centre
6629329,STR-2203-GSGPHG,574 Wellington St W,616A,M5V,Townhouse/ Row House,10,Spadina-Fort York
6629330,STR-2203-HYGPHL,54B Wanita Rd,,M1C,Single/Semi-detached House,25,Scarborough-Rouge Park
6629331,STR-2203-GCLHHF,155 Yorkville Ave,418,M5R,Condominium,11,University-Rosedale
6629332,STR-2203-GKSHHG,540 Northcliffe Blvd,,M6E,Single/Semi-detached House,12,Toronto-St. Paul's
6629333,STR-2203-FFHVHB,955 Bay St,2807,M5S,Condominium,13,Toronto Centre
6629334,STR-2203-GDBVHF,100 Harbour St,6110,M5J,Condominium,10,Spadina-Fort York
6629335,STR-2204-GDSHHF,9 Southport St,,M6S,Townhouse/ Row House,4,Parkdale-High Park
6629336,STR-2205-HCDBHJ,15 Chatfield Dr,,M3B,Single/Semi-detached House,16,Don Valley East
6629337,STR-2204-GVVVHH,174 Yarmouth Rd,,M6G,Single/Semi-detached House,11,University-Rosedale
6629338,STR-2204-JBVVHM,10 Tangreen Crt,1401,M2M,Condominium,18,Willowdale
6629339,STR-2204-FHFHHB,30 Grand Trunk Cres,1209,M5J,Condominium,10,Spadina-Fort York
6629340,STR-2204-GFYHHF,70 Pauline Ave,,M6H,Single/Semi-detached House,9,Davenport
6629341,STR-2204-GGPVHF,219 Coxwell Ave,,M4L,Townhouse/ Row House,19,Beaches-East York
6629342,STR-2204-JDBVHM,27 Kennaley Cres,,M1V,Single/Semi-detached House,23,Scarborough North
6629343,STR-2204-FJLHHB,51 Howland Ave,,M5R,Single/Semi-detached House,11,University-Rosedale
6629344,STR-2204-GXSHHH,2 Wendigo Way,,M6S,Single/Semi-detached House,4,Parkdale-High Park
6629345,STR-2204-HWLHHL,65 London St,Upper,M6G,Single/Semi-detached House,11,University-Rosedale
6629346,STR-2204-GHVVHF,46 Arnold Ave,,M5A,Single/Semi-detached House,13,Toronto Centre
6629347,STR-2204-GRBVHG,4 Bank St,,M6K,Single/Semi-detached House,9,Davenport
6629348,STR-2204-HRBVHK,751 Markham St,2nd Floor,M6G,Single/Semi-detached House,11,University-Rosedale
6629349,STR-2204-FDTPHB,53 Campbell Ave,,M6P,Single/Semi-detached House,9,Davenport
6629350,STR-2204-HSKBHL,21 Iceboat Ter,3105,M5V,Condominium,10,Spadina-Fort York
6629351,STR-2204-FWMPHD,230 Christie St,,M6G,Duplex/Triplex/Fourplex,11,University-Rosedale
6629352,STR-2204-GVGPHH,520 Lauder Ave,,M6E,Single/Semi-detached House,12,Toronto-St. Paul's
6629353,STR-2204-HKTPHK,49 Park Blvd,,M8W,Single/Semi-detached House,3,Etobicoke-Lakeshore
6629354,STR-2204-HSZPHL,8 Old Weston Rd,2,M6P,Apartment,4,Parkdale-High Park
6629355,STR-2204-JBGPHM,284 St Helen's Ave,104,M6H,Condominium,9,Davenport
6629356,STR-2204-GVXBHH,208 Queens Quay W,2009,M5J,Condominium,10,Spadina-Fort York
6629357,STR-2204-HTRBHL,219 Fort York Blvd,2812,M5V,Condominium,10,Spadina-Fort York
6629358,STR-2204-GPGPHG,155 Yorkville Ave,1212,M5R,Condominium,11,University-Rosedale
6629359,STR-2204-FJMPHB,21 Iceboat Ter,1209,M5V,Condominium,10,Spadina-Fort York
6629360,STR-2204-FYZPHD,101 Peter St,3211,M5V,Condominium,10,Spadina-Fort York
6629361,STR-2204-GHGPHF,248 Fulton Ave,,M4K,Single/Semi-detached House,14,Toronto-Danforth
6629362,STR-2204-HPGPHK,477 Richmond St W,709,M5V,Condominium,10,Spadina-Fort York
6629363,STR-2204-JDFHHM,141 Brock Ave,,M6K,Single/Semi-detached House,9,Davenport
6629364,STR-2204-HXTPHL,388 Berkeley St,,M5A,Single/Semi-detached House,13,Toronto Centre
6629365,STR-2204-FTRBHC,55 Bremner Blvd,2008,M5J,Condominium,10,Spadina-Fort York
6629366,STR-2204-GSKBHG,798 Richmond St W,763,M6J,Apartment,10,Spadina-Fort York
6629367,STR-2204-GZRBHH,199 Richmond St W,720,M5V,Condominium,10,Spadina-Fort York
6629368,STR-2204-HYKBHL,155 Yorkville Ave,2312,M5R,Condominium,11,University-Rosedale
6629369,STR-2204-FDVVHB,1243 Kingston Rd,Unit B,M1N,Single/Semi-detached House,20,Scarborough Southwest
6629370,STR-2204-FVHVHD,300 Front St W,1008,M5V,Condominium,10,Spadina-Fort York
6629371,STR-2204-FMSHHC,65 Jefferson Ave,205,M6K,Apartment,10,Spadina-Fort York
6629372,STR-2204-GDFHHF,55 Bremner Blvd,4008,M5J,Condominium,10,Spadina-Fort York
6629373,STR-2204-HSLHHL,21 Evermede Dr,MF,M3A,Single/Semi-detached House,16,Don Valley East
6629374,STR-2204-GDVVHF,3 Chalfont Rd,,M9W,Single/Semi-detached House,1,Etobicoke North
6629375,STR-2204-HTBVHL,101 Peter St,2909,M5V,Condominium,10,Spadina-Fort York
6629376,STR-2204-FGSHHB,71 Kendal Ave,,M5R,Single/Semi-detached House,11,University-Rosedale
6629377,STR-2204-JBYHHM,14 York St,6209,M5J,Condominium,10,Spadina-Fort York
6629378,STR-2204-FQPVHC,39 Galbraith Ave,Upper,M4B,Single/Semi-detached House,19,Beaches-East York
6629379,STR-2204-GPHVHG,42 Stephen Dr,,M8Y,Duplex/Triplex/Fourplex,3,Etobicoke-Lakeshore
6629380,STR-2204-GXFHHH,468 Pape Ave,A,M4K,Townhouse/ Row House,14,Toronto-Danforth
6629381,STR-2204-HVYHHL,114 Queensdale Ave,,M4J,Single/Semi-detached House,14,Toronto-Danforth
6629382,STR-2204-FJPVHB,181 Huron St,1605,M5T,Condominium,11,University-Rosedale
6629383,STR-2204-FRVVHC,285 Roxton Rd,,M6G,Townhouse/ Row House,11,University-Rosedale
6629384,STR-2204-FLLHHB,279 Major St,Upper,M5S,Single/Semi-detached House,11,University-Rosedale
6629385,STR-2204-FTSHHC,329 Mutual St,1,M4Y,Apartment,13,Toronto Centre
6629386,STR-2204-FVKBHD,28 Sackville Pl,,M4X,Single/Semi-detached House,13,Toronto Centre
6629387,STR-2204-GCRBHF,89 Beaconsfield Ave,Basement,M6J,Single/Semi-detached House,9,Davenport
6629388,STR-2204-GLMPHG,8 Wellesley St E,308,M4Y,Condominium,13,Toronto Centre
6629389,STR-2204-FWRBHD,67 Woodstream Dr,,M9W,Townhouse/ Row House,1,Etobicoke North
6629390,STR-2204-GVKBHH,52 Robert St,Upper,M5S,Single/Semi-detached House,11,University-Rosedale
6629391,STR-2204-HTDBHL,460 Montrose Ave,,M6G,Single/Semi-detached House,11,University-Rosedale
6629392,STR-2204-GVZPHH,47 Holbrooke Ave,,M8Y,Single/Semi-detached House,3,Etobicoke-Lakeshore
6629393,STR-2204-JBZPHM,21 Douville Crt,,M5A,Townhouse/ Row House,10,Spadina-Fort York
6629394,STR-2204-FXXBHD,2164 St Clair Ave W,,M6N,Single/Semi-detached House,5,York South-Weston
6629395,STR-2204-GGDBHF,650 Lawrence Ave W,905,M6A,Condominium,8,Eglinton-Lawrence
6629396,STR-2204-GPKBHG,11 Stephenson Ave,,M4C,Single/Semi-detached House,19,Beaches-East York
6629397,STR-2204-FYMPHD,31 Oxford St,,M5T,Single/Semi-detached House,11,University-Rosedale
6629398,STR-2204-GGTPHF,14 York St,1301,M5J,Condominium,10,Spadina-Fort York
6629399,STR-2204-GXGPHH,325 Jarvis St,13,M5B,Townhouse/ Row House,13,Toronto Centre
6629400,STR-2204-HFMPHJ,3 Highfield Rd,Main Floor,M4L,Single/Semi-detached House,14,Toronto-Danforth
6629401,STR-2204-HXXBHL,183 Howland Ave,,M5R,Single/Semi-detached House,11,University-Rosedale
6629402,STR-2204-HWRBHL,88 Thursfield Cres,,M4G,Single/Semi-detached House,15,Don Valley West
6629403,STR-2204-FKGPHB,391 Whitmore Ave,,M6E,Single/Semi-detached House,8,Eglinton-Lawrence
6629404,STR-2204-GZDBHH,155 Yorkville Ave,903,M5R,Condominium,11,University-Rosedale
6629405,STR-2204-FTTPHC,832 Bay St,503,M5S,Apartment,11,University-Rosedale
6629406,STR-2204-GBZPHD,9 Macey Ave,A,M1L,Single/Semi-detached House,20,Scarborough Southwest
6629407,STR-2204-FVLHHD,2 Eva Rd,1721,M9C,Condominium,2,Etobicoke Centre
6629408,STR-2204-FMVVHC,227 Fern Ave,,M6R,Single/Semi-detached House,4,Parkdale-High Park
6629409,STR-2204-HSPVHL,14 York St,5710,M5J,Condominium,10,Spadina-Fort York
6629410,STR-2204-FWSHHD,682 Indian Rd,,M6P,Single/Semi-detached House,4,Parkdale-High Park
6629411,STR-2204-GMFHHG,130 Pickering St,BSMT,M4E,Single/Semi-detached House,19,Beaches-East York
6629412,STR-2204-FGVVHB,12 York St,604,M5J,Condominium,10,Spadina-Fort York
6629413,STR-2204-HLPVHK,14 York St,3303,M5J,Condominium,10,Spadina-Fort York
6629414,STR-2204-HTVVHL,700 Ontario St,1508,M4X,Apartment,13,Toronto Centre
6629415,STR-2204-FHLHHB,14 York St,5210,M5J,Condominium,10,Spadina-Fort York
6629416,STR-2204-GGVVHF,209 Fort York Blvd,668,M5V,Condominium,10,Spadina-Fort York
6629417,STR-2205-HQBVHK,21 Iceboat Ter,4511,M5V,Condominium,10,Spadina-Fort York
6629418,STR-2205-GKHVHF,797 Craven Rd,,M4L,Single/Semi-detached House,14,Toronto-Danforth
6629419,STR-2205-GSPVHG,30 Nelson St,902,M5V,Condominium,10,Spadina-Fort York
6629420,STR-2205-FVMPHD,394 Hillsdale Ave E,,M4S,Single/Semi-detached House,15,Don Valley West
6629421,STR-2205-HSRBHL,12 York St,4005,M5J,Condominium,10,Spadina-Fort York
6629422,STR-2205-FQTPHC,258 Ontario St,Upper,M5A,Townhouse/ Row House,13,Toronto Centre
6629423,STR-2205-FXZPHD,270 Wellington St W,306,M5V,Condominium,10,Spadina-Fort York
6629424,STR-2205-GPMPHG,49 Jersey Ave,Lower,M6G,Duplex/Triplex/Fourplex,11,University-Rosedale
6629425,STR-2205-FJDBHB,151 Rhodes Ave,,M4L,Single/Semi-detached House,14,Toronto-Danforth
6629426,STR-2205-GXKBHH,17 Maple Grove Ave,,M6K,Single/Semi-detached House,4,Parkdale-High Park
6629427,STR-2205-FSRBHC,332 Willowdale Ave,,M2N,Single/Semi-detached House,18,Willowdale
6629428,STR-2205-HGYHHJ,60 Annette St,,M6P,Townhouse/ Row House,4,Parkdale-High Park
6629429,STR-2205-FKZPHB,54 Fenwick Ave,,M4K,Single/Semi-detached House,14,Toronto-Danforth
6629430,STR-2205-JGGPHM,41 Sunnylea Ave W,,M8Y,Single/Semi-detached House,3,Etobicoke-Lakeshore
6629431,STR-2205-GSRBHG,501 St Clair Ave W,1302,M5P,Condominium,12,Toronto-St. Paul's
6629432,STR-2205-HYRBHL,17 Bromley Cres,,M9A,Single/Semi-detached House,2,Etobicoke Centre
6629433,STR-2205-FVPVHD,332 Kennedy Ave,,M6P,Single/Semi-detached House,4,Parkdale-High Park
6629434,STR-2205-HSBVHL,151 Dan Leckie Way,603,M5V,Apartment,10,Spadina-Fort York
6629435,STR-2205-HQFHHK,33 Riverlea Dr,Upper Unit,M9P,Single/Semi-detached House,2,Etobicoke Centre
6629436,STR-2205-GTYHHH,14 York St,6006,M5J,Condominium,10,Spadina-Fort York
6629437,STR-2205-HCFHHJ,9 First Ave,,M4M,Single/Semi-detached House,14,Toronto-Danforth
6629438,STR-2205-GVPVHH,185 Deloraine Ave,,M5M,Single/Semi-detached House,8,Eglinton-Lawrence
6629439,STR-2205-JCFHHM,300 Seaton St,1,M5A,Duplex/Triplex/Fourplex,13,Toronto Centre
6629440,STR-2205-FYBVHD,26 Myrtle Ave,,M4M,Single/Semi-detached House,14,Toronto-Danforth
6629441,STR-2205-GGHVHF,210 Victoria St,2402,M5B,Condominium,13,Toronto Centre
6629442,STR-2205-HVPVHL,73 Richmond St W,L05,M5H,Condominium,10,Spadina-Fort York
6629443,STR-2205-GQFHHG,300 Front St W,810,M5V,Condominium,10,Spadina-Fort York
6629444,STR-2205-HFSHHJ,10 Mendelssohn St,205,M1L,Condominium,20,Scarborough Southwest
6629445,STR-2205-JDLHHM,154 Jones Ave,Lower Unit,M4M,Single/Semi-detached House,14,Toronto-Danforth
6629446,STR-2205-JFSHHM,434 Dundas St W,3A,M5T,Apartment,11,University-Rosedale
6629447,STR-2205-FLBVHB,12 York St,3810,M5J,Condominium,10,Spadina-Fort York
6629448,STR-2205-HHPVHJ,101 Peter St,1102,M5V,Condominium,10,Spadina-Fort York
6629449,STR-2205-HQVVHK,88 Carr St,29,M5T,Condominium,10,Spadina-Fort York
6629450,STR-2205-GSSHHG,215 Fort York Blvd,316,M5V,Condominium,10,Spadina-Fort York
6629451,STR-2205-FVRBHD,38 Grenville St,3904,M4Y,Condominium,13,Toronto Centre
6629452,STR-2205-HBRBHJ,155 Yorkville Ave,918,M5R,Condominium,11,University-Rosedale
6629453,STR-2205-FFTPHB,300 Front St W,604,M5V,Condominium,10,Spadina-Fort York
6629454,STR-2205-HSTPHL,5 Adelaide Pl,,M5V,Townhouse/ Row House,10,Spadina-Fort York
6629455,STR-2205-GVRBHH,679 Mortimer Ave,Main,M4C,Single/Semi-detached House,19,Beaches-East York
6629456,STR-2205-GFTPHF,47 Lewis St,2,M4M,Single/Semi-detached House,14,Toronto-Danforth
6629457,STR-2205-GPRBHG,707 Mortimer Ave,A,M4C,Single/Semi-detached House,19,Beaches-East York
6629458,STR-2205-HFDBHJ,1676 St Clair Ave W,,M6N,Apartment,9,Davenport
6629459,STR-2205-FJGPHB,52 Perth Ave,,M6R,Townhouse/ Row House,9,Davenport
6629460,STR-2205-HQGPHK,21 Westminster Ave,,M6R,Townhouse/ Row House,4,Parkdale-High Park
6629461,STR-2205-HXMPHL,899 Lansdowne Ave,,M6H,Single/Semi-detached House,9,Davenport
6629462,STR-2205-GSTPHG,68 Fernalroy Blvd,,M8Z,Single/Semi-detached House,3,Etobicoke-Lakeshore
6629463,STR-2205-FPBXVC,228 Hollywood Ave,,M2N,Single/Semi-detached House,18,Willowdale
6629464,STR-2205-FGLKVB,44 Tefley Rd,,M2M,Single/Semi-detached House,18,Willowdale
6629465,STR-2205-FPSKVC,80B Ferrier Ave,,M4K,Single/Semi-detached House,14,Toronto-Danforth
6629466,STR-2205-HLFKVK,12 York St,3511,M5J,Condominium,10,Spadina-Fort York
6629467,STR-2205-FQHXVC,155 Yorkville Ave,2803,M5R,Condominium,11,University-Rosedale
6629468,STR-2205-JCYKVM,666 Ontario St,906,M4X,Apartment,13,Toronto Centre
6629469,STR-2205-FRPXVC,280 Drewry Ave,BSMT,M2M,Single/Semi-detached House,18,Willowdale
6629470,STR-2205-FYVXVD,33 Aura Lea Blvd,,M9M,Single/Semi-detached House,7,Humber River-Black Creek
6629471,STR-2205-GQHXVG,263 Berkeley St,,M5A,Single/Semi-detached House,13,Toronto Centre
6629472,STR-2205-GRPXVG,49 Waverley Rd,Upper,M4L,Townhouse/ Row House,19,Beaches-East York
6629473,STR-2205-FTLKVC,215 Fort York Blvd,2012,M5V,Condominium,10,Spadina-Fort York
6629474,STR-2205-GJYKVF,25 Overbank Cres,UN-B,M3A,Single/Semi-detached House,16,Don Valley East
6629475,STR-2205-JGLKVM,25 Westminster Ave,,M6R,Single/Semi-detached House,4,Parkdale-High Park
6629476,STR-2205-GSXDVH,12 York St,3407,M5J,Condominium,10,Spadina-Fort York
6629477,STR-2205-HJKDVK,289 Queen St E,Upper,M5A,Townhouse/ Row House,13,Toronto Centre
6629478,STR-2205-FGMRVB,24 Rose Valley Cres,,M6N,Single/Semi-detached House,5,York South-Weston
6629479,STR-2205-HJZRVK,101 Peter St,3903,M5V,Condominium,10,Spadina-Fort York
6629480,STR-2205-FFXDVB,1372 Queen St W,1,M6K,Apartment,4,Parkdale-High Park
6629481,STR-2205-GVDDVH,22 Galley Ave,Garden,M6R,Single/Semi-detached House,4,Parkdale-High Park
6629482,STR-2205-FPTRVC,72 Craigmore Cres,,M2N,Single/Semi-detached House,18,Willowdale
6629483,STR-2205-GMMRVG,138 St Helen's Ave,611,M6H,Condominium,9,Davenport
6629484,STR-2205-HTMRVL,45 Sloane Ave,,M4A,Townhouse/ Row House,16,Don Valley East
6629485,STR-2206-FHDDVB,82 Muriel Ave,,M4J,Single/Semi-detached House,14,Toronto-Danforth
6629486,STR-2206-FQKDVC,423 Ossington Ave,,M6J,Townhouse/ Row House,11,University-Rosedale
6629487,STR-2206-GPDDVG,629 Duplex Ave,,M4R,Single/Semi-detached House,8,Eglinton-Lawrence
6629488,STR-2206-FQZRVC,47 Gledhill Ave,,M4C,Single/Semi-detached House,19,Beaches-East York
6629489,STR-2206-HDBXVJ,3 Concord Ave,,M6H,Townhouse/ Row House,9,Davenport
6629490,STR-2206-FYGRVD,185 Bonis Ave,1115,M1T,Condominium,22,Scarborough-Agincourt
6629491,STR-2206-GGMRVF,64 Millicent St,1,M6H,Single/Semi-detached House,9,Davenport
6629492,STR-2206-GHDDVF,21 Iceboat Ter,4009,M5V,Condominium,10,Spadina-Fort York
6629493,STR-2206-HHDDVJ,54 Applefield Dr,,M1P,Single/Semi-detached House,21,Scarborough Centre
6629494,STR-2206-GJZRVF,90 Power St,Apt 1,M5A,Duplex/Triplex/Fourplex,13,Toronto Centre
6629495,STR-2206-HQZRVK,65 Gledhill Ave,,M4C,Single/Semi-detached House,19,Beaches-East York
6629496,STR-2206-HYZRVM,220 Rosemount Ave,,M6H,Single/Semi-detached House,9,Davenport
6629497,STR-2206-HBFKVJ,19 Mulholland Ave,,M6A,Single/Semi-detached House,8,Eglinton-Lawrence
6629498,STR-2206-HRSKVL,14 York St,2909,M5J,Condominium,10,Spadina-Fort York
6629499,STR-2206-HZPXVM,38 Columbine Ave,,M4L,Single/Semi-detached House,19,Beaches-East York
6629500,STR-2206-GFYKVF,12 York St,1802,M5J,Condominium,10,Spadina-Fort York
6629501,STR-2206-GPFKVG,70 Devondale Ave,,M2R,Single/Semi-detached House,18,Willowdale
6629502,STR-2206-HVVXVL,219 Finch Ave E,,M2N,Duplex/Triplex/Fourplex,18,Willowdale
6629503,STR-2206-HXBXVL,112 George St,706,M5A,Condominium,13,Toronto Centre
6629504,STR-2206-GJLKVF,30 Baseball Pl,927,M4M,Condominium,14,Toronto-Danforth
6629505,STR-2206-FTPXVC,23 Old Mill Ter,,M8X,Single/Semi-detached House,3,Etobicoke-Lakeshore
6629506,STR-2206-GSHXVG,1 Crewe Ave,,M4C,Single/Semi-detached House,19,Beaches-East York
6629507,STR-2206-GZPXVH,39 Barksdale Ave,,M3H,Single/Semi-detached House,6,York Centre
6629508,STR-2206-HRBXVK,176 Indian Grv,2,M6P,Duplex/Triplex/Fourplex,4,Parkdale-High Park
6629509,STR-2206-FMRDVC,266 Dovercourt Rd,Main/Lower,M6J,Duplex/Triplex/Fourplex,9,Davenport
6629510,STR-2206-GLKDVG,14 York St,3310,M5J,Condominium,10,Spadina-Fort York
6629511,STR-2206-HSKDVL,562 Ontario St,,M4X,Townhouse/ Row House,13,Toronto Centre
6629512,STR-2206-GLZRVG,107 Prescott Ave,,M6N,Single/Semi-detached House,9,Davenport
6629513,STR-2206-GVGRVH,209 Fort York Blvd,381,M5V,Condominium,10,Spadina-Fort York
6629514,STR-2206-FGRDVB,80 Orchid Place Dr,202,M1B,Condominium,23,Scarborough North
6629515,STR-2206-HLKDVK,292 Gladstone Ave,,M6J,Single/Semi-detached House,9,Davenport
6629516,STR-2206-JBXDVM,361 Front St W,3012,M5V,Condominium,10,Spadina-Fort York
6629517,STR-2206-FHGRVB,33 Shore Breeze Dr,1204,M8V,Condominium,3,Etobicoke-Lakeshore
6629518,STR-2206-JCMRVM,20 John St,524,M5V,Condominium,10,Spadina-Fort York
6629519,STR-2206-FHXDVB,155 Yorkville Ave,813,M5R,Condominium,11,University-Rosedale
6629520,STR-2206-GPXDVG,53 Pearson Ave,,M6R,Single/Semi-detached House,4,Parkdale-High Park
6629521,STR-2206-HFKDVJ,65 Bremner Blvd,4105,M5J,Condominium,10,Spadina-Fort York
6629522,STR-2206-FYZRVD,105 George St,1013,M5A,Condominium,13,Toronto Centre
6629523,STR-2206-GHGRVF,238 River St,,M5A,Townhouse/ Row House,13,Toronto Centre
6629524,STR-2206-HXTRVL,300 Front St W,1702,M5V,Condominium,10,Spadina-Fort York
6629525,STR-2206-JFZRVM,60 Pebblehill Sq,,M1S,Single/Semi-detached House,23,Scarborough North
6629526,STR-2206-FLKDVB,635 Ossington Ave,1,M6G,Duplex/Triplex/Fourplex,11,University-Rosedale
6629527,STR-2206-GZRDVH,664 Gladstone Ave,2,M6H,Single/Semi-detached House,9,Davenport
6629528,STR-2206-GKVXVG,14 York St,6201,M5J,Condominium,10,Spadina-Fort York
6629529,STR-2206-HBHXVJ,497 Northcliffe Blvd,,M6E,Single/Semi-detached House,12,Toronto-St. Paul's
6629530,STR-2206-HRVXVL,30 Westwood Ave,,M4K,Single/Semi-detached House,14,Toronto-Danforth
6629531,STR-2206-FFLKVB,200 Victoria St,1407,M5B,Condominium,13,Toronto Centre
6629532,STR-2206-GLLKVG,151 Dan Leckie Way,1058,M5V,Condominium,10,Spadina-Fort York
6629533,STR-2206-JCPXVM,14 York St,312,M5J,Condominium,10,Spadina-Fort York
6629534,STR-2206-HMSKVK,270 Beatrice St,3,M6G,Apartment,11,University-Rosedale
6629535,STR-2206-GQPXVG,41 Wild Rose Gdns,Main,M6L,Single/Semi-detached House,5,York South-Weston
6629536,STR-2206-GXVXVH,12 York St,4908,M5J,Condominium,10,Spadina-Fort York
6629537,STR-2206-HWPXVL,157 Rosewell Ave,,M4R,Single/Semi-detached House,8,Eglinton-Lawrence
6629538,STR-2206-JDVXVM,56 Ford St,,M6N,Single/Semi-detached House,9,Davenport
6629539,STR-2206-GHYKVF,8 Charlotte St,1104,M5V,Condominium,10,Spadina-Fort York
6629540,STR-2206-GYLKVH,255 Snowdon Ave,,M4N,Single/Semi-detached House,15,Don Valley West
6629541,STR-2206-GZSKVH,492 Shaw St,,M6G,Townhouse/ Row House,11,University-Rosedale
6629542,STR-2206-HZDDVM,466 Pape Ave,B,M4K,Duplex/Triplex/Fourplex,14,Toronto-Danforth
6629543,STR-2206-HBZRVJ,155 Yorkville Ave,1806,M5R,Condominium,11,University-Rosedale
6629544,STR-2206-GGDDVF,320 Euclid Ave,Main,M6J,Duplex/Triplex/Fourplex,11,University-Rosedale
6629545,STR-2206-GPKDVG,351 Manning Ave,1,M6J,Duplex/Triplex/Fourplex,11,University-Rosedale
6629546,STR-2206-HVKDVL,757 Queen St E,,M4M,Apartment,14,Toronto-Danforth
6629547,STR-2206-FHZRVB,22 Wuthering Heights Rd,,M1C,Townhouse/ Row House,25,Scarborough-Rouge Park
6629548,STR-2206-HVZRVL,19 Markham St,2,M6J,Duplex/Triplex/Fourplex,10,Spadina-Fort York
6629549,STR-2206-GXXDVH,15 Nora Rd,,M9A,Single/Semi-detached House,3,Etobicoke-Lakeshore
6629550,STR-2206-GBZRVD,61 Dane Ave,,M6A,Single/Semi-detached House,8,Eglinton-Lawrence
6629551,STR-2206-GSMRVG,24 Wyndham St,,M6K,Single/Semi-detached House,9,Davenport
6629552,STR-2206-GZTRVH,140 Simcoe St,1209,M5H,Condominium,10,Spadina-Fort York
6629553,STR-2206-FDYKVB,19 Bournville Dr,,M1E,Single/Semi-detached House,24,Scarborough-Guildwood
6629554,STR-2206-GCSKVF,23 Kilbarry Rd,,M5P,Single/Semi-detached House,12,Toronto-St. Paul's
6629555,STR-2206-HJSKVK,270 Wellington St W,415,M5V,Condominium,10,Spadina-Fort York
6629556,STR-2206-FQBXVC,80 Western Battery Rd,2308,M6K,Condominium,10,Spadina-Fort York
6629557,STR-2306-JFBKVZ,57 Finch Ave W,4,M2N,Condominium,18,Willowdale
6629558,STR-2306-FKKXVP,363 Shaw St,,M6J,Single/Semi-detached House,11,University-Rosedale
6629559,STR-2306-HQDXVX,44 Huntley St,202,M4Y,Apartment,13,Toronto Centre
6629560,STR-2306-HXKXVY,349 Logan Ave,,M4M,Single/Semi-detached House,14,Toronto-Danforth
6629561,STR-2206-GPLKVG,116 George St,N305,M5A,Condominium,13,Toronto Centre
6629562,STR-2206-HMFKVK,7 Lukow Ter,Upper,M6R,Single/Semi-detached House,4,Parkdale-High Park
6629563,STR-2206-FYPXVD,955 Bay St,3506,M5S,Condominium,13,Toronto Centre
6629564,STR-2206-GQBXVG,54 Hamilton St,,M4M,Townhouse/ Row House,14,Toronto-Danforth
6629565,STR-2206-GQSKVG,452 Lansdowne Ave,,M6H,Single/Semi-detached House,9,Davenport
6629566,STR-2206-FKHXVB,47 Katie Crt,Main,M6L,Single/Semi-detached House,5,York South-Weston
6629567,STR-2206-FTFKVC,361 Front St W,1502,M5V,Condominium,10,Spadina-Fort York
6629568,STR-2206-HXYKVL,350 Queens Quay W,1906,M5V,Apartment,10,Spadina-Fort York
6629569,STR-2206-GKHXVF,155 Legion Rd N,2712,M8Y,Condominium,3,Etobicoke-Lakeshore
6629570,STR-2206-HRHXVK,869 Coxwell Ave,,M4C,Single/Semi-detached House,19,Beaches-East York
6629571,STR-2206-GTGRVH,65 Turntable Cres,92,M6H,Townhouse/ Row House,9,Davenport
6629572,STR-2207-GTXDVH,14 York St,710,M5J,Condominium,10,Spadina-Fort York
6629573,STR-2207-GMGRVG,224 Hallam St,Main Floor,M6H,Duplex/Triplex/Fourplex,9,Davenport
6629574,STR-2207-HKZRVK,89 Dunfield Ave,504,M4S,Condominium,12,Toronto-St. Paul's
6629575,STR-2207-GPMRVG,151 Dan Leckie Way,205,M5V,Condominium,10,Spadina-Fort York
6629576,STR-2207-HMGRVK,78 Carr St,22,M5T,Condominium,10,Spadina-Fort York
6629577,STR-2207-GGXDVF,24 Erindale Ave,,M4K,Single/Semi-detached House,14,Toronto-Danforth
6629578,STR-2207-HPMRVK,12 Esgore Dr,,M5M,Single/Semi-detached House,8,Eglinton-Lawrence
6629579,STR-2207-JDZRVM,10 Park Lawn Rd,2506,M8V,Condominium,3,Etobicoke-Lakeshore
6629580,STR-2207-FSRDVC,2798 Eglinton Ave E,8,M1J,Townhouse/ Row House,21,Scarborough Centre
6629581,STR-2207-FTXDVC,300 Front St W,1602,M5V,Condominium,10,Spadina-Fort York
6629582,STR-2207-FWVXVD,1824 Gerrard St E,,M4L,Single/Semi-detached House,19,Beaches-East York
6629583,STR-2207-GVPXVH,114 Denton Ave,A,M1L,Single/Semi-detached House,20,Scarborough Southwest
6629584,STR-2207-FXLKVD,12 York St,2302,M5J,Condominium,10,Spadina-Fort York
6629585,STR-2207-HTYKVL,26 Carus Ave,,M6G,Single/Semi-detached House,12,Toronto-St. Paul's
6629586,STR-2207-FHPXVB,215 Fort York Blvd,3203,M5V,Condominium,10,Spadina-Fort York
6629587,STR-2207-FQVXVC,30 Breadner Dr,BSMT,M9R,Single/Semi-detached House,2,Etobicoke Centre
6629588,STR-2207-GGHXVF,24 Glenavy Ave,,M4P,Single/Semi-detached House,15,Don Valley West
6629589,STR-2207-HVPXVL,16 Lightbourn Ave,,M6H,Townhouse/ Row House,9,Davenport
6629590,STR-2207-JCVXVM,617 Wellington St W,,M5V,Townhouse/ Row House,10,Spadina-Fort York
6629591,STR-2207-HFSKVJ,1 Shaw St,1029,M6K,Apartment,10,Spadina-Fort York
6629592,STR-2207-HMYKVK,560 Front St W,606,M5V,Condominium,10,Spadina-Fort York
6629593,STR-2207-HWVXVL,30 Western Battery Rd,329,M6K,Condominium,10,Spadina-Fort York
6629594,STR-2207-FSSKVC,62 Bellwoods Ave,,M6J,Single/Semi-detached House,10,Spadina-Fort York
6629595,STR-2207-FZYKVD,210 Victoria St,4008,M5B,Condominium,13,Toronto Centre
6629596,STR-2207-GZHXVH,151 Dan Leckie Way,608,M5V,Condominium,10,Spadina-Fort York
6629597,STR-2207-FLSKVB,175 Lisgar St,,M6J,Single/Semi-detached House,9,Davenport
6629598,STR-2207-GCFKVD,300 Front St W,4002,M5V,Condominium,10,Spadina-Fort York
6629599,STR-2207-HJFKVJ,573 Conacher Dr,Upper,M2M,Single/Semi-detached House,18,Willowdale
6629600,STR-2207-FFDDVB,14 York St,512,M5J,Condominium,10,Spadina-Fort York
6629601,STR-2207-FVRDVD,14 York St,908,M5J,Condominium,10,Spadina-Fort York
6629602,STR-2207-HZKDVM,50 Gillespie Ave,,M6N,Single/Semi-detached House,9,Davenport
6629603,STR-2207-FFTRVB,16 True Davidson Dr,,M4W,Single/Semi-detached House,11,University-Rosedale
6629604,STR-2207-GDMRVF,743 Manning Ave,,M6G,Single/Semi-detached House,11,University-Rosedale
6629605,STR-2207-HCGRVJ,168 Simcoe St,508,M5H,Condominium,10,Spadina-Fort York
6629606,STR-2207-HSTRVL,107 Rainier Sq,,M1T,Single/Semi-detached House,22,Scarborough-Agincourt
6629607,STR-2207-GWGRVH,35 Beatrice St,,M6J,Single/Semi-detached House,11,University-Rosedale
6629608,STR-2207-FYTRVD,88 Harbord St,Upper,M5S,Apartment,11,University-Rosedale
6629609,STR-2207-GGZRVF,154 Symington Ave,Basement,M6P,Single/Semi-detached House,9,Davenport
6629610,STR-2207-HMZRVK,14 York St,1605,M5J,Condominium,10,Spadina-Fort York
6629611,STR-2207-GYDDVH,73 Ellerbeck St,,M4K,Single/Semi-detached House,14,Toronto-Danforth
6629612,STR-2207-FSTRVC,12 Hearthstone Cres,,M2R,Single/Semi-detached House,6,York Centre
6629613,STR-2207-GSDDVG,624 Shaw St,,M6G,Single/Semi-detached House,11,University-Rosedale
6629614,STR-2207-HHRDVJ,93 Springhurst Ave,,M6K,Single/Semi-detached House,4,Parkdale-High Park
6629615,STR-2207-HYDDVL,955 Bay St,2001,M5S,Condominium,13,Toronto Centre
6629616,STR-2207-GKQBHG,59 Ossington Ave,2,M6J,Apartment,10,Spadina-Fort York
6629617,STR-2207-GSWBHH,300 Front St W,2108,M5V,Apartment,10,Spadina-Fort York
6629618,STR-2207-FFFPHB,1384 Queen St W,1,M6K,Apartment,4,Parkdale-High Park
6629619,STR-2207-GCYPHF,838 Sammon Ave,,M4C,Single/Semi-detached House,19,Beaches-East York
6629620,STR-2207-GTLPHH,28 Lippincott St,Main,M5T,Townhouse/ Row House,11,University-Rosedale
6629621,STR-2207-FFWBHB,830 Dundas St W,2nd Floor,M6J,Apartment,11,University-Rosedale
6629622,STR-2207-FPCBHC,300 Front St W,803,M5V,Apartment,10,Spadina-Fort York
6629623,STR-2207-GLWBHG,11 Livingstone Ave,,M6E,Single/Semi-detached House,8,Eglinton-Lawrence
6629624,STR-2207-JCJBHM,10 Capreol Crt,1009,M5V,Condominium,10,Spadina-Fort York
6629625,STR-2207-GWYPHH,80 Western Battery Rd,1013,M6K,Condominium,10,Spadina-Fort York
6629626,STR-2207-HMLPHK,68 Carr St,16,M5T,Townhouse/ Row House,10,Spadina-Fort York
6629627,STR-2207-HPSPHK,667 Eglinton Ave E,,M4G,Single/Semi-detached House,15,Don Valley West
6629628,STR-2207-FLFPHB,164 Alton Ave,,M4L,Single/Semi-detached House,14,Toronto-Danforth
6629629,STR-2207-JGLPHM,14 York St,5906,M5J,Condominium,10,Spadina-Fort York
6629630,STR-2207-HJKHHK,433 Roxton Rd,2,M6G,Single/Semi-detached House,11,University-Rosedale
6629631,STR-2207-GLXHHG,3091 Dufferin St,828,M6A,Condominium,8,Eglinton-Lawrence
6629632,STR-2207-FPTVHC,210 Victoria St,3013,M5B,Condominium,13,Toronto Centre
6629633,STR-2207-HLXHHK,389 Lansdowne Ave,,M6H,Single/Semi-detached House,9,Davenport
6629634,STR-2207-HFXHHJ,51 Jefferson Ave,102,M6K,Apartment,10,Spadina-Fort York
6629635,STR-2207-FJZVHB,204 Bogert Ave,,M2N,Single/Semi-detached House,18,Willowdale
6629636,STR-2207-HWZVHL,301 Dudley Ave,,M2N,Single/Semi-detached House,18,Willowdale
6629637,STR-2207-GBDHHD,10 Park Lawn Rd,3309,M8V,Condominium,3,Etobicoke-Lakeshore
6629638,STR-2207-GRRHHG,25 Stafford St,408,M5V,Condominium,10,Spadina-Fort York
6629639,STR-2207-FTMVHC,85 Penmarric Pl,,M1V,Single/Semi-detached House,23,Scarborough North
6629640,STR-2207-GZMVHH,9 Henderson Ave,,M6J,Single/Semi-detached House,11,University-Rosedale
6629641,STR-2207-HHTVHJ,266 Gowan Ave,,M4J,Single/Semi-detached House,14,Toronto-Danforth
6629642,STR-2207-HQZVHK,1531 Islington Ave,,M9A,Single/Semi-detached House,2,Etobicoke Centre
6629643,STR-2207-GKSPHG,209 Fort York Blvd,957,M5V,Condominium,10,Spadina-Fort York
6629644,STR-2207-HJLPHK,305 St George St,Upper,M5R,Single/Semi-detached House,11,University-Rosedale
6629645,STR-2207-HBWBHJ,93 Ashbourne Dr,,M9B,Single/Semi-detached House,2,Etobicoke Centre
6629646,STR-2207-GVFPHH,65 Bremner Blvd,4507,M5J,Condominium,10,Spadina-Fort York
6629647,STR-2207-JBFPHM,252 Royal York Rd,211,M8V,Townhouse/ Row House,3,Etobicoke-Lakeshore
6629648,STR-2207-HLJBHK,106 Mountview Ave,BSMT,M6P,Single/Semi-detached House,4,Parkdale-High Park
6629649,STR-2207-JCLPHM,300 Front St W,310,M5V,Condominium,10,Spadina-Fort York
6629650,STR-2207-GPWBHG,536 Bathurst St,Upper,M5S,Duplex/Triplex/Fourplex,11,University-Rosedale
6629651,STR-2207-GHFPHF,29 Esther Lorrie Dr,,M9W,Single/Semi-detached House,1,Etobicoke North
6629652,STR-2208-GJLPHF,84 Edith Dr,1,M4R,Single/Semi-detached House,8,Eglinton-Lawrence
6629653,STR-2208-GYYPHH,725 Dupont St,Main,M6G,Single/Semi-detached House,11,University-Rosedale
6629654,STR-2208-FLJBHB,300 Front St W,407,M5V,Condominium,10,Spadina-Fort York
6629655,STR-2208-HBGVHJ,443 St Clarens Ave,,M6H,Single/Semi-detached House,9,Davenport
6629656,STR-2208-GDDHHF,25 Lappin Ave,,M6H,Single/Semi-detached House,9,Davenport
6629657,STR-2208-HKDHHK,489 Ontario St,,M4X,Single/Semi-detached House,13,Toronto Centre
6629658,STR-2208-GLZVHG,61 St Georges Blvd,,M9R,Single/Semi-detached House,1,Etobicoke North
6629659,STR-2208-GVGVHH,21 Iceboat Ter,1709,M5V,Condominium,10,Spadina-Fort York
6629660,STR-2208-HKTVHK,257 Perth Ave,Upper,M6P,Single/Semi-detached House,9,Davenport
6629661,STR-2208-JBXHHM,53 Lilian Dr,BSMNT,M1R,Single/Semi-detached House,21,Scarborough Centre
6629662,STR-2208-FQMVHC,151 Chaplin Cres,,M5P,Single/Semi-detached House,12,Toronto-St. Paul's
6629663,STR-2208-GPGVHG,325 Carlton St,,M5A,Single/Semi-detached House,13,Toronto Centre
6629664,STR-2208-HDTVHJ,33 Iceboat Ter,G19,M5V,Condominium,10,Spadina-Fort York
6629665,STR-2208-GPXHHG,94 Geoffrey St,,M6R,Single/Semi-detached House,4,Parkdale-High Park
6629666,STR-2208-JDTVHM,29 Clissold Rd,Unit B,M8Z,Single/Semi-detached House,3,Etobicoke-Lakeshore
6629667,STR-2208-FZRHHD,497 Warden Ave,,M1L,Single/Semi-detached House,20,Scarborough Southwest
6629668,STR-2208-GBGVHD,879 St Clair Ave W,Unit 1,M6C,Apartment,9,Davenport
6629669,STR-2208-GYZVHH,24 Coe Hill Dr,,M6S,Single/Semi-detached House,4,Parkdale-High Park
6629670,STR-2208-FLKHHB,160 Margueretta St,Upstairs,M6H,Single/Semi-detached House,9,Davenport
6629671,STR-2208-HBJBHJ,116 Seventh St,,M8V,Single/Semi-detached House,3,Etobicoke-Lakeshore
6629672,STR-2208-HRWBHL,1109 Ossington Ave,,M6G,Single/Semi-detached House,12,Toronto-St. Paul's
6629673,STR-2208-HKFPHK,172 Old Sheppard Ave,UN2ND,M2J,Single/Semi-detached House,17,Don Valley North
6629674,STR-2208-GMCBHG,636 Evans Ave,2,M8W,Single/Semi-detached House,3,Etobicoke-Lakeshore
6629675,STR-2208-JBJBHM,172 Alfred Ave,,M2N,Single/Semi-detached House,18,Willowdale
6629676,STR-2208-FYLPHD,43 Hillsboro Ave,3,M5R,Apartment,11,University-Rosedale
6629677,STR-2208-HLLPHK,82 Lincoln Ave,,M6S,Single/Semi-detached House,4,Parkdale-High Park
6629678,STR-2208-HTSPHL,80 Dallimore Crcl,,M3C,Townhouse/ Row House,16,Don Valley East
6629679,STR-2208-FXWBHD,42 Melville Ave,,M6G,Single/Semi-detached House,11,University-Rosedale
6629680,STR-2208-HMCBHK,100B Seventeenth St,,M8V,Single/Semi-detached House,3,Etobicoke-Lakeshore
6629681,STR-2208-GQQBHG,185 Torresdale Ave,,M2R,Single/Semi-detached House,6,York Centre
6629682,STR-2208-HPJBHK,8 Wellesley St E,7,M4Y,Condominium,13,Toronto Centre
6629683,STR-2208-HWQBHL,120 Homewood Ave,1108,M4Y,Condominium,13,Toronto Centre
6629684,STR-2208-JFLPHM,321 Sherbourne St,409,M5A,Apartment,13,Toronto Centre
6629685,STR-2208-JGCBHM,77 Maitland Pl,601,M4Y,Condominium,13,Toronto Centre
6629686,STR-2208-FTSPHC,110 Winnett Ave,,M6C,Single/Semi-detached House,12,Toronto-St. Paul's
6629687,STR-2208-GKFPHF,66 Rosemount Ave,,M9N,Single/Semi-detached House,5,York South-Weston
6629688,STR-2208-HHYPHJ,83 Mondeo Dr,121,M1P,Townhouse/ Row House,21,Scarborough Centre
6629689,STR-2208-GKXHHG,119 McGill St,Upper,M5B,Duplex/Triplex/Fourplex,13,Toronto Centre
6629690,STR-2208-FMTVHC,236 Lauder Ave,,M6E,Single/Semi-detached House,9,Davenport
6629691,STR-2208-FWRHHD,117 William Duncan Rd,,M3K,Townhouse/ Row House,6,York Centre
6629692,STR-2208-HZFPHM,62 Marion St,Upper,M6R,Single/Semi-detached House,4,Parkdale-High Park
6629693,STR-2208-GFMVHF,300 Front St W,3404,M5V,Condominium,10,Spadina-Fort York
6629694,STR-2208-GMTVHG,30 Canerouth Dr,,M9C,Single/Semi-detached House,2,Etobicoke Centre
6629695,STR-2208-FHKHHB,426 Queen St E,206,M5A,Apartment,13,Toronto Centre
6629696,STR-2208-GWRHHH,21 Montrose Ave,Basement,M6J,Single/Semi-detached House,11,University-Rosedale
6629697,STR-2208-GGTVHF,280 Woburn Ave,,M5M,Single/Semi-detached House,8,Eglinton-Lawrence
6629698,STR-2208-HFMVHJ,481 Concord Ave,,M6H,Single/Semi-detached House,9,Davenport
6629699,STR-2208-FRXHHC,12 Glenavon Rd,1,M6K,Single/Semi-detached House,4,Parkdale-High Park
6629700,STR-2208-FZDHHD,24 Westbrook Ave,,M4C,Single/Semi-detached House,19,Beaches-East York
6629701,STR-2208-GHKHHF,48 Commonwealth Ave,,M1K,Single/Semi-detached House,20,Scarborough Southwest
6629702,STR-2208-FZTVHD,27 Dixon Rd,,M9P,Single/Semi-detached House,2,Etobicoke Centre
6629703,STR-2208-HPZVHK,100 Dupont St,2,M5R,Townhouse/ Row House,11,University-Rosedale
6629704,STR-2208-JFMVHM,8 Ferndale Ave,,M4T,Single/Semi-detached House,12,Toronto-St. Paul's
6629705,STR-2208-HRGVHK,67 Frater Ave,,M4C,Single/Semi-detached House,19,Beaches-East York
6629706,STR-2208-JGTVHM,31 Lewis St,2,M4M,Single/Semi-detached House,14,Toronto-Danforth
6629707,STR-2208-GCSPHF,221 Sterling Rd,16,M6R,Apartment,9,Davenport
6629708,STR-2208-FWSPHD,21 Iceboat Ter,825,M5V,Condominium,10,Spadina-Fort York
6629709,STR-2208-FHLPHB,118 Lisgar St,Upper Floor,M6J,Townhouse/ Row House,9,Davenport
6629710,STR-2208-FQSPHC,105 George St,1505,M5A,Condominium,13,Toronto Centre
6629711,STR-2208-GWSPHH,106 Berkeley St,,M5A,Townhouse/ Row House,13,Toronto Centre
6629712,STR-2208-HDYPHJ,39 Woodcrest Dr,,M9A,Single/Semi-detached House,2,Etobicoke Centre
6629713,STR-2208-FSQBHC,80 Grandravine Dr,812,M3J,Condominium,7,Humber River-Black Creek
6629714,STR-2208-FZWBHD,568 Dovercourt Rd,,M6H,Single/Semi-detached House,9,Davenport
6629715,STR-2208-GRJBHG,6 Rolyat St,C,M6J,Single/Semi-detached House,10,Spadina-Fort York
6629716,STR-2208-JFQBHM,955 Bay St,3118,M5S,Condominium,13,Toronto Centre
6629717,STR-2208-HXYPHL,25 Turntable Cres,125,M6H,Townhouse/ Row House,9,Davenport
6629718,STR-2208-FLQBHB,68 Woodbine Ave,,M4L,Townhouse/ Row House,19,Beaches-East York
6629719,STR-2208-FMGVHC,2 Ollerton Rd,,M3J,Single/Semi-detached House,7,Humber River-Black Creek
6629720,STR-2208-FVMVHD,53 Adamede Cres,,M2H,Single/Semi-detached House,17,Don Valley North
6629721,STR-2208-HSRHHL,16 Crowfoot Pl,,M1W,Single/Semi-detached House,22,Scarborough-Agincourt
6629722,STR-2208-GMGVHG,12 Geoffrey St,,M6R,Townhouse/ Row House,4,Parkdale-High Park
6629723,STR-2208-HCTVHJ,499 Palmerston Blvd,Upper,M6G,Single/Semi-detached House,11,University-Rosedale
6629724,STR-2208-HTGVHL,300 Front St W,2612,M5V,Condominium,10,Spadina-Fort York
6629725,STR-2208-GMXHHG,19 Harlton Cres,,M6M,Single/Semi-detached House,5,York South-Weston
6629726,STR-2208-HFRHHJ,8 Wellesley St E,509,M4Y,Condominium,13,Toronto Centre
6629727,STR-2208-HGGVHJ,2191 Yonge St,906,M4S,Condominium,12,Toronto-St. Paul's
6629728,STR-2208-GJDHHF,98 Burbank Dr,,M2K,Single/Semi-detached House,17,Don Valley North
6629729,STR-2208-HHMVHJ,9 John Graham Crt,,M1B,Single/Semi-detached House,25,Scarborough-Rouge Park
6629730,STR-2208-HQTVHK,249 Harbord St,1,M6G,Duplex/Triplex/Fourplex,11,University-Rosedale
6629731,STR-2208-GZXHHH,86 Exford Dr,,M1P,Single/Semi-detached House,21,Scarborough Centre
6629732,STR-2208-HJDHHJ,14 Trenton Ter,,M6K,Townhouse/ Row House,4,Parkdale-High Park
6629733,STR-2208-HRKHHK,1201 Pharmacy Ave,,M1R,Single/Semi-detached House,21,Scarborough Centre
6629734,STR-2208-FMJBHC,270 Wellington St W,811,M5V,Condominium,10,Spadina-Fort York
6629735,STR-2208-GTJBHH,94 Snowhill Cres,,M1S,Single/Semi-detached House,23,Scarborough North
6629736,STR-2208-FWWBHD,208 Queens Quay W,808,M5J,Condominium,10,Spadina-Fort York
6629737,STR-2209-HTJBHL,298 Huntsmill Blvd,,M1W,Single/Semi-detached House,22,Scarborough-Agincourt
6629738,STR-2209-HLSPHK,101 McGill St,4,M5B,Townhouse/ Row House,13,Toronto Centre
6629739,STR-2209-GGJBHF,1 Conan Rd,,M9W,Single/Semi-detached House,1,Etobicoke North
6629740,STR-2209-JCWBHM,14 York St,3207,M5J,Condominium,10,Spadina-Fort York
6629741,STR-2209-GXLPHH,60 Churchill Ave,2,M6J,Duplex/Triplex/Fourplex,9,Davenport
6629742,STR-2209-GJFPHF,64 Elderwood Dr,2,M5P,Duplex/Triplex/Fourplex,12,Toronto-St. Paul's
6629743,STR-2209-FLSPHB,879 Cosburn Ave,,M4C,Single/Semi-detached House,19,Beaches-East York
6629744,STR-2209-HBRHHJ,84 Watson St,Basement,M1C,Single/Semi-detached House,25,Scarborough-Rouge Park
6629745,STR-2209-HZZVHM,55 Bremner Blvd,4501,M5J,Condominium,10,Spadina-Fort York
6629746,STR-2209-FXMVHD,3 Edilou Dr,,M8W,Single/Semi-detached House,3,Etobicoke-Lakeshore
6629747,STR-2209-FHRHHB,80 Western Battery Rd,2111,M6K,Condominium,10,Spadina-Fort York
6629748,STR-2209-GPRHHG,36 Robinson St,A,M6J,Duplex/Triplex/Fourplex,10,Spadina-Fort York
6629749,STR-2209-GWXHHH,130 Baldwin St,2,M5T,Townhouse/ Row House,11,University-Rosedale
6629750,STR-2209-HVRHHL,50 Roseheath Ave,,M4C,Single/Semi-detached House,19,Beaches-East York
6629751,STR-2209-JCXHHM,46 Spruce Hill Rd,,M4E,Single/Semi-detached House,19,Beaches-East York
6629752,STR-2209-JDMVHM,94 George Anderson Dr,1,M6M,Single/Semi-detached House,5,York South-Weston
6629753,STR-2209-FJXHHB,8 Charlotte St,2608,M5V,Condominium,10,Spadina-Fort York
6629754,STR-2209-GQXHHG,165 Legion Rd N,2730,M8Y,Condominium,3,Etobicoke-Lakeshore
6629755,STR-2209-GYDHHH,215 Fort York Blvd,1907,M5V,Condominium,10,Spadina-Fort York
6629756,STR-2209-GYTVHH,50 Griggsden Ave,,M9P,Single/Semi-detached House,2,Etobicoke Centre
6629757,STR-2209-FLDHHB,18 Yonge St,2309,M5E,Condominium,10,Spadina-Fort York
6629758,STR-2209-FVSRVD,40 Carnation Ave,111,M8V,Townhouse/ Row House,3,Etobicoke-Lakeshore
6629759,STR-2209-HZLRVM,9 Maypole St,,M9B,Single/Semi-detached House,3,Etobicoke-Lakeshore
6629760,STR-2209-FWJDVD,101 Peter St,2403,M5V,Condominium,10,Spadina-Fort York
6629761,STR-2209-GLWDVG,54 Rangoon Rd,,M9C,Single/Semi-detached House,2,Etobicoke Centre
6629762,STR-2209-FPSRVC,650 Parliament St,1216,M4X,Apartment,13,Toronto Centre
6629763,STR-2209-GVSRVH,241 Lee Ave,,M4E,Single/Semi-detached House,19,Beaches-East York
6629764,STR-2209-HTLRVL,7 Gwynne Ave,B,M6K,Townhouse/ Row House,4,Parkdale-High Park
6629765,STR-2209-GWJDVH,295 Waverley Rd,Main Unit,M4L,Duplex/Triplex/Fourplex,19,Beaches-East York
6629766,STR-2209-GGLRVF,53 Hazelton Ave,,M5R,Single/Semi-detached House,11,University-Rosedale
6629767,STR-2209-FJJDVB,123 Strathcona Ave,5,M4J,Townhouse/ Row House,14,Toronto-Danforth
6629768,STR-2209-GYFRVH,559 Delaware Ave N,Ground Floor,M6H,Single/Semi-detached House,9,Davenport
6629769,STR-2209-FSWDVC,81 Byng Ave,,M1L,Single/Semi-detached House,20,Scarborough Southwest
6629770,STR-2209-JGLRVM,95 Bathurst St,1404,M5V,Condominium,10,Spadina-Fort York
6629771,STR-2209-FDRKVB,93 Dearbourne Ave,,M4K,Single/Semi-detached House,14,Toronto-Danforth
6629772,STR-2209-HBDKVJ,28 Linden St,1906,M4Y,Condominium,13,Toronto Centre
6629773,STR-2209-FFXKVB,74 Dale Ave,,M4W,Single/Semi-detached House,11,University-Rosedale
6629774,STR-2209-GMMXVG,300 Front St W,3806,M5V,Condominium,10,Spadina-Fort York
6629775,STR-2209-FHTXVB,16 Brightview Cres,,M1E,Single/Semi-detached House,25,Scarborough-Rouge Park
6629776,STR-2209-GQKKVG,35 Kenneth Ave,,M2N,Single/Semi-detached House,18,Willowdale
6629777,STR-2209-HGMXVJ,151 Dan Leckie Way,615,M5V,Condominium,10,Spadina-Fort York
6629778,STR-2209-GJKKVF,22 Western Battery Rd,122,M6K,Townhouse/ Row House,10,Spadina-Fort York
6629779,STR-2209-GRRKVG,117 Falstaff Ave,,M6L,Single/Semi-detached House,5,York South-Weston
6629780,STR-2209-HXRKVL,21 Orchard Park Blvd,,M4L,Single/Semi-detached House,19,Beaches-East York
6629781,STR-2209-JFXKVM,37 St Andrews Blvd,,M9R,Single/Semi-detached House,1,Etobicoke North
6629782,STR-2209-FLGXVB,50 Foxbar Rd,,M4V,Single/Semi-detached House,12,Toronto-St. Paul's
6629783,STR-2209-GSGXVG,10 Oakfield Dr,,M8Y,Single/Semi-detached House,3,Etobicoke-Lakeshore
6629784,STR-2209-HQZXVK,16 Mallon Ave,,M4M,Single/Semi-detached House,14,Toronto-Danforth
6629785,STR-2209-GSYRVH,82 Lansdowne Ave,,M6K,Townhouse/ Row House,4,Parkdale-High Park
6629786,STR-2209-HRSRVL,436 Clinton St,Laneway House,M6G,Single/Semi-detached House,11,University-Rosedale
6629787,STR-2209-GTQDVH,32 Alma Ave,1,M6J,Single/Semi-detached House,9,Davenport
6629788,STR-2209-GPFRVG,14 York St,6303,M5J,Condominium,10,Spadina-Fort York
6629789,STR-2209-HDSRVJ,100 Gloucester St,901,M4Y,Apartment,13,Toronto Centre
6629790,STR-2209-JCLRVM,91 Hove St,,M3H,Single/Semi-detached House,6,York Centre
6629791,STR-2209-FJLRVB,345 McKee Ave,,M2N,Single/Semi-detached House,18,Willowdale
6629792,STR-2209-GHWDVF,43 Cecil St,A,M5T,Duplex/Triplex/Fourplex,11,University-Rosedale
6629793,STR-2209-GRCDVG,64 Hillside Dr,,M4K,Single/Semi-detached House,14,Toronto-Danforth
6629794,STR-2209-GRSRVG,4645 Jane St,1101,M3N,Condominium,7,Humber River-Black Creek
6629795,STR-2209-HQLRVK,32 Albani St,,M8V,Single/Semi-detached House,3,Etobicoke-Lakeshore
6629796,STR-2209-GBWDVD,120 Homewood Ave,116,M4Y,Condominium,13,Toronto Centre
6629797,STR-2209-HHWDVJ,117 Meadowcliffe Dr,,M1M,Single/Semi-detached House,20,Scarborough Southwest
6629798,STR-2209-HYJDVL,21 Iceboat Ter,723,M5V,Condominium,10,Spadina-Fort York
6629799,STR-2209-JGQDVM,567 Craven Rd,,M4L,Single/Semi-detached House,14,Toronto-Danforth
6629800,STR-2209-FLZXVC,30 Nelson St,14,M5V,Townhouse/ Row House,10,Spadina-Fort York
6629801,STR-2210-GKTXVG,300 Front St W,3502,M5V,Condominium,10,Spadina-Fort York
6629802,STR-2210-FMRKVC,16 Burlington St,,M8V,Single/Semi-detached House,3,Etobicoke-Lakeshore
6629803,STR-2210-GLKKVG,151 Dawes Rd,,M4C,Single/Semi-detached House,19,Beaches-East York
6629804,STR-2210-GDTXVF,35 Orpington Cres,,M9V,Single/Semi-detached House,1,Etobicoke North
6629805,STR-2210-GMRKVG,215 Fort York Blvd,2010,M5V,Condominium,10,Spadina-Fort York
6629806,STR-2210-GVXKVH,1706 Gerrard St E,AP-B,M4L,Single/Semi-detached House,19,Beaches-East York
6629807,STR-2210-FHGXVB,12 York St,4203,M5J,Condominium,10,Spadina-Fort York
6629808,STR-2210-FXTXVD,133 Brooklawn Ave,Main Fl,M1M,Single/Semi-detached House,20,Scarborough Southwest
6629809,STR-2210-GFZXVF,148 Pleasant Ave,,M2M,Single/Semi-detached House,18,Willowdale
6629810,STR-2210-GWMXVH,832 Bay St,1506,M5S,Condominium,11,University-Rosedale
6629811,STR-2210-HLZXVK,8 Flagler St,,M4X,Townhouse/ Row House,13,Toronto Centre
6629812,STR-2210-GPXKVG,14 York St,1108,M5J,Condominium,10,Spadina-Fort York
6629813,STR-2210-GXDKVH,98 Lloyd Manor Rd,,M9B,Single/Semi-detached House,2,Etobicoke Centre
6629814,STR-2210-GXTXVH,11 Abbs St,,M6K,Single/Semi-detached House,4,Parkdale-High Park
6629815,STR-2210-HFZXVJ,151 Dan Leckie Way,210,M5V,Condominium,10,Spadina-Fort York
6629816,STR-2210-GCQDVF,51 Snapdragon Dr,,M2J,Single/Semi-detached House,17,Don Valley North
6629817,STR-2210-GKWDVG,23 Moncrieff Dr,,M9W,Single/Semi-detached House,1,Etobicoke North
6629818,STR-2210-FFLRVB,55 Bremner Blvd,3206,M5J,Condominium,10,Spadina-Fort York
6629819,STR-2210-FVYRVD,22 Felicity Dr,,M1H,Single/Semi-detached House,24,Scarborough-Guildwood
6629820,STR-2210-GDFRVF,63 Brooklyn Ave,,M4M,Duplex/Triplex/Fourplex,14,Toronto-Danforth
6629821,STR-2210-GLLRVG,27 Irvington Cres,,M2N,Single/Semi-detached House,18,Willowdale
6629822,STR-2210-HSLRVL,999A Dovercourt Rd,,M6H,Single/Semi-detached House,9,Davenport
6629823,STR-2210-HZSRVM,16 Archway Cres,,M9M,Single/Semi-detached House,7,Humber River-Black Creek
6629824,STR-2210-GDWDVF,21 Iceboat Ter,2502,M5V,Condominium,10,Spadina-Fort York
6629825,STR-2210-HCQDVJ,71 Robbins Ave,,M4L,Single/Semi-detached House,19,Beaches-East York
6629826,STR-2210-HKWDVK,42 Amberley Dr,,M1R,Single/Semi-detached House,21,Scarborough Centre
6629827,STR-2103-GBZDVD,14 York St,612,M5J,Condominium,10,Spadina-Fort York
6629828,STR-2210-FGSRVB,2652 Lake Shore Blvd W,,M8V,Single/Semi-detached House,3,Etobicoke-Lakeshore
6629829,STR-2210-HLLRVK,213 Nairn Ave,,M6E,Single/Semi-detached House,9,Davenport
6629830,STR-2210-GWQDVH,215 Fort York Blvd,2309,M5V,Condominium,10,Spadina-Fort York
6629831,STR-2210-HMCDVK,251 Jarvis St,902,M5B,Condominium,13,Toronto Centre
6629832,STR-2103-FWQRVD,111 Wheeler Ave,1,M4L,Single/Semi-detached House,19,Beaches-East York
6629833,STR-2103-FGTDVB,350 Queens Quay W,1207,M5V,Apartment,10,Spadina-Fort York
6629834,STR-2103-FXGDVD,12 York St,1609,M5J,Condominium,10,Spadina-Fort York
6629835,STR-2103-JBZDVM,300 Front St W,3902,M5V,Condominium,10,Spadina-Fort York
6629836,STR-2103-GGTDVF,300 Front St W,706,M5V,Condominium,10,Spadina-Fort York
6629837,STR-2103-GXGDVH,15 Glengrove Ave E,,M4N,Duplex/Triplex/Fourplex,15,Don Valley West
6629838,STR-2103-FRWRVC,140 Hilton Ave,,M5R,Single/Semi-detached House,12,Toronto-St. Paul's
6629839,STR-2103-HPZDVK,151 Dan Leckie Way,503,M5V,Apartment,10,Spadina-Fort York
6629840,STR-2103-HSPKVL,101 Peter St,1705,M5V,Condominium,10,Spadina-Fort York
6629841,STR-2103-FWRXVD,39 Larabee Cres,,M3A,Single/Semi-detached House,16,Don Valley East
6629842,STR-2103-GVKXVH,103 St Hubert Ave,Basement,M4J,Single/Semi-detached House,14,Toronto-Danforth
6629843,STR-2103-FXHKVD,81 Pickering St,,M4E,Single/Semi-detached House,19,Beaches-East York
6629844,STR-2104-HDXXVJ,155 Winchester St,1,M4X,Duplex/Triplex/Fourplex,13,Toronto Centre
6629845,STR-2104-HFPKVJ,25 Carlton St,904,M5B,Condominium,13,Toronto Centre
6629846,STR-2104-HWBKVL,477 Richmond St W,201,M5V,Condominium,10,Spadina-Fort York
6629847,STR-2104-FZDXVD,219 Fort York Blvd,903,M5V,Condominium,10,Spadina-Fort York
6629848,STR-2104-GRHKVG,153 Church St,A,M5B,Apartment,5,York South-Weston
6629849,STR-2104-HGVKVJ,12 York St,304,M5J,Condominium,10,Spadina-Fort York
6629850,STR-2104-GRXXVG,36 Kent Rd,,M4L,Single/Semi-detached House,14,Toronto-Danforth
6629851,STR-2104-FLPKVB,120 Homewood Ave,3309,M4Y,Condominium,13,Toronto Centre
6629852,STR-2104-FTVKVC,188 Cumberland St,1913,M5R,Condominium,11,University-Rosedale
6629853,STR-2105-GQCRVG,14 York St,2905,M5J,Condominium,10,Spadina-Fort York
6629854,STR-2105-JDZDVM,21 Slater Crt,,M3L,Single/Semi-detached House,6,York Centre
6629855,STR-2105-GJCRVF,34 Glenallan Rd,,M4N,Single/Semi-detached House,15,Don Valley West
6629856,STR-2105-HQCRVK,9 Westbank Cres,UPPER,M9P,Single/Semi-detached House,2,Etobicoke Centre
6629857,STR-2105-HXJRVL,55 Bremner Blvd,3005,M5J,Condominium,10,Spadina-Fort York
6629858,STR-2105-JFQRVM,7 Eleventh St,Upper,M8V,Single/Semi-detached House,3,Etobicoke-Lakeshore
6629859,STR-2105-GJTDVF,3091 Dufferin St,325,M6A,Condominium,8,Eglinton-Lawrence
6629860,STR-2105-GZWRVH,12 York St,905,M5J,Condominium,10,Spadina-Fort York
6629861,STR-2105-HYQRVL,156 Cummer Ave,,M2M,Single/Semi-detached House,18,Willowdale
6629862,STR-2105-JBPKVM,197 Palmerston Ave,,M6J,Single/Semi-detached House,11,University-Rosedale
6629863,STR-2105-HLRXVK,780 O'Connor Dr,Unit B,M4B,Single/Semi-detached House,19,Beaches-East York
6629864,STR-2105-HFBKVJ,119 Brickworks Lane,,M6N,Townhouse/ Row House,5,York South-Weston
6629865,STR-2105-FRKXVC,295 Rhodes Ave,,M4L,Single/Semi-detached House,14,Toronto-Danforth
6629866,STR-2105-FYRXVD,666 Yonge St,2,M4Y,Single/Semi-detached House,13,Toronto Centre
6629867,STR-2105-HMXXVK,136 Spears St,,M6N,Single/Semi-detached House,5,York South-Weston
6629868,STR-2105-JDKXVM,266 Maria St,,M6P,Single/Semi-detached House,4,Parkdale-High Park
6629869,STR-2105-FJVKVB,477 Richmond St W,401,M5V,Condominium,10,Spadina-Fort York
6629870,STR-2105-HPPKVK,14 York St,6708,M5J,Condominium,10,Spadina-Fort York
6629871,STR-2105-HWVKVL,565 Sherbourne St,2511,M4X,Apartment,13,Toronto Centre
6629872,STR-2105-FZXXVD,534 Strathmore Blvd,Main/Upper Floor,M4C,Duplex/Triplex/Fourplex,19,Beaches-East York
6629873,STR-2105-GYRXVH,13A Delaware Ave,Main,M6H,Single/Semi-detached House,9,Davenport
6629874,STR-2106-FTXXVC,21 Iceboat Ter,2507,M5V,Condominium,10,Spadina-Fort York
6629875,STR-2106-GSRXVG,24 Denrock Dr,Lower,M2K,Single/Semi-detached House,17,Don Valley North
6629876,STR-2106-GZXXVH,391 Ontario St,,M5A,Single/Semi-detached House,13,Toronto Centre
6629877,STR-2106-HYRXVL,94 Tecumseth St,B,M6J,Duplex/Triplex/Fourplex,10,Spadina-Fort York
6629878,STR-2106-FMZDVC,300 Front St W,3408,M5V,Condominium,10,Spadina-Fort York
6629879,STR-2106-HCGDVJ,270 Wellington St W,1110,M5V,Condominium,10,Spadina-Fort York
6629880,STR-2106-HKMDVK,198 Merton St,,M4S,Townhouse/ Row House,12,Toronto-St. Paul's
6629881,STR-2106-GFCRVF,14 York St,4602,M5J,Condominium,10,Spadina-Fort York
6629882,STR-2106-GGZDVF,300 Front St W,2412,M5V,Condominium,10,Spadina-Fort York
6629883,STR-2106-HFTDVJ,382 Ontario St,,M5A,Single/Semi-detached House,13,Toronto Centre
6629884,STR-2106-HMZDVK,55 Bremner Blvd,1303,M5J,Condominium,10,Spadina-Fort York
6629885,STR-2106-FJWRVB,33 Roseheath Ave,,M4C,Single/Semi-detached House,19,Beaches-East York
6629886,STR-2106-GQWRVG,300 Front St W,3906,M5V,Condominium,10,Spadina-Fort York
6629887,STR-2106-GYCRVH,199 Richmond St W,601,M5V,Condominium,10,Spadina-Fort York
6629888,STR-2106-HGJRVJ,300 Front St W,3606,M5V,Condominium,10,Spadina-Fort York
6629889,STR-2106-GJGDVF,456 College St,408,M6G,Condominium,11,University-Rosedale
6629890,STR-2106-HXMDVL,65 Bremner Blvd,4910,M5J,Condominium,10,Spadina-Fort York
6629891,STR-2106-FLTDVB,40 Silas Hill Dr,,M2J,Single/Semi-detached House,17,Don Valley North
6629892,STR-2106-GLFBHG,243 Beatrice St,,M6G,Townhouse/ Row House,11,University-Rosedale
6629893,STR-2106-HKPPHK,155 Yorkville Ave,606,M5R,Condominium,11,University-Rosedale
6629894,STR-2106-HSVPHL,761 Kingston Rd,basement,M4E,Single/Semi-detached House,19,Beaches-East York
6629895,STR-2106-JBBPHM,21 Iceboat Ter,2803,M5V,Condominium,10,Spadina-Fort York
6629896,STR-2106-FPSBHC,89 Dunfield Ave,407,M4S,Condominium,12,Toronto-St. Paul's
6629897,STR-2106-FQHPHC,10 Goodwood Ave,,M6E,Single/Semi-detached House,9,Davenport
6629898,STR-2106-HVBPHL,309 Lake Promenade,,M8W,Single/Semi-detached House,3,Etobicoke-Lakeshore
6629899,STR-2107-HVSBHL,61 Delaney Cres,,M6K,Single/Semi-detached House,9,Davenport
6629900,STR-2107-FRPPHC,17 Lormar Dr,,M9B,Single/Semi-detached House,2,Etobicoke Centre
6629901,STR-2107-GQHPHG,55 Bremner Blvd,4104,M5J,Condominium,10,Spadina-Fort York
6629902,STR-2107-HFVPHJ,263A Gamble Ave,,M4J,Single/Semi-detached House,14,Toronto-Danforth
6629903,STR-2107-HWHPHL,230 Queens Quay W,729,M5J,Condominium,10,Spadina-Fort York
6629904,STR-2107-FSFBHC,217 Crawford St,,M6J,Single/Semi-detached House,10,Spadina-Fort York
6629905,STR-2107-FKPPHB,14 Lanark Ave,,M6C,Single/Semi-detached House,12,Toronto-St. Paul's
6629906,STR-2107-GJHPHF,216 Lippincott St,2nd floor,M5S,Duplex/Triplex/Fourplex,11,University-Rosedale
6629907,STR-2107-HXPPHL,15 Denison Rd W,,M9N,Single/Semi-detached House,5,York South-Weston
6629908,STR-2107-GSFBHG,111 Woodfield Rd,,M4L,Single/Semi-detached House,14,Toronto-Danforth
6629909,STR-2107-JGLBHM,902 Davenport Rd,2,M6G,Duplex/Triplex/Fourplex,12,Toronto-St. Paul's
6629910,STR-2107-FVCVHD,200 St Helen's Ave,Main Floor,M6H,Single/Semi-detached House,9,Davenport
6629911,STR-2107-GKQVHG,270 Wellington St W,1001,M5V,Condominium,10,Spadina-Fort York
6629912,STR-2107-GCZHHF,1074 Warden Ave,A,M1R,Single/Semi-detached House,21,Scarborough Centre
6629913,STR-2107-HBTHHJ,282 Westmount Ave,,M6E,Single/Semi-detached House,9,Davenport
6629914,STR-2107-HZMHHM,21 Iceboat Ter,3202,M5V,Condominium,10,Spadina-Fort York
6629915,STR-2107-GVCVHH,21 Iceboat Ter,2203,M5V,Condominium,10,Spadina-Fort York
6629916,STR-2107-JBCVHM,14 Katherine Rd,,M3K,Single/Semi-detached House,6,York Centre
6629917,STR-2107-FGMHHB,65 Bremner Blvd,1610,M5J,Condominium,10,Spadina-Fort York
6629918,STR-2107-GFGHHF,67 Orchardcroft Cres,,M3J,Single/Semi-detached House,6,York Centre
6629919,STR-2107-HCZHHJ,12 York St,705,M5J,Condominium,10,Spadina-Fort York
6629920,STR-2107-FQJVHC,142 Rhodes Ave,,M4L,Townhouse/ Row House,14,Toronto-Danforth
6629921,STR-2107-GWJVHH,30 Shore Breeze Dr,330,M8V,Condominium,3,Etobicoke-Lakeshore
6629922,STR-2107-HDQVHJ,24 Ford St,Upper,M6N,Duplex/Triplex/Fourplex,9,Davenport
6629923,STR-2107-JCJVHM,3 Mitchell Ave,,M6J,Townhouse/ Row House,10,Spadina-Fort York
6629924,STR-2107-GQJVHG,151 Dan Leckie Way,716,M5V,Condominium,10,Spadina-Fort York
6629925,STR-2107-FSGHHC,29 Glenmount Park Rd,,M4E,Single/Semi-detached House,19,Beaches-East York
6629926,STR-2107-GHTHHF,12 York St,5602,M5J,Condominium,10,Spadina-Fort York
6629927,STR-2107-JFGHHM,319 Markham St,,M6G,Duplex/Triplex/Fourplex,11,University-Rosedale
6629928,STR-2107-FSWVHC,20 John St,518,M5V,Condominium,10,Spadina-Fort York
6629929,STR-2107-GRQVHG,14 York St,6506,M5J,Condominium,10,Spadina-Fort York
6629930,STR-2107-GBTHHD,249 Logan Ave,1,M4M,Apartment,14,Toronto-Danforth
6629931,STR-2107-HJLBHK,251 Jarvis St,3008,M5B,Condominium,13,Toronto Centre
6629932,STR-2107-HRSBHL,151 Dan Leckie Way,348,M5V,Condominium,10,Spadina-Fort York
6629933,STR-2107-HYYBHM,233 Shaw St,A,M6J,Duplex/Triplex/Fourplex,10,Spadina-Fort York
6629934,STR-2107-GLHPHG,55 Bremner Blvd,2910,M5J,Condominium,10,Spadina-Fort York
6629935,STR-2107-HSHPHL,1257 Dundas St W,,M6J,Single/Semi-detached House,10,Spadina-Fort York
6629936,STR-2107-HZPPHM,955 Bay St,620,M5S,Condominium,13,Toronto Centre
6629937,STR-2107-JBVPHM,542 Roxton Rd,,M6G,Single/Semi-detached House,11,University-Rosedale
6629938,STR-2107-FQLBHC,300 Front St W,708,M5V,Condominium,10,Spadina-Fort York
6629939,STR-2107-GPFBHG,208 Queens Quay W,1413,M5J,Condominium,10,Spadina-Fort York
6629940,STR-2107-HLYBHK,175 Jeffcoat Dr,Upstairs Unit,M9W,Single/Semi-detached House,1,Etobicoke North
6629941,STR-2107-GPVPHG,216 Lippincott St,1st Floor,M5S,Duplex/Triplex/Fourplex,11,University-Rosedale
6629942,STR-2107-FJLBHB,153 Shaw St,,M6J,Single/Semi-detached House,10,Spadina-Fort York
6629943,STR-2108-GYYBHH,93 Boulton Ave,,M4M,Townhouse/ Row House,14,Toronto-Danforth
6629944,STR-2108-JFYBHM,105 George St,1414,M5A,Condominium,13,Toronto Centre
6629945,STR-2108-FTPPHC,984 Midland Ave,,M1K,Single/Semi-detached House,21,Scarborough Centre
6629946,STR-2108-HRBPHK,27 George Webster Rd,2,M4B,Single/Semi-detached House,19,Beaches-East York
6629947,STR-2404-FKCDVP,54 Lockheed Blvd,,M9P,Single/Semi-detached House,2,Etobicoke Centre
6629948,STR-2305-HBDXVW,1804 Dundas St E,,M4L,Single/Semi-detached House,14,Toronto-Danforth
6629949,STR-2305-HJKXVX,73 Widdicombe Hill Blvd,705,M9R,Condominium,2,Etobicoke Centre
6629950,STR-2305-GDRXVS,103 Gladstone Ave,3,M6J,Duplex/Triplex/Fourplex,9,Davenport
6629951,STR-2305-HTPKVY,103 Wells Hill Ave,,M5R,Single/Semi-detached House,12,Toronto-St. Paul's
6629952,STR-2305-HLXXVX,22 William Duncan Rd,,M3K,Townhouse/ Row House,6,York Centre
6629953,STR-2305-HVDXVY,55 Bremner Blvd,4409,M5J,Condominium,10,Spadina-Fort York
6629954,STR-2305-HMPKVX,210 Victoria St,2906,M5B,Condominium,13,Toronto Centre
6629955,STR-2305-GQKXVT,300 Front St W,3005,M5V,Condominium,10,Spadina-Fort York
6629956,STR-2305-FSHKVQ,151 Dan Leckie Way,517,M5V,Condominium,10,Spadina-Fort York
6629957,STR-2305-GYHKVV,1 Falaise Rd,214,M1E,Condominium,24,Scarborough-Guildwood
6629958,STR-2305-FSXXVQ,565 Shuter St,,M5A,Townhouse/ Row House,13,Toronto Centre
6629959,STR-2305-JFXXVZ,15 Fennings St,,M6J,Single/Semi-detached House,10,Spadina-Fort York
6629960,STR-2305-FLHKVP,12 Lincoln Ave,,M6P,Single/Semi-detached House,4,Parkdale-High Park
6629961,STR-2305-HYHKVY,378 Roncesvalles Ave,3,M6R,Single/Semi-detached House,4,Parkdale-High Park
6629962,STR-2305-JGPKVZ,225 Lisgar St,2,M6J,Duplex/Triplex/Fourplex,9,Davenport
6629963,STR-2305-GKTDVT,300 Front St W,3713,M5V,Condominium,10,Spadina-Fort York
6629964,STR-2305-HRTDVY,3 Fermanagh Ave,,M6R,Single/Semi-detached House,4,Parkdale-High Park
6629965,STR-2305-GDCRVS,300 Front St W,3013,M5V,Condominium,10,Spadina-Fort York
6629966,STR-2305-HBWRVW,14 York St,6603,M5J,Condominium,10,Spadina-Fort York
6629967,STR-2305-HSJRVY,560 Front St W,932,M5V,Condominium,10,Spadina-Fort York
6629968,STR-2305-GMQRVT,101 Peter St,1103,M5V,Condominium,10,Spadina-Fort York
6629969,STR-2305-HDCRVW,55 Bremner Blvd,2305,M5J,Condominium,10,Spadina-Fort York
6629970,STR-2305-HTQRVY,155 Yorkville Ave,3010,M5R,Condominium,11,University-Rosedale
6629971,STR-2305-FHGDVP,219 Fort York Blvd,2910,M5V,Condominium,10,Spadina-Fort York
6629972,STR-2305-GPGDVT,46 Western Battery Rd,825,M6K,Townhouse/ Row House,10,Spadina-Fort York
6629973,STR-2305-GPWRVT,300 Front St W,214,M5V,Condominium,10,Spadina-Fort York
6629974,STR-2305-GXCRVV,102 Bestview Dr,Main,M2M,Single/Semi-detached House,17,Don Valley North
6629975,STR-2305-HVWRVY,38 Afton Ave,,M6J,Single/Semi-detached House,9,Davenport
6629976,STR-2305-FYZDVR,234 Euclid Ave,,M6J,Townhouse/ Row House,11,University-Rosedale
6629977,STR-2305-GXTDVV,932 St Clarens Ave,,M6H,Single/Semi-detached House,9,Davenport
6629978,STR-2305-HPGDVX,80 Western Battery Rd,2203,M6K,Condominium,10,Spadina-Fort York
6629979,STR-2305-FKCRVP,200 Victoria St,1004,M5B,Condominium,13,Toronto Centre
6629980,STR-2305-HGQRVW,24 Noble St,409,M6K,Condominium,4,Parkdale-High Park
6629981,STR-2305-HPWRVX,411 Westmount Ave,,M6E,Single/Semi-detached House,12,Toronto-St. Paul's
6629982,STR-2305-HXCRVY,129 Roywood Dr,,M3A,Single/Semi-detached House,16,Don Valley East
6629983,STR-2305-FTQRVQ,32 Purdon Dr,BSMT,M3H,Single/Semi-detached House,6,York Centre
6629984,STR-2305-GSJRVT,155 Yorkville Ave,2813,M5R,Condominium,11,University-Rosedale
6629985,STR-2305-HBXXVW,300 Front St W,2714,M5V,Condominium,10,Spadina-Fort York
6629986,STR-2305-HSKXVY,284 St Helen's Ave,138,M6H,Condominium,9,Davenport
6629987,STR-2305-FWPKVR,53 Gloucester St,,M4Y,Townhouse/ Row House,13,Toronto Centre
6629988,STR-2305-JBHKVZ,110 Erskine Ave,905,M4P,Apartment,15,Don Valley West
6629989,STR-2305-FGRXVP,107 Eastville Ave,,M1M,Single/Semi-detached House,20,Scarborough Southwest
6629990,STR-2305-GMRXVT,60 Carr St,3,M5T,Townhouse/ Row House,10,Spadina-Fort York
6629991,STR-2305-HDDXVW,1029 King St W,403,M6K,Condominium,10,Spadina-Fort York
6629992,STR-2306-HTRXVY,85 Bloor St E,911,M4W,Condominium,11,University-Rosedale
6629993,STR-2306-HFKXVW,101 Peter St,1712,M5V,Condominium,10,Spadina-Fort York
6629994,STR-2306-FFMDVP,47 Lewis St,BSMT,M4M,Single/Semi-detached House,14,Toronto-Danforth
6629995,STR-2306-JDVKVZ,35 Mariner Ter,4602,M5V,Condominium,10,Spadina-Fort York
6629996,STR-2306-JFKXVZ,902 Davenport Rd,1,M6G,Apartment,12,Toronto-St. Paul's
6629997,STR-2306-FKVKVP,100 Gloucester St,718,M4Y,Apartment,13,Toronto Centre
6629998,STR-2306-GZBKVV,21 Iceboat Ter,4615,M5V,Condominium,10,Spadina-Fort York
6629999,STR-2306-HHHKVW,626 Manning Ave,,M6G,Single/Semi-detached House,11,University-Rosedale
6630000,STR-2306-FTRXVQ,15 Wareside Rd,,M9C,Single/Semi-detached House,2,Etobicoke Centre
6630001,STR-2306-GBXXVR,132 Chatham Ave,,M4J,Single/Semi-detached House,14,Toronto-Danforth
6630002,STR-2306-GKDXVS,160 Glenholme Ave,,M6E,Single/Semi-detached House,9,Davenport
6630003,STR-2306-GSKXVT,56 Parker Ave,,M8Z,Single/Semi-detached House,3,Etobicoke-Lakeshore
6630004,STR-2306-FVJRVR,48 Houston Cres,,M2J,Single/Semi-detached House,17,Don Valley North
6630005,STR-2306-GCQRVS,91 Craven Rd,,M4L,Townhouse/ Row House,14,Toronto-Danforth
6630006,STR-2306-GLMDVT,1108 St Clair Ave W,B,M6E,Apartment,9,Davenport
6630007,STR-2306-HSMDVY,210 Victoria St,804,M5B,Apartment,13,Toronto Centre
6630008,STR-2306-HZTDVZ,955 Bay St,1506,M5S,Condominium,13,Toronto Centre
6630009,STR-2306-FPJRVQ,200 Victor Ave,Basement,M4K,Single/Semi-detached House,14,Toronto-Danforth
6630010,STR-2306-FXGDVR,20 Blue Jays Way,814,M5V,Condominium,10,Spadina-Fort York
6630011,STR-2306-GFMDVS,350 Indian Road Cres,,M6P,Single/Semi-detached House,4,Parkdale-High Park
6630012,STR-2306-GMTDVT,28 Linden St,1105,M4Y,Condominium,13,Toronto Centre
6630013,STR-2306-HDGDVW,165 Legion Rd N,728,M8Y,Condominium,3,Etobicoke-Lakeshore
6630014,STR-2306-JBZDVZ,225 Lisgar St,3,M6J,Duplex/Triplex/Fourplex,9,Davenport
6630015,STR-2306-FQQRVQ,560 Front St W,26,M5V,Condominium,10,Spadina-Fort York
6630016,STR-2306-FXWRVR,225 Lisgar St,4,M6J,Duplex/Triplex/Fourplex,9,Davenport
6630017,STR-2306-HMCRVX,100 Gloucester St,910,M4Y,Apartment,13,Toronto Centre
6630018,STR-2306-HVJRVY,98 Reiner Rd,,M3H,Single/Semi-detached House,6,York Centre
6630019,STR-2306-HVZDVY,152 St Patrick St,1108,M5T,Condominium,10,Spadina-Fort York
6630020,STR-2306-FRWRVQ,39 Merkley Sq,,M1G,Single/Semi-detached House,24,Scarborough-Guildwood
6630021,STR-2306-FZCRVR,47 Pannahill Rd,,M3H,Single/Semi-detached House,6,York Centre
6630022,STR-2306-GXWRVV,50 Wellesley St E,607,M4Y,Condominium,13,Toronto Centre
6630023,STR-2306-HWQRVY,56 Gledhill Ave,,M4C,Single/Semi-detached House,19,Beaches-East York
6630024,STR-2306-GHZDVS,523 Quebec Ave,,M6P,Townhouse/ Row House,4,Parkdale-High Park
6630025,STR-2306-HGTDVW,208 Queens Quay W,1001,M5J,Condominium,10,Spadina-Fort York
6630026,STR-2306-GBJRVR,155 Yorkville Ave,1218,M5R,Condominium,11,University-Rosedale
6630027,STR-2306-JGCRVZ,145 Portland St,,M5V,Single/Semi-detached House,10,Spadina-Fort York
6630028,STR-2306-GSMDVT,215 Fort York Blvd,415,M5V,Condominium,10,Spadina-Fort York
6630029,STR-2306-FDXXVP,14 York St,6507,M5J,Condominium,10,Spadina-Fort York
6630030,STR-2306-HBKXVW,202 Dairy Dr,,M1L,Townhouse/ Row House,20,Scarborough Southwest
6630031,STR-2306-HZDXVZ,34 Yonge Blvd,,M5M,Single/Semi-detached House,8,Eglinton-Lawrence
6630032,STR-2306-FWBKVR,81 Navy Wharf Crt,2905,M5V,Condominium,10,Spadina-Fort York
6630033,STR-2306-GTVKVV,231 Fort York Blvd,1709,M5V,Condominium,10,Spadina-Fort York
6630034,STR-2306-HKHKVX,42 Weir Cres,,M1E,Single/Semi-detached House,24,Scarborough-Guildwood
6630035,STR-2306-FPKXVQ,238 Greenwood Ave,,M4L,Townhouse/ Row House,14,Toronto-Danforth
6630036,STR-2306-GMDXVT,219 Fort York Blvd,1503,M5V,Condominium,10,Spadina-Fort York
6630037,STR-2306-HDHKVW,12 York St,5709,M5J,Condominium,10,Spadina-Fort York
6630038,STR-2306-HCTDVW,78 Ash Cres,,M8W,Single/Semi-detached House,3,Etobicoke-Lakeshore
6630039,STR-2306-GWRXVV,20 Woodbank Rd,,M9B,Single/Semi-detached House,2,Etobicoke Centre
6630040,STR-2306-JCRXVZ,20 Bruyeres Mews,317,M5V,Condominium,10,Spadina-Fort York
6630041,STR-2306-FRHKVQ,21 Iceboat Ter,1615,M5V,Condominium,10,Spadina-Fort York
6630042,STR-2306-JDHKVZ,152 Evelyn Cres,,M6P,Single/Semi-detached House,4,Parkdale-High Park
6630043,STR-2306-FRXXVQ,38 Larkin Ave,,M6S,Single/Semi-detached House,4,Parkdale-High Park
6630044,STR-2306-FZDXVR,47 O'Connor Dr,,M4K,Single/Semi-detached House,14,Toronto-Danforth
6630045,STR-2306-HGDXVW,475A Clinton St,,M6G,Single/Semi-detached House,11,University-Rosedale
6630046,STR-2306-FSPKVQ,130 Amelia St,,M4X,Single/Semi-detached House,13,Toronto Centre
6630047,STR-2306-GJBKVS,65 Bremner Blvd,4603,M5J,Condominium,10,Spadina-Fort York
6630048,STR-2306-GYPKVV,231 Fort York Blvd,121,M5V,Condominium,10,Spadina-Fort York
6630049,STR-2306-FTDXVQ,12 York St,3404,M5J,Condominium,10,Spadina-Fort York
6630050,STR-2306-GBKXVR,37 Grosvenor St,3205,M4Y,Condominium,13,Toronto Centre
6630051,STR-2306-GRXXVT,74 Cronin Dr,,M9B,Single/Semi-detached House,2,Etobicoke Centre
6630052,STR-2306-HQRXVX,181 Beatrice St,B,M6G,Single/Semi-detached House,11,University-Rosedale
6630053,STR-2306-HXXXVY,195 Woodville Ave,,M4J,Single/Semi-detached House,14,Toronto-Danforth
6630054,STR-2306-GDJRVS,17 Pharmacy Ave,,M1L,Single/Semi-detached House,20,Scarborough Southwest
6630055,STR-2306-GTWRVV,55 Bremner Blvd,3404,M5J,Condominium,10,Spadina-Fort York
6630056,STR-2306-GDZDVS,5 Parkway Forest Dr,802,M2J,Condominium,17,Don Valley North
6630057,STR-2306-HTGDVY,25 Carlton St,2507,M5B,Condominium,13,Toronto Centre
6630058,STR-2306-FXZDVR,256 Indian Road Cres,,M6P,Single/Semi-detached House,4,Parkdale-High Park
6630059,STR-2306-GWTDVV,108B Gough Ave,,M4K,Single/Semi-detached House,14,Toronto-Danforth
6630060,STR-2306-HMGDVX,165 Lascelles Blvd,,M5P,Single/Semi-detached House,12,Toronto-St. Paul's
6630061,STR-2306-HVMDVY,159 Gerrard St E,2,M5A,Duplex/Triplex/Fourplex,13,Toronto Centre
6630062,STR-2306-HFQRVW,2480 St Clair Ave W,,M6N,Single/Semi-detached House,5,York South-Weston
6630063,STR-2306-FRZDVQ,195 St Clarens Ave,1,M6H,Duplex/Triplex/Fourplex,9,Davenport
6630064,STR-2306-GHMDVS,21 Iceboat Ter,726,M5V,Condominium,10,Spadina-Fort York
6630065,STR-2306-JFQRVZ,134 Harrison St,B,M6J,Duplex/Triplex/Fourplex,9,Davenport
6630066,STR-2306-GBMDVR,30 Shore Breeze Dr,528,M8V,Condominium,3,Etobicoke-Lakeshore
6630067,STR-2306-FTWRVQ,33 Van Stassen Blvd,,M6S,Single/Semi-detached House,4,Parkdale-High Park
6630068,STR-2306-GKJRVS,116 Galt Ave,,M4M,Single/Semi-detached House,14,Toronto-Danforth
6630069,STR-2306-FFBKVP,120 Homewood Ave,120,M4Y,Condominium,13,Toronto Centre
6630070,STR-2306-HSBKVY,8 Charlotte St,3405,M5V,Condominium,10,Spadina-Fort York
6630071,STR-2306-GDKXVS,412 Sumach St,,M4X,Single/Semi-detached House,13,Toronto Centre
6630072,STR-2306-GTXXVV,105 George St,1304,M5A,Condominium,13,Toronto Centre
6630073,STR-2306-HSRXVY,52 Bairstow Cres,,M9W,Single/Semi-detached House,1,Etobicoke North
6630074,STR-2306-GVPKVV,29 Aldergrove Ave,,M4C,Single/Semi-detached House,19,Beaches-East York
6630075,STR-2306-FQDXVQ,20 Shore Breeze Dr,542,M8V,Condominium,3,Etobicoke-Lakeshore
6630076,STR-2306-GFRXVS,29 Tonon Dr,,M3N,Single/Semi-detached House,7,Humber River-Black Creek
6630077,STR-2306-HLRXVX,582 Ridelle Ave,,M6B,Single/Semi-detached House,8,Eglinton-Lawrence
6630078,STR-2306-HTXXVY,425 Drewry Ave,,M2R,Single/Semi-detached House,18,Willowdale
6630079,STR-2306-HFBKVW,42 Western Battery Rd,745,M6K,Townhouse/ Row House,10,Spadina-Fort York
6630080,STR-2306-HMHKVX,209 Fort York Blvd,876,M5V,Condominium,10,Spadina-Fort York
6630081,STR-2306-GGXXVS,147 Silver Springs Blvd,,M1V,Single/Semi-detached House,22,Scarborough-Agincourt
6630082,STR-2306-GQVKVT,2 Anndale Dr,1806,M2N,Condominium,18,Willowdale
6630083,STR-2306-FTXXVQ,117 Warden Ave,,M1N,Single/Semi-detached House,20,Scarborough Southwest
6630084,STR-2306-GZXXVV,58 Farningham Cres,,M9B,Single/Semi-detached House,2,Etobicoke Centre
6630085,STR-2306-FMJRVQ,20 John St,620,M5V,Condominium,10,Spadina-Fort York
6630086,STR-2306-HBQRVW,19 Perth Ave,,M6R,Townhouse/ Row House,9,Davenport
6630087,STR-2306-HSCRVY,198 Newton Dr,,M2M,Single/Semi-detached House,18,Willowdale
6630088,STR-2306-FMZDVQ,58 Teignmouth Ave,,M6E,Single/Semi-detached House,9,Davenport
6630089,STR-2306-FGJRVP,204 Pacific Ave,,M6P,Single/Semi-detached House,4,Parkdale-High Park
6630090,STR-2306-GFTDVS,151 Dan Leckie Way,2209,M5V,Condominium,10,Spadina-Fort York
6630091,STR-2306-HVQRVY,140 Simcoe St,814,M5H,Condominium,10,Spadina-Fort York
6630092,STR-2306-FYTDVR,209 Fort York Blvd,873,M5V,Condominium,10,Spadina-Fort York
6630093,STR-2306-GXMDVV,216 Sterling Rd,,M6R,Single/Semi-detached House,9,Davenport
6630094,STR-2306-HWGDVY,91 Oakwood Ave,2,M6H,Duplex/Triplex/Fourplex,9,Davenport
6630095,STR-2306-FKMDVP,41 Mariposa Ave,,M6N,Single/Semi-detached House,5,York South-Weston
6630096,STR-2306-FZZDVR,9 Tangmere Rd,,M3B,Single/Semi-detached House,16,Don Valley East
6630097,STR-2306-HQGDVX,112 George St,434,M5A,Condominium,13,Toronto Centre
6630098,STR-2306-HXMDVY,18 Yonge st,1403,M5E,Condominium,10,Spadina-Fort York
6630099,STR-2306-GZJRVV,8 Charlotte St,808,M5V,Condominium,10,Spadina-Fort York
6630100,STR-2307-FKPPHP,237 Seaton St,,M5A,Townhouse/ Row House,13,Toronto Centre
6630101,STR-2306-GSTDVT,81 Heman St,1,M8V,Duplex/Triplex/Fourplex,3,Etobicoke-Lakeshore
6630102,STR-2306-FDPPHP,21 Iceboat Ter,4101,M5V,Condominium,10,Spadina-Fort York
6630103,STR-2306-GCHPHS,57 Macaulay Ave,703,M6P,Condominium,9,Davenport
6630104,STR-2306-FVSBHR,1540 King St W,3A,M6K,Condominium,4,Parkdale-High Park
6630105,STR-2306-HZLBHZ,22 Western Battery Rd,117,M6K,Townhouse/ Row House,10,Spadina-Fort York
6630106,STR-2306-HCHPHW,438 Christie St,,M6G,Single/Semi-detached House,12,Toronto-St. Paul's
6630107,STR-2306-HSVPHY,14 York St,3302,M5J,Condominium,10,Spadina-Fort York
6630108,STR-2306-FPSBHQ,36 Servington Cres,,M4S,Single/Semi-detached House,12,Toronto-St. Paul's
6630109,STR-2306-GMLBHT,101 Peter St,3110,M5V,Condominium,10,Spadina-Fort York
6630110,STR-2306-GPBPHT,88 Wareside Rd,BSMT,M9C,Single/Semi-detached House,2,Etobicoke Centre
6630111,STR-2306-GWHPHV,20 Shannon St,,M6J,Single/Semi-detached House,9,Davenport
6630112,STR-2306-HVBPHY,477 The East Mall,,M9B,Single/Semi-detached House,2,Etobicoke Centre
6630113,STR-2306-FYFBHR,88 Carr St,26,M5T,Townhouse/ Row House,10,Spadina-Fort York
6630114,STR-2307-FRPPHQ,43 Parkway Ave,,M6R,Single/Semi-detached House,4,Parkdale-High Park
6630115,STR-2307-FSVPHQ,250 Wellington St W,1642,M5V,Condominium,10,Spadina-Fort York
6630116,STR-2307-GRPPHT,279 Lisgar St,,M6J,Single/Semi-detached House,9,Davenport
6630117,STR-2307-HQHPHX,64 Venetian Cres,Upper Floor,M3N,Single/Semi-detached House,7,Humber River-Black Creek
6630118,STR-2307-GJYBHS,146 Sellers Ave,,M6E,Single/Semi-detached House,9,Davenport
6630119,STR-2307-HSYBHY,3257-3259 Lake Shore Blvd W,3,M8V,Apartment,3,Etobicoke-Lakeshore
6630120,STR-2307-GCJVHS,230 Queens Quay W,729,M5J,Condominium,10,Spadina-Fort York
6630121,STR-2307-FMMHHQ,15 Shudell Ave,,M4J,Single/Semi-detached House,14,Toronto-Danforth
6630122,STR-2307-HJZHHX,101 Peter St,3412,M5V,Condominium,10,Spadina-Fort York
6630123,STR-2307-FPTHHQ,2 Hurdman St,,M6M,Single/Semi-detached House,5,York South-Weston
6630124,STR-2307-HLGHHX,155 Yorkville Ave,1811,M5R,Condominium,11,University-Rosedale
6630125,STR-2307-JBTHHZ,30 Nelson St,212,M5V,Condominium,10,Spadina-Fort York
6630126,STR-2307-FHTHHP,83 Chester Ave,,M4K,Single/Semi-detached House,14,Toronto-Danforth
6630127,STR-2307-FQZHHQ,550 Jane St,,M6S,Single/Semi-detached House,4,Parkdale-High Park
6630128,STR-2307-FYGHHR,208 Queens Quay W,1204,M5J,Condominium,10,Spadina-Fort York
6630129,STR-2307-HFGHHW,300 Front St W,809,M5V,Condominium,10,Spadina-Fort York
6630130,STR-2307-FRQVHQ,70 Scarborough Rd,1,M4E,Duplex/Triplex/Fourplex,19,Beaches-East York
6630131,STR-2307-HPCVHX,12 Earl Haig Ave,,M4C,Single/Semi-detached House,19,Beaches-East York
6630132,STR-2307-GRQVHT,140 Harrison St,,M6J,Single/Semi-detached House,9,Davenport
6630133,STR-2307-HQJVHX,13 Corbett Ave,,M6N,Single/Semi-detached House,5,York South-Weston
6630134,STR-2307-GJZHHS,300 Front St W,2501,M5V,Condominium,10,Spadina-Fort York
6630135,STR-2307-FVFBHR,320 Fairlawn Ave,,M5M,Single/Semi-detached House,8,Eglinton-Lawrence
6630136,STR-2307-GCLBHS,2459 Dundas St W,,M6P,Single/Semi-detached House,4,Parkdale-High Park
6630137,STR-2307-HRSBHY,5 Homestead Rd,,M1E,Single/Semi-detached House,25,Scarborough-Rouge Park
6630138,STR-2307-FMPPHQ,29 Monarch Park Ave,2,M4J,Single/Semi-detached House,14,Toronto-Danforth
6630139,STR-2307-HBVPHW,80 Western Battery Rd,2304,M6K,Condominium,10,Spadina-Fort York
6630140,STR-2307-FPFBHQ,575 Clendenan Ave,,M6P,Single/Semi-detached House,4,Parkdale-High Park
6630141,STR-2307-HCLBHW,237 Dovercourt Rd,F,M6J,Apartment,10,Spadina-Fort York
6630142,STR-2307-FPVPHQ,10 Rexford Rd,,M6S,Single/Semi-detached House,4,Parkdale-High Park
6630143,STR-2307-JDVPHZ,1540A King St W,2A,M6K,Condominium,4,Parkdale-High Park
6630144,STR-2307-FYHPHR,148 1/2 Bellwoods Ave,,M6J,Townhouse/ Row House,10,Spadina-Fort York
6630145,STR-2307-HMPPHX,1398 Queen St E,,M4L,Single/Semi-detached House,14,Toronto-Danforth
6630146,STR-2307-FRSBHQ,38 Joe Shuster Way,704,M6K,Condominium,10,Spadina-Fort York
6630147,STR-2307-HPFBHX,25 Humewood Dr,,M6C,Single/Semi-detached House,12,Toronto-St. Paul's
6630148,STR-2307-GHVPHS,223 River St,B3,M5A,Townhouse/ Row House,13,Toronto Centre
6630149,STR-2307-GJLBHS,578 Spadina Ave,4,M5S,Condominium,11,University-Rosedale
6630150,STR-2307-GRSBHT,143 Yorkview Dr,,M8Z,Single/Semi-detached House,3,Etobicoke-Lakeshore
6630151,STR-2307-GZPPHV,22 Somerset Ave,,M6H,Townhouse/ Row House,9,Davenport
6630152,STR-2307-FDTHHP,155 Yorkville Ave,2717,M5R,Condominium,11,University-Rosedale
6630153,STR-2307-GDTHHS,47 Haven Hill Sq,,M1V,Single/Semi-detached House,23,Scarborough North
6630154,STR-2307-FPWVHQ,1141 Broadview Ave,1,M4K,Single/Semi-detached House,14,Toronto-Danforth
6630155,STR-2307-FXCVHR,101 Peter St,1710,M5V,Apartment,10,Spadina-Fort York
6630156,STR-2307-FHGHHP,10 Arrowstook Rd,,M2K,Single/Semi-detached House,17,Don Valley North
6630157,STR-2307-HLZHHX,2 Edilou Dr,,M8W,Single/Semi-detached House,3,Etobicoke-Lakeshore
6630158,STR-2307-JCMHHZ,2 Danesbury Ave,Main FL,M6B,Single/Semi-detached House,8,Eglinton-Lawrence
6630159,STR-2307-GXCVHV,39 Baltic Ave,,M4J,Single/Semi-detached House,14,Toronto-Danforth
6630160,STR-2307-HVWVHY,102 Sammon Ave,,M4J,Single/Semi-detached House,14,Toronto-Danforth
6630161,STR-2307-GXTHHV,491 Donlands Ave,,M4J,Single/Semi-detached House,14,Toronto-Danforth
6630162,STR-2307-GHWVHS,2300 St Clair Ave W,1006,M6N,Condominium,5,York South-Weston
6630163,STR-2307-HPWVHX,151 Dan Leckie Way,706,M5V,Condominium,10,Spadina-Fort York
6630164,STR-2307-GJMHHS,1279 Davenport Rd,1,M6H,Single/Semi-detached House,9,Davenport
6630165,STR-2307-FMBPHQ,87 Rivercrest Rd,,M6S,Single/Semi-detached House,4,Parkdale-High Park
6630166,STR-2307-GKVPHT,151 Dan Leckie Way,911,M5V,Condominium,10,Spadina-Fort York
6630167,STR-2307-HRVPHY,65 Bremner Blvd,2809,M5J,Condominium,10,Spadina-Fort York
6630168,STR-2307-GDFBHS,65 Bremner Blvd,3406,M5J,Condominium,10,Spadina-Fort York
6630169,STR-2307-GLLBHT,1612 O'Connor Dr,,M4B,Townhouse/ Row House,19,Beaches-East York
6630170,STR-2307-GMBPHT,21 Iceboat Ter,1501,M5V,Condominium,10,Spadina-Fort York
6630171,STR-2307-FXFBHR,680 Brown's Line,,M8W,Single/Semi-detached House,3,Etobicoke-Lakeshore
6630172,STR-2307-GFLBHS,21 Iceboat Ter,531,M5V,Condominium,10,Spadina-Fort York
6630173,STR-2307-HVHPHY,32 Simpson Ave,,M4K,Single/Semi-detached House,14,Toronto-Danforth
6630174,STR-2307-FYLBHR,99 Cameron St,709,M5T,Condominium,10,Spadina-Fort York
6630175,STR-2307-HFLBHW,482 Dufferin St,,M6K,Townhouse/ Row House,9,Davenport
6630176,STR-2307-GXVPHV,3 Jean Dempsey Gt,,M1C,Single/Semi-detached House,25,Scarborough-Rouge Park
6630177,STR-2307-FSLBHQ,12 York St,4808,M5J,Condominium,10,Spadina-Fort York
6630178,STR-2307-JGSBHZ,151 Dan Leckie Way,908,M5V,Condominium,10,Spadina-Fort York
6630179,STR-2307-HBJVHW,35 Mariner Ter,1111,M5V,Condominium,10,Spadina-Fort York
6630180,STR-2307-FFMHHP,19 Hillsboro Ave,,M5R,Single/Semi-detached House,11,University-Rosedale
6630181,STR-2307-FMTHHQ,549 Perth Ave,Upper,M6N,Duplex/Triplex/Fourplex,9,Davenport
6630182,STR-2307-GLMHHT,9 Fairmount Cres,,M4L,Single/Semi-detached House,19,Beaches-East York
6630183,STR-2307-GMCVHT,287 Humberside Ave,,M6P,Single/Semi-detached House,4,Parkdale-High Park
6630184,STR-2307-FXGHHR,137 Pineway Blvd,Lower,M2H,Single/Semi-detached House,17,Don Valley North
6630185,STR-2307-HDGHHW,69 Lynn Williams St,814,M6K,Condominium,10,Spadina-Fort York
6630186,STR-2307-GPJVHT,604 O'Connor Dr,,M4C,Single/Semi-detached House,19,Beaches-East York
6630187,STR-2307-HMCVHX,342 Harvie Ave,,M6E,Single/Semi-detached House,9,Davenport
6630188,STR-2307-GHJVHS,21 Iceboat Ter,532,M5V,Condominium,10,Spadina-Fort York
6630189,STR-2307-HHZHHW,120 Harrison Garden Blvd,306,M2N,Condominium,18,Willowdale
6630190,STR-2307-FMFBHQ,26 Purdon Dr,,M3H,Single/Semi-detached House,6,York Centre
6630191,STR-2307-HKHPHX,932 Royal York Rd,,M8Y,Single/Semi-detached House,3,Etobicoke-Lakeshore
6630192,STR-2307-GDYBHS,115 Isaac Devins Blvd,,M9M,Townhouse/ Row House,7,Humber River-Black Creek
6630193,STR-2307-GMFBHT,11 Plainfield Rd,,M9N,Single/Semi-detached House,5,York South-Weston
6630194,STR-2307-GVLBHV,120 Bell Estate Rd,BSMT,M1L,Single/Semi-detached House,20,Scarborough Southwest
6630195,STR-2307-HCSBHW,101 Peter St,1802,M5V,Condominium,10,Spadina-Fort York
6630196,STR-2307-HKYBHX,350 Mill Rd,408,M9C,Condominium,2,Etobicoke Centre
6630197,STR-2307-FGVPHP,12 York St,4603,M5J,Condominium,10,Spadina-Fort York
6630198,STR-2307-FQBPHQ,92 Power St,APT 2,M5A,Duplex/Triplex/Fourplex,13,Toronto Centre
6630199,STR-2307-FXHPHR,19 Agnes Lane,,M4L,Townhouse/ Row House,14,Toronto-Danforth
6630200,STR-2307-GWBPHV,14 York St,6103,M5J,Condominium,10,Spadina-Fort York
6630201,STR-2307-FXYBHR,48 Applemore Rd,,M1B,Single/Semi-detached House,23,Scarborough North
6630202,STR-2307-FJBPHP,500 Doris Ave,1521,M2N,Condominium,18,Willowdale
6630203,STR-2308-FRYBHQ,6 Rolyat St,A,M6J,Single/Semi-detached House,10,Spadina-Fort York
6630204,STR-2308-HPLBHX,482 Milverton Blvd,,M4C,Single/Semi-detached House,19,Beaches-East York
6630205,STR-2308-JDYBHZ,500 Doris Ave,1421,M2N,Condominium,18,Willowdale
6630206,STR-2308-FSPPHQ,12 Glenn Arthur Dr,,M8Y,Single/Semi-detached House,3,Etobicoke-Lakeshore
6630207,STR-2308-GCBPHR,217 Beverley St,3,M5T,Apartment,11,University-Rosedale
6630208,STR-2308-GKHPHS,117A Coxwell Ave,,M4L,Single/Semi-detached House,19,Beaches-East York
6630209,STR-2308-GZVPHV,12 York St,3206,M5J,Condominium,10,Spadina-Fort York
6630210,STR-2308-HYPPHY,11 Valentine Dr,,M3A,Single/Semi-detached House,16,Don Valley East
6630211,STR-2308-HBMHHW,366 Runnymede Rd,,M6S,Single/Semi-detached House,4,Parkdale-High Park
6630212,STR-2308-HZGHHZ,226 Glengarry Ave,,M5M,Single/Semi-detached House,8,Eglinton-Lawrence
6630213,STR-2308-GDJVHS,15 Wadsworth Blvd,,M9N,Single/Semi-detached House,5,York South-Weston
6630214,STR-2308-HCTHHW,18 Yonge St,3002,M5E,Condominium,10,Spadina-Fort York
6630215,STR-2308-FXJVHR,51 Willow Ave,Main,M4E,Single/Semi-detached House,19,Beaches-East York
6630216,STR-2308-GMWVHT,117 Dawes Rd,,M4C,Single/Semi-detached House,19,Beaches-East York
6630217,STR-2308-FHMHHP,155 Yorkville Ave,410,M5R,Condominium,11,University-Rosedale
6630218,STR-2308-FXZHHR,34 Tiago Ave,,M4B,Single/Semi-detached House,19,Beaches-East York
6630219,STR-2308-HDZHHW,10 Capreol Crt,746,M5V,Condominium,10,Spadina-Fort York
6630220,STR-2308-HMGHHX,427 Armadale Ave,,M6S,Single/Semi-detached House,4,Parkdale-High Park
6630221,STR-2308-JDJVHZ,1095 Dundas St W,2,M6J,Single/Semi-detached House,10,Spadina-Fort York
6630222,STR-2308-FRZHHQ,251 Jarvis St,1134,M5B,Condominium,13,Toronto Centre
6630223,STR-2308-FKJVHP,289 Burnett Ave,,M2N,Single/Semi-detached House,18,Willowdale
6630224,STR-2308-GYQVHV,98 Lillian St,726,M4S,Condominium,12,Toronto-St. Paul's
6630225,STR-2308-GKJVHS,34 Elmfield Cres,,M1V,Single/Semi-detached House,22,Scarborough-Agincourt
6630226,STR-2308-GSQVHT,15 Zorra St,2205,M8Z,Condominium,3,Etobicoke-Lakeshore
6630227,STR-2308-GTHPHV,300 Front St W,2104,M5V,Condominium,10,Spadina-Fort York
6630228,STR-2308-HBPPHW,12 York St,3908,M5J,Condominium,10,Spadina-Fort York
6630229,STR-2308-HJVPHX,769 Ossington Ave,,M6G,Single/Semi-detached House,11,University-Rosedale
6630230,STR-2308-HZHPHZ,26 Ridley Gdns,,M6R,Single/Semi-detached House,4,Parkdale-High Park
6630231,STR-2308-HKLBHX,55 Bremner Blvd,2005,M5J,Condominium,10,Spadina-Fort York
6630232,STR-2308-HLBPHX,177 Betty Ann Dr,,M2N,Single/Semi-detached House,18,Willowdale
6630233,STR-2308-JBPPHZ,878 Bloor St W,3,M6G,Apartment,11,University-Rosedale
6630234,STR-2308-GFSBHS,35 Blackburn St,,M4M,Townhouse/ Row House,14,Toronto-Danforth
6630235,STR-2308-HLSBHX,84 Frater Ave,,M4C,Single/Semi-detached House,19,Beaches-East York
6630236,STR-2308-FHPPHP,1 Trefann St,E,M5A,Condominium,13,Toronto Centre
6630237,STR-2308-FQVPHQ,12 New Haven Dr,,M5N,Single/Semi-detached House,8,Eglinton-Lawrence
6630238,STR-2308-GXLBHV,55 Bremner Blvd,1603,M5J,Condominium,10,Spadina-Fort York
6630239,STR-2308-FZYBHR,441 Sackville St,,M4X,Single/Semi-detached House,13,Toronto Centre
6630240,STR-2308-GJFBHS,94 Caledonia Park Rd,4,M6H,Townhouse/ Row House,9,Davenport
6630241,STR-2308-FTYBHQ,509 Beecroft Rd,616,M2N,Condominium,18,Willowdale
6630242,STR-2308-GZYBHV,71 First Ave,,M4M,Single/Semi-detached House,14,Toronto-Danforth
6630243,STR-2308-HYSBHY,45 Brookmount Rd,1,M4L,Single/Semi-detached House,19,Beaches-East York
6630244,STR-2308-JGYBHZ,8 Knollview Cres,,M2K,Single/Semi-detached House,17,Don Valley North
6630245,STR-2308-GLCVHT,49 Wicklow Dr,,M1T,Single/Semi-detached House,22,Scarborough-Agincourt
6630246,STR-2308-FPQVHQ,19 Hill Garden Rd,,M9P,Single/Semi-detached House,2,Etobicoke Centre
6630247,STR-2308-GWGHHV,341 Lumsden Ave,,M4C,Single/Semi-detached House,19,Beaches-East York
6630248,STR-2308-JCGHHZ,34 Western Battery Rd,432,M6K,Townhouse/ Row House,10,Spadina-Fort York
6630249,STR-2308-FHQVHP,21 Belanger Cres,BSMT,M1L,Townhouse/ Row House,20,Scarborough Southwest
6630250,STR-2308-GPQVHT,955 Bay St,1111,M5S,Condominium,13,Toronto Centre
6630251,STR-2308-HFCVHW,60 Princess St,446,M5A,Condominium,13,Toronto Centre
6630252,STR-2308-GQWVHT,32 Fifeshire Rd,,M2L,Single/Semi-detached House,15,Don Valley West
6630253,STR-2308-GJGHHS,3477 Dundas St W,,M6S,Single/Semi-detached House,4,Parkdale-High Park
6630254,STR-2308-GZZHHV,1239 Dundas St W,306,M6J,Apartment,10,Spadina-Fort York
6630255,STR-2308-FDPRVP,21 Iceboat Ter,3301,M5V,Condominium,10,Spadina-Fort York
6630256,STR-2308-FLVRVQ,47 Andona Cres,,M1C,Single/Semi-detached House,25,Scarborough-Rouge Park
6630257,STR-2308-FVBRVR,112 Withrow Ave,,M4K,Single/Semi-detached House,14,Toronto-Danforth
6630258,STR-2308-GKPRVT,300 Front St W,3411,M5V,Condominium,10,Spadina-Fort York
6630259,STR-2308-GSVRVV,14 York St,4809,M5J,Condominium,10,Spadina-Fort York
6630260,STR-2308-HCHRVW,721 Dupont St,,M6G,Duplex/Triplex/Fourplex,11,University-Rosedale
6630261,STR-2308-JBBRVZ,477 Richmond St W,503,M5V,Condominium,10,Spadina-Fort York
6630262,STR-2308-FWYDVR,155 Yorkville Ave,2917,M5R,Condominium,11,University-Rosedale
6630263,STR-2308-HCYDVW,15 Wales Ave,,M5T,Townhouse/ Row House,11,University-Rosedale
6630264,STR-2308-FQHRVQ,488 King St E,,M5A,Townhouse/ Row House,13,Toronto Centre
6630265,STR-2308-FHSDVP,215 Fort York Blvd,3811,M5V,Condominium,10,Spadina-Fort York
6630266,STR-2308-GGLDVS,8 Mayfield Ave,,M6S,Single/Semi-detached House,4,Parkdale-High Park
6630267,STR-2308-GPSDVT,300 Front St W,2506,M5V,Condominium,10,Spadina-Fort York
6630268,STR-2308-JDPRVZ,14 York St,1809,M5J,Condominium,10,Spadina-Fort York
6630269,STR-2308-FJYDVP,12 York St,504,M5J,Condominium,10,Spadina-Fort York
6630270,STR-2308-FZLDVR,300 Front St W,805,M5V,Condominium,10,Spadina-Fort York
6630271,STR-2308-GHSDVS,65 Bremner Blvd,1605,M5J,Condominium,10,Spadina-Fort York
6630272,STR-2308-HWYDVY,363 Dovercourt Rd,2nd floor,M6J,Single/Semi-detached House,9,Davenport
6630273,STR-2308-FKPRVP,272 St Clarens Ave,Basement,M6H,Single/Semi-detached House,9,Davenport
6630274,STR-2308-GBBRVR,219 Fort York Blvd,3307,M5V,Condominium,10,Spadina-Fort York
6630275,STR-2308-GRPRVT,197 Osler St,,M6N,Single/Semi-detached House,9,Davenport
6630276,STR-2308-GYVRVV,300 Front St W,4504,M5V,Condominium,10,Spadina-Fort York
6630277,STR-2308-HHSDVW,439 St Clarens Ave,BSMT,M6H,Duplex/Triplex/Fourplex,9,Davenport
6630278,STR-2308-FLWXVQ,428 Kenneth Ave,1,M2N,Townhouse/ Row House,18,Willowdale
6630279,STR-2308-GKQXVT,9 London St,,M6G,Single/Semi-detached House,11,University-Rosedale
6630280,STR-2308-HBCXVW,181 Booth Ave,,M4M,Single/Semi-detached House,14,Toronto-Danforth
6630281,STR-2308-GTMKVV,22 Rayside Dr,,M9C,Single/Semi-detached House,2,Etobicoke Centre
6630282,STR-2308-FHCXVP,125 Barker Ave,,M4C,Single/Semi-detached House,19,Beaches-East York
6630283,STR-2308-FQJXVQ,80 Western Battery Rd,2309,M6K,Condominium,10,Spadina-Fort York
6630284,STR-2308-HFGKVW,32 East Lynn Ave,,M4C,Single/Semi-detached House,19,Beaches-East York
6630285,STR-2308-HVTKVY,139 Day Ave,,M6E,Single/Semi-detached House,9,Davenport
6630286,STR-2308-GHCXVS,226 Garden Ave,,M6R,Single/Semi-detached House,4,Parkdale-High Park
6630287,STR-2308-JDQXVZ,151 Dan Leckie Way,1038,M5V,Condominium,10,Spadina-Fort York
6630288,STR-2308-GQZKVT,30 Nelson St,202,M5V,Condominium,10,Spadina-Fort York
6630289,STR-2308-HXQXVY,13 Allen Ave,,M4M,Single/Semi-detached House,14,Toronto-Danforth
6630290,STR-2308-FTMKVQ,62 Burnaby Blvd,,M5N,Single/Semi-detached House,8,Eglinton-Lawrence
6630291,STR-2308-GBTKVR,1838 Dufferin St,,M6E,Single/Semi-detached House,9,Davenport
6630292,STR-2308-HYGKVY,139 Rhodes Ave,,M4L,Single/Semi-detached House,14,Toronto-Danforth
6630293,STR-2308-FDSDVP,1176 Shaw St,,M6G,Single/Semi-detached House,12,Toronto-St. Paul's
6630294,STR-2308-GSYDVV,120 Dallimore Crcl,713,M3C,Condominium,16,Don Valley East
6630295,STR-2308-HRSDVY,21 Haddon Ave,,M1N,Single/Semi-detached House,20,Scarborough Southwest
6630296,STR-2308-FMPRVQ,54 Golden Ave,,M6R,Single/Semi-detached House,4,Parkdale-High Park
6630297,STR-2308-FFYDVP,270 Wellington St W,1217,M5V,Condominium,10,Spadina-Fort York
6630298,STR-2308-FPVRVQ,116 Navenby Cres,,M9L,Townhouse/ Row House,7,Humber River-Black Creek
6630299,STR-2308-HLYDVX,191 Beatrice St,,M6G,Single/Semi-detached House,11,University-Rosedale
6630300,STR-2308-HVFDVY,140 Simcoe St,1104,M5H,Condominium,10,Spadina-Fort York
6630301,STR-2308-HFHRVW,8 Wellesley St E,305,M4Y,Condominium,13,Toronto Centre
6630302,STR-2309-FKBRVP,55 Bremner Blvd,2109,M5J,Condominium,10,Spadina-Fort York
6630303,STR-2309-HXBRVY,208 Queens Quay  W,2213,M5J,Condominium,10,Spadina-Fort York
6630304,STR-2309-FKSDVP,231 Fort York Blvd,1304,M5V,Condominium,10,Spadina-Fort York
6630305,STR-2309-FSYDVQ,101 Peter St,618,M5V,Condominium,10,Spadina-Fort York
6630306,STR-2309-GRSDVT,955 Bay St,405,M5S,Condominium,13,Toronto Centre
6630307,STR-2309-HXSDVY,25 St Mary St,1003,M4Y,Apartment,13,Toronto Centre
6630308,STR-2309-FLHRVP,14 York St,3112,M5J,Condominium,10,Spadina-Fort York
6630309,STR-2309-GKBRVS,155 Yorkville Ave,1101,M5R,Condominium,11,University-Rosedale
6630310,STR-2309-FVGKVR,336 Trudelle St,Upper,M1J,Single/Semi-detached House,21,Scarborough Centre
6630311,STR-2309-HJMKVX,98 Nipigon Ave,,M2M,Single/Semi-detached House,18,Willowdale
6630312,STR-2309-FVWXVR,36 Lorraine Gdns,,M9B,Single/Semi-detached House,2,Etobicoke Centre
6630313,STR-2309-GLJXVT,17 Pembroke St,13,M5A,Condominium,13,Toronto Centre
6630314,STR-2309-GMQXVT,52 Castlebury Cres,Basement,M2H,Single/Semi-detached House,17,Don Valley North
6630315,STR-2309-GFZKVS,858 Shaw St,,M6G,Single/Semi-detached House,11,University-Rosedale
6630316,STR-2309-FRCXVQ,65 Dane Ave,MAIN1,M6A,Single/Semi-detached House,8,Eglinton-Lawrence
6630317,STR-2309-GGQXVS,71 Denvale Rd,BSMT,M4B,Single/Semi-detached House,19,Beaches-East York
6630318,STR-2309-HVWXVY,276 Bogert Ave,,M2N,Single/Semi-detached House,18,Willowdale
6630319,STR-2309-GTBRVV,130 Combe Ave,,M3H,Single/Semi-detached House,6,York Centre
6630320,STR-2309-HWMKVY,196 Clonmore Dr,Upper,M1N,Single/Semi-detached House,20,Scarborough Southwest
6630321,STR-2309-FZQXVR,62 Chartland Blvd S,,M1S,Single/Semi-detached House,23,Scarborough North
6630322,STR-2309-HPWXVX,21 Iceboat Ter,PH07,M5V,Condominium,10,Spadina-Fort York
6630323,STR-2309-GJMKVS,59 Lonborough Ave,,M6M,Single/Semi-detached House,5,York South-Weston
6630324,STR-2309-HHGKVW,18 Maitland Ter,412,M4Y,Condominium,13,Toronto Centre
6630325,STR-2309-FLJXVP,30 Sunnycrest Rd,1,M2R,Single/Semi-detached House,6,York Centre
6630326,STR-2309-GBWXVR,593 Greenwood Ave,,M4J,Single/Semi-detached House,14,Toronto-Danforth
6630327,STR-2309-JGQXVZ,35 Gledhill Ave,Unit 1,M4C,Single/Semi-detached House,19,Beaches-East York
6630328,STR-2309-FDVRVP,155 Yorkville Ave,710,M5R,Condominium,11,University-Rosedale
6630329,STR-2309-FMBRVQ,134 Bartlett Ave,R,M6H,Single/Semi-detached House,9,Davenport
6630330,STR-2309-FVHRVR,165 Legion Rd N,723,M8Y,Condominium,3,Etobicoke-Lakeshore
6630331,STR-2309-HBHRVW,28 Pakenham Dr,,M9W,Single/Semi-detached House,1,Etobicoke North
6630332,STR-2309-FFLDVP,2154 Dundas St W,205,M6R,Condominium,4,Parkdale-High Park
6630333,STR-2309-GLLDVT,112 George St,702,M5A,Condominium,13,Toronto Centre
6630334,STR-2309-GTSDVV,2 Orley Ave,Lower,M4C,Single/Semi-detached House,19,Beaches-East York
6630335,STR-2309-HKFDVX,155 Yorkville Ave,2011,M5R,Apartment,11,University-Rosedale
6630336,STR-2309-FPYDVQ,55 Bremner Blvd,3510,M5J,Condominium,10,Spadina-Fort York
6630337,STR-2309-GVYDVV,14 York St,2207,M5J,Condominium,10,Spadina-Fort York
6630338,STR-2309-HDVRVW,20 John St,618,M5V,Condominium,10,Spadina-Fort York
6630339,STR-2309-JCPRVZ,138 Horsham Ave,,M2N,Single/Semi-detached House,18,Willowdale
6630340,STR-2309-FHYDVP,24 Avonwick Gt,,M3A,Single/Semi-detached House,16,Don Valley East
6630341,STR-2309-GGSDVS,165 Legion Rd N,1128,M8Y,Condominium,3,Etobicoke-Lakeshore
6630342,STR-2309-GXFDVV,38 Grenville St,810,M4Y,Condominium,13,Toronto Centre
6630343,STR-2309-HVYDVY,76 MacDonell Ave,,M6R,Single/Semi-detached House,4,Parkdale-High Park
6630344,STR-2309-FRVRVQ,439 Wellesley St E,,M4X,Single/Semi-detached House,13,Toronto Centre
6630345,STR-2309-HPYDVX,266 Harvie Ave,,M6E,Single/Semi-detached House,9,Davenport
6630346,STR-2309-FTBRVQ,222 Elm St,704,M5T,Apartment,11,University-Rosedale
6630347,STR-2309-HQPRVX,206 Queen's Dr,,M9N,Single/Semi-detached House,5,York South-Weston
6630348,STR-2309-HXVRVY,50 Regent St,Unit BSMT,M6N,Single/Semi-detached House,5,York South-Weston
6630349,STR-2309-GKFDVS,2573 Lake Shore Blvd W,5,M8V,Apartment,3,Etobicoke-Lakeshore
6630350,STR-2309-HRFDVX,168 Simcoe St,513,M5H,Condominium,10,Spadina-Fort York
6630351,STR-2309-JGSDVZ,4 Crendon Dr,,M9C,Single/Semi-detached House,2,Etobicoke Centre
6630352,STR-2309-FPJXVQ,451 Pacific Ave,,M6P,Single/Semi-detached House,4,Parkdale-High Park
6630353,STR-2309-GDWXVS,453 Soudan Ave,,M4S,Single/Semi-detached House,15,Don Valley West
6630354,STR-2309-GMTKVT,25 Indian Trl,Lower,M6R,Single/Semi-detached House,4,Parkdale-High Park
6630355,STR-2309-GVZKVV,44 Garnock Ave,,M4K,Single/Semi-detached House,14,Toronto-Danforth
6630356,STR-2309-HLMKVX,7 Trent Ave,,M4C,Single/Semi-detached House,19,Beaches-East York
6630357,STR-2309-FHJXVP,30 Northbrook Rd,,M4J,Single/Semi-detached House,14,Toronto-Danforth
6630358,STR-2309-GGCXVS,80 Western Battery Rd,1912,M6K,Condominium,10,Spadina-Fort York
6630359,STR-2309-HMCXVX,112 Springhurst Ave,2A,M6K,Duplex/Triplex/Fourplex,4,Parkdale-High Park
6630360,STR-2309-GXGKVV,20 Blue Jays Way,1410,M5V,Condominium,10,Spadina-Fort York
6630361,STR-2309-GYMKVV,2028 Dundas St E,,M4L,Single/Semi-detached House,19,Beaches-East York
6630362,STR-2309-FKWXVP,19 Brant St,605,M5V,Condominium,10,Spadina-Fort York
6630363,STR-2309-GBJXVR,14 York St,2608,M5J,Condominium,10,Spadina-Fort York
6630364,STR-2309-GBZKVR,175 Jones Ave,1,M4M,Condominium,14,Toronto-Danforth
6630365,STR-2309-JGTKVZ,668 Victoria Park Ave,,M4C,Single/Semi-detached House,19,Beaches-East York
6630366,STR-2309-FMFDVQ,137 Mammoth Hall Trl,,M1B,Townhouse/ Row House,23,Scarborough North
6630367,STR-2309-FVLDVR,73 Osler St,,M6P,Townhouse/ Row House,9,Davenport
6630368,STR-2309-GLPRVT,151 Dan Leckie Way,558,M5V,Condominium,10,Spadina-Fort York
6630369,STR-2309-HZVRVZ,19 Mulham Pl,,M9A,Single/Semi-detached House,2,Etobicoke Centre
6630370,STR-2309-JBLDVZ,101 Peter St,4002,M5V,Condominium,10,Spadina-Fort York
6630371,STR-2309-GFPRVS,2300 St Clair Ave W,113,M6N,Condominium,5,York South-Weston
6630372,STR-2309-HTVRVY,151 Dan Leckie Way,537,M5V,Condominium,10,Spadina-Fort York
6630373,STR-2309-JCBRVZ,54 East Liberty St,1021,M6K,Condominium,10,Spadina-Fort York
6630374,STR-2309-FXYDVR,748 St Clair Ave W,1,M6C,Apartment,12,Toronto-St. Paul's
6630375,STR-2309-GGFDVS,73 Ambercroft Blvd,,M1W,Single/Semi-detached House,22,Scarborough-Agincourt
6630376,STR-2309-FRHRVQ,1 Flax Field Ln,,M2N,Townhouse/ Row House,18,Willowdale
6630377,STR-2309-FYPRVR,235 Rosemount Ave,,M9N,Single/Semi-detached House,5,York South-Weston
6630378,STR-2309-GXHRVV,120 Homewood Ave,311,M4Y,Condominium,13,Toronto Centre
6630379,STR-2309-HFPRVW,120 Homewood Ave,324,M4Y,Condominium,13,Toronto Centre
6630380,STR-2309-FRYDVQ,30 Nelson St,1702,M5V,Condominium,10,Spadina-Fort York
6630381,STR-2309-FZFDVR,9 Euclid Ave,,M6J,Townhouse/ Row House,10,Spadina-Fort York
6630382,STR-2309-GJBRVS,138 St Helen's Ave,710,M6H,Condominium,9,Davenport
6630383,STR-2309-HXHRVY,33 Dundonald St,2,M4Y,Townhouse/ Row House,13,Toronto Centre
6630384,STR-2309-JFPRVZ,735 Richmond St W,basement,M6J,Single/Semi-detached House,10,Spadina-Fort York
6630385,STR-2309-FKYDVP,215 Jarvis St,4,M5B,Apartment,13,Toronto Centre
6630386,STR-2309-GRYDVT,18 Burnhamthorpe Park Blvd,,M9A,Single/Semi-detached House,3,Etobicoke-Lakeshore
6630387,STR-2309-HQSDVX,326 Strathmore Blvd,,M4J,Single/Semi-detached House,14,Toronto-Danforth
6630388,STR-2309-GCBRVR,21 Iceboat Ter,3305,M5V,Condominium,10,Spadina-Fort York
6630389,STR-2309-HRHRVX,21 Iceboat Ter,4810,M5V,Condominium,10,Spadina-Fort York
6630390,STR-2309-GCTKVS,4 Claremore Ave,,M1N,Single/Semi-detached House,20,Scarborough Southwest
6630391,STR-2309-FMWXVQ,21 Iceboat Ter,223,M5V,Condominium,10,Spadina-Fort York
6630392,STR-2309-GTWXVV,30 Nelson St,1104,M5V,Condominium,10,Spadina-Fort York
6630393,STR-2309-HKJXVX,30 Western Battery Rd,330,M6K,Townhouse/ Row House,10,Spadina-Fort York
6630394,STR-2309-HLQXVX,10049 Sheppard Ave E,,M1B,Single/Semi-detached House,25,Scarborough-Rouge Park
6630395,STR-2309-JCTKVZ,1161 Islington Ave,,M8Z,Single/Semi-detached House,3,Etobicoke-Lakeshore
6630396,STR-2309-HFQXVW,638 Oakwood Ave,,M6E,Single/Semi-detached House,12,Toronto-St. Paul's
6630397,STR-2309-JDJXVZ,300 Front St W,2901,M5V,Condominium,10,Spadina-Fort York
6630398,STR-2310-GXZKVV,118 Mavety St,,M6P,Single/Semi-detached House,4,Parkdale-High Park
6630399,STR-2310-HWTKVY,28 Linden St,307,M4Y,Condominium,13,Toronto Centre
6630400,STR-2310-HXJXVY,3 Gloucester St,1506,M4Y,Condominium,13,Toronto Centre
6630401,STR-2310-GRZKVT,300 Front St W,312,M5V,Condominium,10,Spadina-Fort York
6630402,STR-2310-GZGKVV,493 Bloor St W,3,M5S,Apartment,19,Beaches-East York
6630403,STR-2310-HHMKVW,300 Front St W,3613,M5V,Condominium,10,Spadina-Fort York
6630404,STR-2310-GSQXVT,55 Dallas Rd,,M2R,Single/Semi-detached House,18,Willowdale
6630405,STR-2310-HRJXVX,300 Front St W,3009,M5V,Condominium,10,Spadina-Fort York
6630406,STR-2310-HBPRVW,71 Centennial Rd,,M1C,Single/Semi-detached House,25,Scarborough-Rouge Park
6630407,STR-2310-HJVRVX,18 Yonge St,1715,M5E,Condominium,10,Spadina-Fort York
6630408,STR-2310-FMYDVQ,18 Riverdale Ave,,M4K,Single/Semi-detached House,14,Toronto-Danforth
6630409,STR-2310-GLHVHT,210 Simcoe St,1001,M5T,Condominium,10,Spadina-Fort York
6630410,STR-2310-GVPRVV,300 Front St W,4506,M5V,Condominium,10,Spadina-Fort York
6630411,STR-2310-HCVRVW,100 Hamilton St,,M4M,Townhouse/ Row House,14,Toronto-Danforth
6630412,STR-2310-FGYDVP,21 Iceboat Ter,3701,M5V,Apartment,10,Spadina-Fort York
6630413,STR-2310-FQFDVQ,56 Kilchurn Castle Dr,,M1T,Single/Semi-detached House,22,Scarborough-Agincourt
6630414,STR-2310-GFSDVS,3931 Bloor St W,,M9B,Single/Semi-detached House,3,Etobicoke-Lakeshore
6630415,STR-2310-JCFDVZ,92 Whitburn Cres,Main Floor,M3M,Single/Semi-detached House,6,York Centre
6630416,STR-2310-HFBRVW,45 Minnacote Ave,,M1E,Single/Semi-detached House,25,Scarborough-Rouge Park
6630417,STR-2310-FSSDVQ,65 Ellerbeck St,,M4K,Single/Semi-detached House,14,Toronto-Danforth
6630418,STR-2310-GJFDVS,1755 Bayview Ave,101,M4G,Apartment,15,Don Valley West
6630419,STR-2310-HQFDVX,11 Ozark Cres,,M4K,Single/Semi-detached House,14,Toronto-Danforth
6630420,STR-2310-HXLDVY,30 Nelson St,2002,M5V,Condominium,10,Spadina-Fort York
6630421,STR-2310-GZHRVV,17 Baylawn Dr,,M1S,Single/Semi-detached House,22,Scarborough-Agincourt
6630422,STR-2310-HYSDVY,2046 Gerrard St E,,M4E,Single/Semi-detached House,19,Beaches-East York
6630423,STR-2310-JGYDVZ,151 Dan Leckie Way,1602,M5V,Condominium,10,Spadina-Fort York
6630424,STR-2310-GLCXVT,80 Western Battery Rd,1105,M6K,Condominium,10,Spadina-Fort York
6630425,STR-2310-GDMKVS,215 Fort York Blvd,3003,M5V,Condominium,10,Spadina-Fort York
6630426,STR-2310-GTZKVV,6 Valia Rd,,M1E,Single/Semi-detached House,25,Scarborough-Rouge Park
6630427,STR-2310-FPQXVQ,13 Humbert St,,M6J,Single/Semi-detached House,10,Spadina-Fort York
6630428,STR-2310-FYTKVR,36 Zorra St,1410,M8Z,Condominium,3,Etobicoke-Lakeshore
6630429,STR-2310-FZJXVR,38 Grenville St,4408,M4Y,Condominium,13,Toronto Centre
6630430,STR-2310-GYCXVV,36 McNicoll Ave,,M2H,Single/Semi-detached House,17,Don Valley North
6630431,STR-2310-HGJXVW,136 Manitoba St,,M8Y,Townhouse/ Row House,3,Etobicoke-Lakeshore
6630432,STR-2310-HWWXVY,18 Yonge St,3912,M5E,Condominium,10,Spadina-Fort York
6630433,STR-2310-JFCXVZ,241 Renforth Dr,,M9C,Single/Semi-detached House,2,Etobicoke Centre
6630434,STR-2310-GSCXVT,152 Linsmore Cres,,M4J,Single/Semi-detached House,14,Toronto-Danforth
6630435,STR-2310-GZJXVV,251 Jarvis St,3015,M5B,Condominium,13,Toronto Centre
6630436,STR-2310-HYCXVY,300 Front St W,314,M5V,Condominium,10,Spadina-Fort York
6630437,STR-2310-FLVVHQ,955 Bay St,3807,M5S,Condominium,13,Toronto Centre
6630438,STR-2310-FVBVHR,144 Morse St,,M4M,Single/Semi-detached House,14,Toronto-Danforth
6630439,STR-2310-HBBVHW,219 Fort York Blvd,1001,M5V,Apartment,10,Spadina-Fort York
6630440,STR-2310-FVSHHR,2246 Queen St E,B,M4E,Duplex/Triplex/Fourplex,19,Beaches-East York
6630441,STR-2310-GCYHHS,848 Dovercourt Rd,,M6H,Single/Semi-detached House,9,Davenport
6630442,STR-2310-GLYHHT,21 Iceboat Ter,2612,M5V,Condominium,10,Spadina-Fort York
6630443,STR-2310-HZLHHZ,12 York St,3408,M5J,Condominium,10,Spadina-Fort York
6630444,STR-2310-FPBVHQ,65 Bremner Blvd,3707,M5J,Condominium,10,Spadina-Fort York
6630445,STR-2310-GDPVHS,10 Capreol Crt,1016,M5V,Condominium,10,Spadina-Fort York
6630446,STR-2310-HSVVHY,300 Front St W,3512,M5V,Condominium,10,Spadina-Fort York
6630447,STR-2310-GVSHHV,81 Glendora Ave,,M2N,Single/Semi-detached House,18,Willowdale
6630448,STR-2310-FHBVHP,86 Greenbrook Dr,,M6M,Single/Semi-detached House,5,York South-Weston
6630449,STR-2310-FQHVHQ,7 Triller Ave,,M6K,Single/Semi-detached House,4,Parkdale-High Park
6630450,STR-2310-GWHVHV,44 Gossamer Ave,,M2M,Single/Semi-detached House,18,Willowdale
6630451,STR-2310-HLVVHX,104 Hollywood Ave,,M2N,Single/Semi-detached House,18,Willowdale
6630452,STR-2310-FHSHHP,102 Ulster St,,M5S,Single/Semi-detached House,11,University-Rosedale
6630453,STR-2310-FYFHHR,117 Baycrest Ave,,M6A,Single/Semi-detached House,8,Eglinton-Lawrence
6630454,STR-2310-GHBVHS,915 King St W,201,M6K,Apartment,10,Spadina-Fort York
6630455,STR-2310-GHSHHS,17 Coneflower Cres,204,M2R,Townhouse/ Row House,6,York Centre
6630456,STR-2310-JFFHHZ,1209 Glencairn Ave,,M6B,Single/Semi-detached House,8,Eglinton-Lawrence
6630457,STR-2310-FTLHHQ,100 Western Battery Rd,421,M6K,Condominium,10,Spadina-Fort York
6630458,STR-2310-HQYHHX,18 Yonge St,1615,M5E,Condominium,10,Spadina-Fort York
6630459,STR-2310-HJKBHX,300 Front St W,614,M5V,Condominium,10,Spadina-Fort York
6630460,STR-2310-FMMPHQ,300 Front St W,2902,M5V,Condominium,10,Spadina-Fort York
6630461,STR-2310-GLGPHT,188 Lippincott St,A,M5S,Condominium,11,University-Rosedale
6630462,STR-2310-HSGPHY,83 Northcote Ave,Upper,M6J,Duplex/Triplex/Fourplex,9,Davenport
6630463,STR-2310-GDRBHS,250 Havelock St,,M6H,Single/Semi-detached House,9,Davenport
6630464,STR-2310-HCKBHW,409 Huron St,101,M5S,Apartment,11,University-Rosedale
6630465,STR-2310-HCZPHW,11 Jimmy Wisdom Way,,M6E,Single/Semi-detached House,8,Eglinton-Lawrence
6630466,STR-2310-GPDBHT,27 William Duncan Rd,,M3K,Townhouse/ Row House,6,York Centre
6630467,STR-2310-HMMPHX,453 Adelaide St W,,M5V,Townhouse/ Row House,10,Spadina-Fort York
6630468,STR-2310-HFXBHW,64 Shrewsbury Sq,,M1T,Single/Semi-detached House,22,Scarborough-Agincourt
6630469,STR-2310-HWKBHY,327 Riverdale Ave,,M4J,Single/Semi-detached House,14,Toronto-Danforth
6630470,STR-2310-JDRBHZ,72 Glenridge Rd,,M1M,Single/Semi-detached House,20,Scarborough Southwest
6630471,STR-2310-GHTPHS,500 Sherbourne St,117,M4X,Condominium,13,Toronto Centre
6630472,STR-2310-JFGPHZ,55 Bremner Blvd,2502,M5J,Condominium,10,Spadina-Fort York
6630473,STR-2310-GJKBHS,219 Fort York Blvd,304,M5V,Apartment,10,Spadina-Fort York
6630474,STR-2310-GJZPHS,151 Dan Leckie Way,2002,M5V,Condominium,10,Spadina-Fort York
6630475,STR-2310-GZMPHV,31 Berwick Ave,,M5P,Single/Semi-detached House,12,Toronto-St. Paul's
6630476,STR-2310-FDSHHP,27 Island Rd,18,M1C,Condominium,25,Scarborough-Rouge Park
6630477,STR-2310-FVFHHR,332 Delaware Ave,Bsmt,M6H,Duplex/Triplex/Fourplex,9,Davenport
6630478,STR-2310-HBFHHW,955 Bay St,1212,M5S,Condominium,13,Toronto Centre
6630479,STR-2310-HRSHHY,1208 Huntingwood Dr,,M1S,Single/Semi-detached House,23,Scarborough North
6630480,STR-2310-GTPVHV,85 Dawlish Ave,,M4N,Single/Semi-detached House,15,Don Valley West
6630481,STR-2310-HZPVHZ,121 lower Sherbourne st,841,M5A,Condominium,13,Toronto Centre
6630482,STR-2310-FWLHHR,15 Kintyre Ave,,M4M,Single/Semi-detached House,14,Toronto-Danforth
6630483,STR-2310-GDSHHS,14 York St,1107,M5J,Condominium,10,Spadina-Fort York
6630484,STR-2310-HSYHHY,253 Woodsworth Rd,,M2L,Single/Semi-detached House,15,Don Valley West
6630485,STR-2310-JBFHHZ,87 Leroy Ave,,M4J,Single/Semi-detached House,14,Toronto-Danforth
6630486,STR-2310-FXBVHR,43 Wychwood Ave,,M6G,Single/Semi-detached House,12,Toronto-St. Paul's
6630487,STR-2310-GFHVHS,11A Norwood Rd,,M4E,Single/Semi-detached House,19,Beaches-East York
6630488,STR-2310-FXSHHR,300 Front St W,2309,M5V,Condominium,10,Spadina-Fort York
6630489,STR-2310-HDSHHW,155 Yorkville Ave,2711,M5R,Condominium,11,University-Rosedale
6630490,STR-2310-HVFHHY,22 Cuthbert Cres,,M4S,Single/Semi-detached House,12,Toronto-St. Paul's
6630491,STR-2310-GGPVHS,955 Bay St,617,M5S,Condominium,13,Toronto Centre
6630492,STR-2310-HMPVHX,29 Lyndale Dr,,M2N,Single/Semi-detached House,18,Willowdale
6630493,STR-2310-FRSHHQ,62 Frost St,,M9W,Single/Semi-detached House,1,Etobicoke North
6630494,STR-2310-HGPVHW,115 Palm Dr,Basement,M3H,Single/Semi-detached House,6,York Centre
6630495,STR-2310-FKSHHP,31 Hedgewood rd,,M2L,Single/Semi-detached House,15,Don Valley West
6630496,STR-2310-GJLHHS,143 Kingston Rd,,M4L,Single/Semi-detached House,19,Beaches-East York
6630497,STR-2310-GYYHHV,46 Palomino Cres,,M2K,Single/Semi-detached House,17,Don Valley North
6630498,STR-2310-FTPVHQ,250 Delaware Ave,Laneway,M6H,Single/Semi-detached House,9,Davenport
6630499,STR-2310-GKTPHT,1A Normandy Blvd,,M4L,Single/Semi-detached House,19,Beaches-East York
6630500,STR-2310-HBXBHW,890 Mount Pleasant Rd,207,M4P,Apartment,12,Toronto-St. Paul's
6630501,STR-2310-HSKBHY,35 Grant St,,M4M,Single/Semi-detached House,14,Toronto-Danforth
6630502,STR-2310-FFZPHP,155 Yorkville Ave,3112,M5R,Condominium,11,University-Rosedale
6630503,STR-2311-GVXBHV,5229 Dundas St W,711,M9B,Condominium,3,Etobicoke-Lakeshore
6630504,STR-2311-HTRBHY,145 Medland St,,M6P,Single/Semi-detached House,4,Parkdale-High Park
6630505,STR-2311-GXDBHV,119 Barker Ave,,M4C,Single/Semi-detached House,19,Beaches-East York
6630506,STR-2311-GXVVHV,1992 Danforth Ave,A,M4C,Townhouse/ Row House,19,Beaches-East York
6630507,STR-2311-FYZPHR,88 Tecumseth St,Main Floor,M6J,Townhouse/ Row House,10,Spadina-Fort York
6630508,STR-2311-GHGPHS,77 Thirty First St,,M8W,Single/Semi-detached House,3,Etobicoke-Lakeshore
6630509,STR-2311-HFZPHW,10 Nassau St,,M5T,Single/Semi-detached House,11,University-Rosedale
6630510,STR-2311-HPGPHX,65 Bremner Blvd,3401,M5J,Condominium,10,Spadina-Fort York
6630511,STR-2311-GRTPHT,92 Bowie Ave,,M6E,Single/Semi-detached House,8,Eglinton-Lawrence
6630512,STR-2311-GYZPHV,24 Mooreshead Dr,,M9C,Single/Semi-detached House,2,Etobicoke Centre
6630513,STR-2311-HQMPHX,145A Bexhill Ave,,M1L,Single/Semi-detached House,20,Scarborough Southwest
6630514,STR-2311-GSKBHT,35 Mariner Ter,1702,M5V,Condominium,10,Spadina-Fort York
6630515,STR-2311-GKVVHT,955 Bay St,320,M5S,Condominium,13,Toronto Centre
6630516,STR-2311-HRVVHY,66 Edgewood Ave,Unit 5,M4L,Apartment,19,Beaches-East York
6630517,STR-2311-HZSHHZ,20 Blue Jays Way,817,M5V,Condominium,10,Spadina-Fort York
6630518,STR-2311-FPHVHQ,18 Yonge St,2908,M5E,Condominium,10,Spadina-Fort York
6630519,STR-2311-FXFHHR,66 Jasper Ave,,M6N,Single/Semi-detached House,5,York South-Weston
6630520,STR-2311-GVYHHV,927 Logan Ave,,M4K,Single/Semi-detached House,14,Toronto-Danforth
6630521,STR-2311-JBYHHZ,127 Littles Rd,,M1B,Single/Semi-detached House,25,Scarborough-Rouge Park
6630522,STR-2311-FQPVHQ,219 Fort York Blvd,1302,M5V,Condominium,10,Spadina-Fort York
6630523,STR-2311-FXVVHR,14 York St,2208,M5J,Condominium,10,Spadina-Fort York
6630524,STR-2311-HMBVHX,222 Combe Ave,Suite A,M3H,Single/Semi-detached House,6,York Centre
6630525,STR-2311-HVHVHY,12 York St,2901,M5J,Condominium,10,Spadina-Fort York
6630526,STR-2311-GGSHHS,274 Glebeholme Blvd,,M4J,Single/Semi-detached House,14,Toronto-Danforth
6630527,STR-2311-JFLHHZ,41 Memorial Park Ave,,M4J,Single/Semi-detached House,14,Toronto-Danforth
6630528,STR-2311-FLLHHP,67 Madawaska Ave,,M2M,Single/Semi-detached House,18,Willowdale
6630529,STR-2311-GZSHHV,12 York St,5109,M5J,Condominium,10,Spadina-Fort York
6630530,STR-2311-GBKBHR,14 York St,6402,M5J,Condominium,10,Spadina-Fort York
6630531,STR-2311-HZDBHZ,42 Bowmore Rd,,M4L,Single/Semi-detached House,19,Beaches-East York
6630532,STR-2311-GLMPHT,34 Western Battery Rd,440,M6K,Condominium,10,Spadina-Fort York
6630533,STR-2311-GTTPHV,11 Lillian St,310,M4S,Condominium,12,Toronto-St. Paul's
6630534,STR-2311-HKGPHX,328 Howland Ave,,M5R,Single/Semi-detached House,12,Toronto-St. Paul's
6630535,STR-2311-HSMPHY,330 Salem Ave,,M6H,Single/Semi-detached House,9,Davenport
6630536,STR-2311-HCRBHW,58 Amsterdam Ave,,M4B,Single/Semi-detached House,19,Beaches-East York
6630537,STR-2311-JBKBHZ,130 Rosedale Valley Rd,801,M4W,Apartment,11,University-Rosedale
6630538,STR-2311-FGTPHP,12 York St,4611,M5J,Condominium,10,Spadina-Fort York
6630539,STR-2311-FPZPHQ,109 Galley Ave,,M6R,Single/Semi-detached House,4,Parkdale-High Park
6630540,STR-2311-GMTPHT,1780 Dufferin St,,M6E,Duplex/Triplex/Fourplex,9,Davenport
6630541,STR-2311-HDGPHW,215 Fort York Blvd,2403,M5V,Condominium,10,Spadina-Fort York
6630542,STR-2311-HLMPHX,23 Idyllwood Cres,,M6P,Single/Semi-detached House,4,Parkdale-High Park
6630543,STR-2311-GGDBHS,49 Leslie St,,M4M,Townhouse/ Row House,14,Toronto-Danforth
6630544,STR-2311-HVKBHY,16 Tower Dr,,M1R,Single/Semi-detached House,21,Scarborough Centre
6630545,STR-2311-JCRBHZ,841 Queen St W,B,M6J,Apartment,10,Spadina-Fort York
6630546,STR-2311-FHZPHP,93 Maclean Ave,Suite B,M4E,Duplex/Triplex/Fourplex,19,Beaches-East York
6630547,STR-2311-GPZPHT,101 Peter St,2612,M5V,Condominium,10,Spadina-Fort York
6630548,STR-2311-JDGPHZ,560 Front St W,602,M5V,Condominium,10,Spadina-Fort York
6630549,STR-2311-HXGPHY,713 Lawrence Ave W,8,M6A,Townhouse/ Row House,8,Eglinton-Lawrence
6630550,STR-2311-GRXBHT,38 Abell St,219,M6J,Condominium,9,Davenport
6630551,STR-2311-HHKBHW,21 Iceboat Ter,4715,M5V,Condominium,10,Spadina-Fort York
6630552,STR-2311-GKGPHS,804 Millwood Rd,,M4G,Single/Semi-detached House,15,Don Valley West
6630553,STR-2311-HYMPHY,143 Broadlands Blvd,BSMT,M3A,Single/Semi-detached House,16,Don Valley East
6630554,STR-2311-FDYHHP,1233 King St W,,M6K,Single/Semi-detached House,4,Parkdale-High Park
6630555,STR-2311-FVLHHR,161 Elmer Ave,,M4L,Single/Semi-detached House,19,Beaches-East York
6630556,STR-2311-HJSHHX,695 Gladstone Ave,B,M6H,Single/Semi-detached House,9,Davenport
6630557,STR-2311-GLPVHT,573 Shuter St,,M5A,Townhouse/ Row House,13,Toronto Centre
6630558,STR-2311-HKHVHX,4 MacKenzie Cres,1,M6J,Duplex/Triplex/Fourplex,9,Davenport
6630559,STR-2311-HSPVHY,209 Fort York Blvd,364,M5V,Condominium,10,Spadina-Fort York
6630560,STR-2311-GMVVHT,123 Bristol Ave,,M6H,Single/Semi-detached House,9,Davenport
6630561,STR-2311-JCBVHZ,101 Peter St,3008,M5V,Condominium,10,Spadina-Fort York
6630562,STR-2311-FQSHHQ,219 Fort York Blvd,520,M5V,Condominium,10,Spadina-Fort York
6630563,STR-2311-HMFHHX,315 Delaware Ave,,M6H,Single/Semi-detached House,9,Davenport
6630564,STR-2311-GQBVHT,560 Front St W,506,M5V,Condominium,10,Spadina-Fort York
6630565,STR-2311-GYPVHV,7 Milk Bottle Lane,,M4C,Apartment,19,Beaches-East York
6630566,STR-2311-JFPVHZ,263 Woodfield Rd,,M4L,Single/Semi-detached House,14,Toronto-Danforth
6630567,STR-2311-GKHVHS,188 Cumberland St,1410,M5R,Condominium,11,University-Rosedale
6630568,STR-2311-JGVVHZ,1204 Avenue Rd,,M5N,Townhouse/ Row House,8,Eglinton-Lawrence
6630569,STR-2311-GKZPHT,20 Rosemount Dr,,M1K,Single/Semi-detached House,21,Scarborough Centre
6630570,STR-2311-JCTPHZ,31 Broomfield Dr,,M1S,Single/Semi-detached House,23,Scarborough North
6630571,STR-2311-HTXBHY,24 Noble St,405,M6K,Condominium,4,Parkdale-High Park
6630572,STR-2311-GPMPHT,37 Tweedrock Cres,,M1E,Single/Semi-detached House,24,Scarborough-Guildwood
6630573,STR-2311-GWTPHV,144 Booth Ave,,M4M,Single/Semi-detached House,14,Toronto-Danforth
6630574,STR-2311-HDZPHW,226 Nairn Ave,,M6E,Single/Semi-detached House,9,Davenport
6630575,STR-2311-HWDBHY,73 Forest Grove Dr,,M2K,Single/Semi-detached House,17,Don Valley North
6630576,STR-2311-GXZPHV,36 Zorra St,2706,M8Z,Condominium,3,Etobicoke-Lakeshore
6630577,STR-2311-FZXBHR,55 Bremner Blvd,2402,M5J,Condominium,10,Spadina-Fort York
6630578,STR-2311-GRZPHT,477 Richmond St W,303,M5V,Condominium,10,Spadina-Fort York
6630579,STR-2311-GZGPHV,14 York St,4208,M5J,Condominium,10,Spadina-Fort York
6630580,STR-2311-GZXBHV,70 Simpson Ave,,M4K,Single/Semi-detached House,14,Toronto-Danforth
6630581,STR-2311-FVPVHR,151 Dan Leckie Way,356,M5V,Condominium,10,Spadina-Fort York
6630582,STR-2311-GTHVHV,275 Manse Rd,94,M1E,Townhouse/ Row House,25,Scarborough-Rouge Park
6630583,STR-2311-GTYHHV,151 Dan Leckie Way,1008,M5V,Condominium,10,Spadina-Fort York
6630584,STR-2311-HCFHHW,411 Craven Rd,1,M4L,Single/Semi-detached House,14,Toronto-Danforth
6630585,STR-2311-HSSHHY,6 Prince Hal Cres,,M1T,Single/Semi-detached House,22,Scarborough-Agincourt
6630586,STR-2311-GVPVHV,214 Sixth St,,M8V,Single/Semi-detached House,3,Etobicoke-Lakeshore
6630587,STR-2311-HTHVHY,124 Van Horne Ave,1,M2J,Single/Semi-detached House,17,Don Valley North
6630588,STR-2311-FQFHHQ,10 Meadowglen Pl,202,M1G,Condominium,24,Scarborough-Guildwood
6630589,STR-2312-GFSHHS,151 Dan Leckie Way,735,M5V,Condominium,10,Spadina-Fort York
6630590,STR-2312-HTYHHY,40 Leitch Ave,,M3J,Single/Semi-detached House,7,Humber River-Black Creek
6630591,STR-2312-FHPVHP,859 The Queensway,526,M8Z,Condominium,3,Etobicoke-Lakeshore
6630592,STR-2312-FQVVHQ,387 Willard Ave,2,M6S,Single/Semi-detached House,4,Parkdale-High Park
6630593,STR-2312-FYBVHR,250 Wellington St W,933,M5V,Condominium,10,Spadina-Fort York
6630594,STR-2312-GWVVHV,111 Virginia Ave,,M4C,Single/Semi-detached House,19,Beaches-East York
6630595,STR-2312-FJFHHP,145 Blackthorn Ave,,M6N,Single/Semi-detached House,9,Davenport
6630596,STR-2312-FRLHHQ,34 Moran Rd,,M1S,Single/Semi-detached House,23,Scarborough North
6630597,STR-2312-FYSHHR,65 Bremner Blvd,3311,M5J,Condominium,10,Spadina-Fort York
6630598,STR-2312-GXLHHV,151 Dan Leckie Way,2205,M5V,Condominium,10,Spadina-Fort York
6630599,STR-2312-HMYHHX,68 Zezel Way,,M1P,Townhouse/ Row House,21,Scarborough Centre
6630600,STR-2312-HWVVHY,321 Mortimer Ave,,M4J,Single/Semi-detached House,14,Toronto-Danforth
6630601,STR-2312-FLBVHP,64 Scarboro Beach Blvd,Upper,M4E,Duplex/Triplex/Fourplex,19,Beaches-East York
6630602,STR-2312-FTYHHQ,215 Fort York Blvd,2601,M5V,Condominium,10,Spadina-Fort York
6630603,STR-2312-HJFHHW,409 Huron St,210,M5S,Apartment,11,University-Rosedale
6630604,STR-2312-JGYHHZ,155 Yorkville Ave,1809,M5R,Condominium,11,University-Rosedale
6630605,STR-2402-GWTRVV,1441 Dufferin St,3,M6H,Apartment,9,Davenport
6630606,STR-2312-GDMPHS,151 Dan Leckie Way,551,M5V,Condominium,10,Spadina-Fort York
6630607,STR-2312-HKMPHX,300 Front St W,3206,M5V,Condominium,10,Spadina-Fort York
6630608,STR-2312-GVRBHV,8 Hazel Ave,,M4E,Single/Semi-detached House,19,Beaches-East York
6630609,STR-2312-HLTPHX,14 York St,6705,M5J,Condominium,10,Spadina-Fort York
6630610,STR-2312-JCGPHZ,429 Shuter St,B,M5A,Townhouse/ Row House,13,Toronto Centre
6630611,STR-2312-FHRBHP,172 Angus Dr,B,M2J,Single/Semi-detached House,17,Don Valley North
6630612,STR-2312-GPRBHT,219 Fort York Blvd,1912,M5V,Condominium,10,Spadina-Fort York
6630613,STR-2312-HFDBHW,215 Fort York Blvd,3310,M5V,Condominium,10,Spadina-Fort York
6630614,STR-2312-FSDBHQ,47 Newton Dr,,M2M,Single/Semi-detached House,18,Willowdale
6630615,STR-2312-GHRBHS,177 Holmes Ave,,M2N,Single/Semi-detached House,18,Willowdale
6630616,STR-2312-GRMPHT,210 Victoria St,2711,M5B,Condominium,13,Toronto Centre
6630617,STR-2312-GSDBHT,14 York St,5804,M5J,Condominium,10,Spadina-Fort York
6630618,STR-2312-FTZPHQ,54 Stephen Dr,A,M8Y,Duplex/Triplex/Fourplex,3,Etobicoke-Lakeshore
6630619,STR-2312-GCGPHR,8 Charlotte St,1006,M5V,Condominium,10,Spadina-Fort York
6630620,STR-2312-HRMPHX,80 Western Battery Rd,1802,M6K,Condominium,10,Spadina-Fort York
6630621,STR-2312-HYTPHY,33 Wycliffe Cres,,M2K,Single/Semi-detached House,17,Don Valley North
6630622,STR-2312-HRPXVY,155 Yorkville Ave,501,M5R,Condominium,11,University-Rosedale
6630623,STR-2312-FWYKVR,51 Chestnut Park Rd,,M4W,Single/Semi-detached House,11,University-Rosedale
6630624,STR-2312-FYFKVR,96 Hollywood Cres,,M4L,Single/Semi-detached House,19,Beaches-East York
6630625,STR-2312-GPSKVT,28 Havelock St,,M6H,Single/Semi-detached House,9,Davenport
6630626,STR-2312-HVSKVY,7 West Lynn Ave,A,M4C,Single/Semi-detached House,19,Beaches-East York
6630627,STR-2312-GXPXVV,210 Victoria St,1816,M5B,Condominium,13,Toronto Centre
6630628,STR-2312-GRPXVT,66 Edgewood Ave,4,M4L,Apartment,19,Beaches-East York
6630629,STR-2312-HQHXVX,63 Claremont St,1,M6J,Single/Semi-detached House,10,Spadina-Fort York
6630630,STR-2312-JFVXVZ,21 Iceboat Ter,4811,M5V,Condominium,10,Spadina-Fort York
6630631,STR-2312-HHSKVW,10 Lakeview Ave,Main,M6J,Duplex/Triplex/Fourplex,9,Davenport
6630632,STR-2312-FDRDVP,98 Upper Canada Dr,,M2P,Single/Semi-detached House,15,Don Valley West
6630633,STR-2312-GSXDVV,22 Western Battery Rd,119,M6K,Townhouse/ Row House,10,Spadina-Fort York
6630634,STR-2312-HRRDVY,21 Iceboat Ter,2712,M5V,Condominium,10,Spadina-Fort York
6630635,STR-2312-GTMRVV,438 Vaughan Rd,,M6C,Single/Semi-detached House,12,Toronto-St. Paul's
6630636,STR-2312-HCKDVW,346E Jarvis St,,M4Y,Townhouse/ Row House,13,Toronto Centre
6630637,STR-2312-FGMRVP,12 York St,3508,M5J,Condominium,10,Spadina-Fort York
6630638,STR-2312-FXRDVR,12 York St,2905,M5J,Condominium,10,Spadina-Fort York
6630639,STR-2312-FQZRVQ,84 Darby Crt,,M1B,Single/Semi-detached House,25,Scarborough-Rouge Park
6630640,STR-2312-FZMRVR,38 Abell St,218,M6J,Condominium,9,Davenport
6630641,STR-2402-FYSKVR,661 Conacher Dr,,M2M,Single/Semi-detached House,18,Willowdale
6630642,STR-2312-GJKDVS,10 Capreol Crt,509,M5V,Condominium,10,Spadina-Fort York
6630643,STR-2312-GYXDVV,139 Tamworth Rd,1,M2N,Single/Semi-detached House,18,Willowdale
6630644,STR-2312-GBTRVR,28 Coatsworth Cres,,M4C,Single/Semi-detached House,19,Beaches-East York
6630645,STR-2312-GSGRVT,227 Donald Ave,,M6M,Single/Semi-detached House,5,York South-Weston
6630646,STR-2312-HHTRVW,14 York St,1805,M5J,Condominium,10,Spadina-Fort York
6630647,STR-2312-HYGRVY,45 Baseball Place,201,M4M,Condominium,14,Toronto-Danforth
6630648,STR-2312-JGMRVZ,24 Noble St,411,M6K,Apartment,4,Parkdale-High Park
6630649,STR-2312-HZPXVZ,36 Dixon Ave,Lower,M4L,Duplex/Triplex/Fourplex,19,Beaches-East York
6630650,STR-2312-FPFKVQ,172 Curzon St,,M4M,Single/Semi-detached House,14,Toronto-Danforth
6630651,STR-2401-HVFKVY,96 Seaton St,B,M5A,Single/Semi-detached House,13,Toronto Centre
6630652,STR-2401-GXBXVV,79 William Duncan Rd,,M3K,Single/Semi-detached House,6,York Centre
6630653,STR-2401-FJLKVP,597 O'Connor Dr,,M4C,Single/Semi-detached House,19,Beaches-East York
6630654,STR-2401-HFYKVW,30 Baseball Pl,330,M4M,Condominium,14,Toronto-Danforth
6630655,STR-2401-FKBXVP,1A Branstone Rd,,M6E,Duplex/Triplex/Fourplex,9,Davenport
6630656,STR-2401-GRBXVT,36 Erindale Ave,B,M4K,Duplex/Triplex/Fourplex,14,Toronto-Danforth
6630657,STR-2401-HXBXVY,63 Rusholme Rd,,M6J,Single/Semi-detached House,9,Davenport
6630658,STR-2401-GJLKVS,47 Dunraven Dr,,M6M,Single/Semi-detached House,5,York South-Weston
6630659,STR-2401-GSHXVT,123 Hillsdale Ave E,,M4S,Single/Semi-detached House,12,Toronto-St. Paul's
6630660,STR-2401-HYHXVY,15 Hertle Ave,,M4L,Single/Semi-detached House,14,Toronto-Danforth
6630661,STR-2401-FDTRVP,21 Iceboat Ter,1115,M5V,Condominium,10,Spadina-Fort York
6630662,STR-2401-FLZRVQ,145 Caledonia Rd,,M6E,Single/Semi-detached House,9,Davenport
6630663,STR-2401-GCMRVS,20 Rainsford Rd,,M4L,Single/Semi-detached House,19,Beaches-East York
6630664,STR-2401-HRTRVY,123 Woodbine Ave,112,M4L,Condominium,19,Beaches-East York
6630665,STR-2401-FFKDVP,26 Fennings St,,M6J,Townhouse/ Row House,10,Spadina-Fort York
6630666,STR-2401-GLKDVT,101 Peter St,1701,M5V,Condominium,10,Spadina-Fort York
6630667,STR-2401-HBXDVW,10 Stamford Sq S,,M1L,Single/Semi-detached House,20,Scarborough Southwest
6630668,STR-2401-FWMRVR,10 Park Lawn Rd,4003,M8V,Condominium,3,Etobicoke-Lakeshore
6630669,STR-2401-GDTRVS,24 Sheridan Ave,1,M6K,Duplex/Triplex/Fourplex,9,Davenport
6630670,STR-2401-GFKDVS,41 Eileen Ave,,M6N,Single/Semi-detached House,5,York South-Weston
6630671,STR-2401-GMRDVT,2300 St Clair Ave W,509,M6N,Apartment,5,York South-Weston
6630672,STR-2401-GVXDVV,14 York St,307,M5J,Condominium,10,Spadina-Fort York
6630673,STR-2401-JBXDVZ,2 Anndale Dr,607,M2N,Condominium,18,Willowdale
6630674,STR-2401-FHXDVP,24 Unity Rd,,M4J,Single/Semi-detached House,14,Toronto-Danforth
6630675,STR-2401-FRDDVQ,55 Paradelle Cres,1,M3N,Single/Semi-detached House,7,Humber River-Black Creek
6630676,STR-2401-GXDDVV,14 York St,5610,M5J,Condominium,10,Spadina-Fort York
6630677,STR-2401-FYZRVR,44 D'Arcy St,B,M5T,Single/Semi-detached House,11,University-Rosedale
6630678,STR-2401-GYKDVV,9 Wilkins Ave,,M5A,Townhouse/ Row House,13,Toronto Centre
6630679,STR-2401-HGRDVW,43 Bernice Cres,,M6N,Single/Semi-detached House,5,York South-Weston
6630680,STR-2401-HXDDVY,783 Adelaide St W,,M6J,Single/Semi-detached House,10,Spadina-Fort York
6630681,STR-2405-GBZXVR,72 Oakwood Ave,3,M6H,Single/Semi-detached House,9,Davenport
6630682,STR-2401-HRDDVX,21 Iceboat Ter,4603,M5V,Condominium,10,Spadina-Fort York
6630683,STR-2401-JGRDVZ,36 Zorra St,330,M8Z,Condominium,3,Etobicoke-Lakeshore
6630684,STR-2401-HJPXVX,285 Willow Ave,,M4E,Single/Semi-detached House,19,Beaches-East York
6630685,STR-2401-FWPXVR,75 Oak Park Ave,,M4C,Single/Semi-detached House,19,Beaches-East York
6630686,STR-2401-GVYKVV,42 Aspendale Dr,upper,M1P,Single/Semi-detached House,21,Scarborough Centre
6630687,STR-2401-HDFKVW,33 Anewen Dr,Main,M4A,Single/Semi-detached House,16,Don Valley East
6630688,STR-2401-FQPXVQ,151 Dan Leckie Way,937,M5V,Apartment,10,Spadina-Fort York
6630689,STR-2401-JDFKVZ,37 Dundonald St,,M4Y,Single/Semi-detached House,13,Toronto Centre
6630690,STR-2401-JFLKVZ,41 Brightwood St,BSMENT,M3H,Apartment,6,York Centre
6630691,STR-2401-HQPXVX,300 Front St W,711,M5V,Condominium,10,Spadina-Fort York
6630692,STR-2401-HXVXVY,199 Richmond St W,1805,M5V,Condominium,10,Spadina-Fort York
6630693,STR-2401-FLLKVP,105 George St,2009,M5A,Condominium,13,Toronto Centre
6630694,STR-2401-GBYKVR,65 Bremner Blvd,4606,M5J,Condominium,10,Spadina-Fort York
6630695,STR-2401-GSLKVT,300 Front St W,2502,M5V,Condominium,10,Spadina-Fort York
6630696,STR-2401-GZSKVV,300 Front St W,4202,M5V,Condominium,10,Spadina-Fort York
6630697,STR-2401-FMDDVQ,890 Queen St E,A,M4M,Duplex/Triplex/Fourplex,14,Toronto-Danforth
6630698,STR-2401-FVKDVR,715 Lawrence Ave W,24,M6A,Condominium,8,Eglinton-Lawrence
6630699,STR-2401-HKGRVX,57 Cameron St,B,M5T,Duplex/Triplex/Fourplex,10,Spadina-Fort York
6630700,STR-2401-HSMRVY,14 York St,707,M5J,Condominium,10,Spadina-Fort York
6630701,STR-2401-FWRDVR,43 Barksdale Ave,,M3H,Single/Semi-detached House,6,York Centre
6630702,STR-2401-GDXDVS,247 Gamble Ave,,M4J,Single/Semi-detached House,14,Toronto-Danforth
6630703,STR-2401-HTDDVY,213 Mutual St,,M5B,Townhouse/ Row House,13,Toronto Centre
6630704,STR-2401-HMDDVX,8 Wellesley St E,707,M4Y,Condominium,13,Toronto Centre
6630705,STR-2401-HVKDVY,231 Fort York Blvd,2205,M5V,Condominium,10,Spadina-Fort York
6630706,STR-2401-GPZRVT,300 Front St W,2203,M5V,Condominium,10,Spadina-Fort York
6630707,STR-2402-FWGRVR,316 Oakwood Ave,Basement,M6E,Apartment,9,Davenport
6630708,STR-2401-HPZRVX,101 Peter St,608,M5V,Condominium,10,Spadina-Fort York
6630709,STR-2401-HYMRVY,65 Bertha Ave,,M1L,Single/Semi-detached House,20,Scarborough Southwest
6630710,STR-2401-FFPXVP,181 E De Grassi St N,,M4M,Single/Semi-detached House,14,Toronto-Danforth
6630711,STR-2401-FGFKVP,386 Rosewell Ave,A,M4R,Single/Semi-detached House,8,Eglinton-Lawrence
6630712,STR-2401-FPLKVQ,87 Robinson St,,M6J,Single/Semi-detached House,10,Spadina-Fort York
6630713,STR-2401-FWSKVR,40 Scollard St,902,M5R,Apartment,11,University-Rosedale
6630714,STR-2401-HCSKVW,14 York St,2305,M5J,Condominium,10,Spadina-Fort York
6630715,STR-2401-HTVXVY,14 York St,1901,M5J,Condominium,10,Spadina-Fort York
6630716,STR-2401-GGFKVS,501 Yonge St,4613,M4Y,Condominium,13,Toronto Centre
6630717,STR-2401-GPLKVT,270 Wellington St W,818,M5V,Condominium,10,Spadina-Fort York
6630718,STR-2401-GWSKVV,44 Hooyo Ter,,M6A,Townhouse/ Row House,8,Eglinton-Lawrence
6630719,STR-2401-FRHXVQ,14 York St,2008,M5J,Condominium,10,Spadina-Fort York
6630720,STR-2401-HMVXVX,15 Endean Ave,,M4M,Single/Semi-detached House,14,Toronto-Danforth
6630721,STR-2401-HWBXVY,325 Westmoreland Ave N,2,M6H,Duplex/Triplex/Fourplex,9,Davenport
6630722,STR-2401-FJSKVP,19 Crosland Dr,,M1R,Single/Semi-detached House,21,Scarborough Centre
6630723,STR-2401-FRYKVQ,14 Crofton Rd,,M4G,Single/Semi-detached House,15,Don Valley West
6630724,STR-2401-FSPXVQ,171 Symons St,,M8V,Single/Semi-detached House,3,Etobicoke-Lakeshore
6630725,STR-2401-JFPXVZ,136 Gilmour Ave,,M6P,Single/Semi-detached House,4,Parkdale-High Park
6630726,STR-2401-FKYKVP,56 Brookmount Rd,,M4L,Single/Semi-detached House,19,Beaches-East York
6630727,STR-2401-FTFKVQ,284 Gladstone Ave,,M6J,Duplex/Triplex/Fourplex,9,Davenport
6630728,STR-2401-GJSKVS,213 Parliament St,B,M5A,Single/Semi-detached House,13,Toronto Centre
6630729,STR-2401-HHLKVW,39 Niagara St,534,M5V,Apartment,10,Spadina-Fort York
6630730,STR-2401-JGFKVZ,2405 Queen St E,101,M4E,Apartment,19,Beaches-East York
6630731,STR-2401-GCBXVR,46 Archwood Cres,,M1R,Single/Semi-detached House,21,Scarborough Centre
6630732,STR-2401-GZVXVV,955 Bay St,2306,M5S,Condominium,13,Toronto Centre
6630733,STR-2401-HRHXVX,98 Seaton St,,M5A,Single/Semi-detached House,13,Toronto Centre
6630734,STR-2401-HJTRVX,14 York St,2106,M5J,Apartment,10,Spadina-Fort York
6630735,STR-2401-HRZRVY,207 Glenwood Cres,,M4B,Single/Semi-detached House,19,Beaches-East York
6630736,STR-2401-GLRDVT,31 Skelmore Cres,,M3A,Single/Semi-detached House,16,Don Valley East
6630737,STR-2401-HSRDVY,65 Bremner Blvd,4007,M5J,Condominium,10,Spadina-Fort York
6630738,STR-2401-GDZRVS,19 Kensington Ave,1,M5T,Single/Semi-detached House,11,University-Rosedale
6630739,STR-2402-GFRDVS,114 Helena Ave,SECOND,M6G,Single/Semi-detached House,12,Toronto-St. Paul's
6630740,STR-2402-GWDDVV,34 Western Battery Rd,422,M6K,Townhouse/ Row House,10,Spadina-Fort York
6630741,STR-2402-GPMRVT,81 Armadale Ave,,M6S,Single/Semi-detached House,4,Parkdale-High Park
6630742,STR-2402-FRKDVQ,29 Dunraven Dr,1,M6M,Duplex/Triplex/Fourplex,5,York South-Weston
6630743,STR-2402-GGXDVS,300 Front St W,3907,M5V,Condominium,10,Spadina-Fort York
6630744,STR-2406-HDSVPW,19 Bank St,,M6K,Single/Semi-detached House,9,Davenport
6630745,STR-2402-HFRDVW,955 Bay St,426,M5S,Condominium,13,Toronto Centre
6630746,STR-2402-GHMRVS,36 Ashbury Ave,1,M6E,Duplex/Triplex/Fourplex,12,Toronto-St. Paul's
6630747,STR-2402-HWTRVY,300 Front St W,814,M5V,Condominium,10,Spadina-Fort York
6630748,STR-2402-HHMRVW,6 Clayland Dr,,M3A,Single/Semi-detached House,16,Don Valley East
6630749,STR-2402-JGXDVZ,49 Arjay Cres,,M2L,Single/Semi-detached House,15,Don Valley West
6630750,STR-2402-GCVXVS,300 Front St W,610,M5V,Condominium,10,Spadina-Fort York
6630751,STR-2402-HSBXVY,175 Greyabbey Trl,,M1E,Single/Semi-detached House,25,Scarborough-Rouge Park
6630752,STR-2402-FMYKVQ,21 Iceboat Ter,626,M5V,Condominium,10,Spadina-Fort York
6630753,STR-2402-HCFKVW,14 York St,1412,M5J,Apartment,10,Spadina-Fort York
6630754,STR-2402-FWVXVR,101 Peter St,1501,M5V,Condominium,10,Spadina-Fort York
6630755,STR-2402-HTHXVY,194 Clinton St,,M6G,Single/Semi-detached House,11,University-Rosedale
6630756,STR-2402-FXLKVR,662 Davenport Rd,,M5R,Single/Semi-detached House,12,Toronto-St. Paul's
6630757,STR-2402-JCFKVZ,185 Thirtieth St,,M8W,Single/Semi-detached House,3,Etobicoke-Lakeshore
6630758,STR-2402-FHPXVP,18 Yonge St,2310,M5E,Condominium,10,Spadina-Fort York
6630759,STR-2411-GPCSBT,67 Grierson Rd,B,M9W,Duplex/Triplex/Fourplex,1,Etobicoke North
6630760,STR-2402-FJFKVP,10 Plymouth Ave,4,M6J,Townhouse/ Row House,11,University-Rosedale
6630761,STR-2402-FRLKVQ,955 Bay St,904,M5S,Condominium,13,Toronto Centre
6630762,STR-2402-GGYKVS,12 Harley Ave,,M5M,Single/Semi-detached House,8,Eglinton-Lawrence
6630763,STR-2402-FJVXVP,50 Stephanie St,1706,M5T,Apartment,10,Spadina-Fort York
6630764,STR-2402-GHPXVS,22 Nanton Ave,,M4W,Single/Semi-detached House,11,University-Rosedale
6630765,STR-2402-HPPXVX,120 Harrison Garden Blvd,912,M2N,Condominium,18,Willowdale
6630766,STR-2402-JFSKVZ,840 Queen's Plate Dr,1403,M9W,Condominium,1,Etobicoke North
6630767,STR-2402-GSBXVT,251 Jarvis St,308,M5B,Condominium,13,Toronto Centre
6630768,STR-2402-GKLKVS,14 York St,6001,M5J,Condominium,10,Spadina-Fort York
6630769,STR-2402-FMKDVQ,85 Bloor St E,708,M4W,Condominium,11,University-Rosedale
6630770,STR-2402-HSDDVY,219 Fort York Blvd,1606,M5V,Condominium,10,Spadina-Fort York
6630771,STR-2402-HZKDVZ,46 Western Battery Rd,820,M6K,Townhouse/ Row House,10,Spadina-Fort York
6630772,STR-2402-FMZRVQ,27 Gamble Ave,611,M4K,Apartment,14,Toronto-Danforth
6630773,STR-2402-GTZRVV,59 Hocken Ave,,M6G,Single/Semi-detached House,12,Toronto-St. Paul's
6630774,STR-2402-HCGRVW,12 York St,5506,M5J,Condominium,10,Spadina-Fort York
6630775,STR-2402-GFDDVS,209 Fort York Blvd,1272,M5V,Condominium,10,Spadina-Fort York
6630776,STR-2402-GVRDVV,14 York St,3806,M5J,Condominium,10,Spadina-Fort York
6630777,STR-2402-HLDDVX,300 Front St W,4204,M5V,Condominium,10,Spadina-Fort York
6630778,STR-2402-FGZRVP,832 Bay St,1505,M5S,Condominium,11,University-Rosedale
6630779,STR-2402-FQGRVQ,199 Richmond St W,313,M5V,Condominium,10,Spadina-Fort York
6630780,STR-2402-GMZRVT,1470 Midland Ave,713,M1P,Condominium,21,Scarborough Centre
6630781,STR-2402-FYDDVR,118 Tyndall Ave,809,M6K,Apartment,4,Parkdale-High Park
6630782,STR-2402-GPRDVT,897 Dundas St W,AP 2,M6J,Apartment,10,Spadina-Fort York
6630783,STR-2402-GWXDVV,75 Boon Ave,,M6E,Single/Semi-detached House,9,Davenport
6630784,STR-2402-HMKDVX,134 King Edward Ave,,M4C,Single/Semi-detached House,19,Beaches-East York
6630785,STR-2402-JCXDVZ,26 Glaive Dr,,M1P,Single/Semi-detached House,21,Scarborough Centre
6630786,STR-2402-FJGRVP,6 Brockton Ave,,M6K,Single/Semi-detached House,9,Davenport
6630787,STR-2402-GGZRVS,101 Peter St,3210,M5V,Condominium,10,Spadina-Fort York
6630788,STR-2402-GQGRVT,764 Pape Ave,,M4K,Single/Semi-detached House,14,Toronto-Danforth
6630789,STR-2402-GYDDVV,513 Milverton Blvd,,M4C,Single/Semi-detached House,19,Beaches-East York
6630790,STR-2402-JFDDVZ,21 Iceboat Ter,4111,M5V,Condominium,10,Spadina-Fort York
6630791,STR-2402-FKMRVP,6A Leaside Park Dr,,M4H,Townhouse/ Row House,15,Don Valley West
6630792,STR-2402-FZZRVR,60 Bathurst St,814,M5V,Condominium,10,Spadina-Fort York
6630793,STR-2402-HXMRVY,10 Capreol Crt,1022,M5V,Condominium,10,Spadina-Fort York
6630794,STR-2402-FTKDVQ,8 Kingscross Sq,Main,M8Z,Single/Semi-detached House,3,Etobicoke-Lakeshore
6630795,STR-2402-GSDDVT,300 Front St W,3905,M5V,Condominium,10,Spadina-Fort York
6630796,STR-2402-GKMRVS,199 Richmond St W,219,M5V,Condominium,10,Spadina-Fort York
6630797,STR-2402-HRMRVX,57 Brock Ave,604,M6K,Condominium,4,Parkdale-High Park
6630798,STR-2402-JGZRVZ,41 Delaney Cres,,M6K,Single/Semi-detached House,9,Davenport
6630799,STR-2402-GCJBHS,303 Pape Ave,,M4M,Townhouse/ Row House,14,Toronto-Danforth
6630800,STR-2402-HYWBHZ,64 The Westway,,M9P,Single/Semi-detached House,2,Etobicoke Centre
6630801,STR-2402-FMLPHQ,208 Queens Quay W,2210,M5J,Condominium,10,Spadina-Fort York
6630802,STR-2402-HCJBHW,263 Wellington St W,1005,M5V,Condominium,10,Spadina-Fort York
6630803,STR-2402-JBCBHZ,114 Palmerston Ave,,M6J,Single/Semi-detached House,10,Spadina-Fort York
6630804,STR-2402-FWYPHR,30 Barrington Ave,,M4C,Single/Semi-detached House,19,Beaches-East York
6630805,STR-2402-HLFPHX,18 Treford Pl,,M6J,Townhouse/ Row House,11,University-Rosedale
6630806,STR-2402-GWJBHV,65 Bremner Blvd,2506,M5J,Condominium,10,Spadina-Fort York
6630807,STR-2402-HVCBHY,413 Ossington Ave,,M6J,Single/Semi-detached House,11,University-Rosedale
6630808,STR-2402-GGLPHS,44 Ollerton Rd,,M3J,Single/Semi-detached House,7,Humber River-Black Creek
6630809,STR-2402-GXQBHV,390 Berkeley St,,M5A,Single/Semi-detached House,13,Toronto Centre
6630810,STR-2402-HFWBHW,14 York St,607,M5J,Condominium,10,Spadina-Fort York
6630811,STR-2402-JDQBHZ,62 The Queensway,,M6S,Single/Semi-detached House,4,Parkdale-High Park
6630812,STR-2402-FJYPHP,5 Leonard Ave,B,M5T,Duplex/Triplex/Fourplex,11,University-Rosedale
6630813,STR-2402-FSFPHQ,121 Kingston Rd,,M4L,Single/Semi-detached House,19,Beaches-East York
6630814,STR-2402-GHSPHS,965 Dufferin St,,M6H,Single/Semi-detached House,9,Davenport
6630815,STR-2402-HGLPHW,300 Front St W,1708,M5V,Condominium,10,Spadina-Fort York
6630816,STR-2402-GJJBHS,20 High Park Gdns,,M6R,Single/Semi-detached House,4,Parkdale-High Park
6630817,STR-2402-HQYPHX,678 Mortimer Ave,,M4C,Single/Semi-detached House,19,Beaches-East York
6630818,STR-2402-FDRHHP,50 Merchant Lane,103,M6P,Condominium,9,Davenport
6630819,STR-2402-GCKHHS,127 Frederick Tisdale Dr,,M3K,Townhouse/ Row House,6,York Centre
6630820,STR-2402-GSXHHV,17 Whitaker Ave,,M6J,Townhouse/ Row House,10,Spadina-Fort York
6630821,STR-2402-HJKHHX,61 Tom Wells Cres,,M1V,Single/Semi-detached House,22,Scarborough-Agincourt
6630822,STR-2402-GTMVHV,75 Pettibone Sq,,M1W,Single/Semi-detached House,22,Scarborough-Agincourt
6630823,STR-2402-JBTVHZ,55 Bremner Blvd,2606,M5J,Condominium,10,Spadina-Fort York
6630824,STR-2402-HKRHHX,31 1/2 Granby St,B,M5B,Townhouse/ Row House,13,Toronto Centre
6630825,STR-2402-FWZVHR,300 Front St W,4111,M5V,Condominium,10,Spadina-Fort York
6630826,STR-2402-GMMVHT,300 Front St W,1101,M5V,Condominium,10,Spadina-Fort York
6630827,STR-2402-FQKHHQ,65 Bremner Blvd,1807,M5J,Condominium,10,Spadina-Fort York
6630828,STR-2402-FXRHHR,466 Pape Ave,Upper,M4K,Duplex/Triplex/Fourplex,14,Toronto-Danforth
6630829,STR-2402-FJKHHP,389 Broadway Ave,,M4P,Single/Semi-detached House,15,Don Valley West
6630830,STR-2402-FYXHHR,57 Berkeley St,,M5A,Townhouse/ Row House,13,Toronto Centre
6630831,STR-2402-GHDHHS,155 Yorkville Ave,319,M5R,Condominium,11,University-Rosedale
6630832,STR-2402-GQKHHT,16 Landour Ave,,M6M,Single/Semi-detached House,5,York South-Weston
6630833,STR-2402-HFXHHW,132 Major St,,M5S,Single/Semi-detached House,11,University-Rosedale
6630834,STR-2402-HWKHHY,12 Danesbury Ave,,M6B,Single/Semi-detached House,8,Eglinton-Lawrence
6630835,STR-2402-FZMVHR,53 Aldridge Ave,,M4C,Single/Semi-detached House,19,Beaches-East York
6630836,STR-2402-GYGVHV,51 Howland Ave,A,M5R,Single/Semi-detached House,11,University-Rosedale
6630837,STR-2402-HPTVHX,155 Yorkville Ave,502,M5R,Condominium,11,University-Rosedale
6630838,STR-2402-JFGVHZ,222 Elm St,1203,M5T,Apartment,11,University-Rosedale
6630839,STR-2403-FSXHHQ,95 Woodbine Ave,,M4L,Single/Semi-detached House,19,Beaches-East York
6630840,STR-2403-GJKHHS,14 Disan Crt,,M9V,Single/Semi-detached House,1,Etobicoke North
6630841,STR-2403-GSGVHT,151 Dan Leckie Way,812,M5V,Condominium,10,Spadina-Fort York
6630842,STR-2403-GZMVHV,38 Royal St,,M6N,Single/Semi-detached House,5,York South-Weston
6630843,STR-2403-GCLPHS,352 Front St W,2214,M5V,Condominium,10,Spadina-Fort York
6630844,STR-2403-HRSPHY,200 Highfield Rd,,M4L,Single/Semi-detached House,14,Toronto-Danforth
6630845,STR-2403-HYYPHZ,6 Loney Ave,,M3L,Single/Semi-detached House,7,Humber River-Black Creek
6630846,STR-2403-FMQBHQ,22 Stonebridge Blvd,,M1W,Single/Semi-detached House,22,Scarborough-Agincourt
6630847,STR-2403-GTQBHV,12 York St,702,M5J,Condominium,10,Spadina-Fort York
6630848,STR-2403-FWLPHR,236 Greenwood Ave,Second Floor,M4L,Duplex/Triplex/Fourplex,14,Toronto-Danforth
6630849,STR-2403-GVFPHV,146 Mulock Ave,Laneway Suite,M6N,Single/Semi-detached House,5,York South-Weston
6630850,STR-2403-HKSPHX,8 Charlotte St,402,M5V,Condominium,10,Spadina-Fort York
6630851,STR-2403-JBWBHZ,1285 Queen St E,609,M4L,Condominium,14,Toronto-Danforth
6630852,STR-2403-FHFPHP,1029 King St W,1021,M6K,Condominium,10,Spadina-Fort York
6630853,STR-2403-GFYPHS,348 Brunswick Ave,2,M5R,Duplex/Triplex/Fourplex,11,University-Rosedale
6630854,STR-2403-HDSPHW,31 Ranleigh Ave,3,M4N,Apartment,15,Don Valley West
6630855,STR-2403-FHWBHP,231 Fort York Blvd,719,M5V,Condominium,10,Spadina-Fort York
6630856,STR-2403-FRCBHQ,21 Iceboat Ter,1605,M5V,Condominium,10,Spadina-Fort York
6630857,STR-2403-HVWBHY,21 Sorauren Ave,101,M6R,Single/Semi-detached House,4,Parkdale-High Park
6630858,STR-2403-GXSPHV,38 Grenville St,4008,M4Y,Condominium,13,Toronto Centre
6630859,STR-2403-FKCBHP,2 Hathway Dr,Main,M1P,Single/Semi-detached House,21,Scarborough Centre
6630860,STR-2403-HPWBHX,16A Resolution Cres,A,M2H,Single/Semi-detached House,17,Don Valley North
6630861,STR-2403-GBFPHR,80 Western Battery Rd,223,M6K,Condominium,10,Spadina-Fort York
6630862,STR-2403-GJLPHS,10 Navy Wharf Crt,2810,M5V,Condominium,10,Spadina-Fort York
6630863,STR-2403-GRSPHT,33 Dundonald St,31B,M4Y,Single/Semi-detached House,13,Toronto Centre
6630864,STR-2403-HRCBHX,45 Enderby Rd,,M4E,Single/Semi-detached House,19,Beaches-East York
6630865,STR-2403-GCMVHS,30 Western Battery Rd,325,M6K,Townhouse/ Row House,10,Spadina-Fort York
6630866,STR-2403-GKTVHT,2 Kames Ave,B,M9N,Single/Semi-detached House,5,York South-Weston
6630867,STR-2403-HBGVHW,822 Sheppard Ave W,1,M3H,Apartment,6,York Centre
6630868,STR-2403-HRTVHY,151 Dan Leckie Way,805,M5V,Condominium,10,Spadina-Fort York
6630869,STR-2403-HKDHHX,1 Ernest Ave,,M6P,Single/Semi-detached House,9,Davenport
6630870,STR-2403-FWMVHR,21 Iceboat Ter,PH06,M5V,Condominium,10,Spadina-Fort York
6630871,STR-2403-HKTVHX,324 Lee Ave,,M4E,Single/Semi-detached House,19,Beaches-East York
6630872,STR-2403-GVXHHV,264 Markham St,Main,M6J,Single/Semi-detached House,11,University-Rosedale
6630873,STR-2403-HDDHHW,17 Gowan Ave,,M4K,Single/Semi-detached House,14,Toronto-Danforth
6630874,STR-2403-FHGVHP,30 Nelson St,3405,M5V,Condominium,10,Spadina-Fort York
6630875,STR-2403-GFZVHS,2369 Danforth Ave,213,M4C,Condominium,19,Beaches-East York
6630876,STR-2403-HVGVHY,17 Boston Ave,,M4M,Single/Semi-detached House,14,Toronto-Danforth
6630877,STR-2403-FRDHHQ,55 Bremner Blvd,2403,M5J,Condominium,10,Spadina-Fort York
6630878,STR-2403-HMRHHX,251 Jarvis St,3906,M5B,Condominium,13,Toronto Centre
6630879,STR-2403-HGRHHW,1269 King St W,2,M6K,Duplex/Triplex/Fourplex,4,Parkdale-High Park
6630880,STR-2403-HPXHHX,108 Fort York Blvd,,M5V,Townhouse/ Row House,10,Spadina-Fort York
6630881,STR-2403-HQMVHX,9 Selby St,Basement,M4Y,Townhouse/ Row House,13,Toronto Centre
6630882,STR-2403-JDWBHZ,418 Delaware Ave,,M6H,Townhouse/ Row House,9,Davenport
6630883,STR-2403-GKDHHS,17 Lyndhurst Crt,,M5R,Single/Semi-detached House,12,Toronto-St. Paul's
6630884,STR-2403-HYKHHY,150 Spears St,,M6N,Single/Semi-detached House,5,York South-Weston
6630885,STR-2403-GKWBHT,33 Dundonald St,35A,M4Y,Single/Semi-detached House,13,Toronto Centre
6630886,STR-2403-HRWBHY,31 Granby St,B,M5B,Townhouse/ Row House,13,Toronto Centre
6630887,STR-2403-FGCBHP,10 Meath Rd,,M9W,Single/Semi-detached House,1,Etobicoke North
6630888,STR-2403-GVJBHV,338 Berkeley St,Laneway,M5A,Single/Semi-detached House,13,Toronto Centre
6630889,STR-2403-HKWBHX,2225 Queen St E,1,M4E,Apartment,19,Beaches-East York
6630890,STR-2403-JBJBHZ,210 Victoria St,4012,M5B,Condominium,13,Toronto Centre
6630891,STR-2403-FHJBHP,300 Front St W,3310,M5V,Condominium,10,Spadina-Fort York
6630892,STR-2403-GWQBHV,55 Bremner Blvd,2504,M5J,Condominium,10,Spadina-Fort York
6630893,STR-2403-JCQBHZ,26 Exford Dr,Lower Unit,M1P,Single/Semi-detached House,21,Scarborough Centre
6630894,STR-2403-GPYPHT,18 Yonge St,903,M5E,Condominium,10,Spadina-Fort York
6630895,STR-2403-HFLPHW,402 King St E,A,M5A,Townhouse/ Row House,13,Toronto Centre
6630896,STR-2403-HVYPHY,46 Wildwood Cres,,M4L,Single/Semi-detached House,19,Beaches-East York
6630897,STR-2403-JDFPHZ,955 Bay St,2602,M5S,Condominium,13,Toronto Centre
6630898,STR-2403-FZCBHR,25 Lower Simcoe St,508,M5J,Condominium,10,Spadina-Fort York
6630899,STR-2403-GXWBHV,158 Wineva Ave,,M4E,Single/Semi-detached House,19,Beaches-East York
6630900,STR-2403-FZSPHR,178 Hanna Rd,,M4G,Single/Semi-detached House,15,Don Valley West
6630901,STR-2403-GRFPHT,155 Yorkville Ave,2808,M5R,Condominium,11,University-Rosedale
6630902,STR-2403-GYLPHV,18 Yonge St,912,M5E,Condominium,10,Spadina-Fort York
6630903,STR-2403-HGSPHW,21 Iceboat Ter,222,M5V,Condominium,10,Spadina-Fort York
6630904,STR-2403-FKWBHP,188 Cumberland St,1110,M5R,Condominium,11,University-Rosedale
6630905,STR-2403-GJQBHS,921 Lansdowne Ave,,M6H,Single/Semi-detached House,9,Davenport
6630906,STR-2403-HHJBHW,832 Bay St,1005,M5S,Condominium,11,University-Rosedale
6630907,STR-2403-HHYPHW,151 Dan Leckie Way,819,M5V,Condominium,10,Spadina-Fort York
6630908,STR-2403-HBKHHW,286 Evelyn Ave,,M6P,Single/Semi-detached House,4,Parkdale-High Park
6630909,STR-2403-FFMVHP,83 Elmer Ave,2,M4L,Single/Semi-detached House,19,Beaches-East York
6630910,STR-2403-GLMVHT,155 Yorkville Ave,3104,M5R,Condominium,11,University-Rosedale
6630911,STR-2403-HZTVHZ,700 Bathurst St,1,M5S,Duplex/Triplex/Fourplex,11,University-Rosedale
6630912,STR-2403-FGDHHP,300 Front St W,2314,M5V,Condominium,10,Spadina-Fort York
6630913,STR-2403-FWRHHR,215 Fort York Blvd,2205,M5V,Condominium,10,Spadina-Fort York
6630914,STR-2403-GMDHHT,85 Bloor St E,1601,M4W,Condominium,11,University-Rosedale
6630915,STR-2403-HCRHHW,163 Dan Leckie Way,,M5V,Townhouse/ Row House,10,Spadina-Fort York
6630916,STR-2403-HKXHHX,23 Miranda Ave,,M6E,Duplex/Triplex/Fourplex,8,Eglinton-Lawrence
6630917,STR-2403-GVZVHV,24 Avis Cres,,M4B,Single/Semi-detached House,19,Beaches-East York
6630918,STR-2403-FHKHHP,15 Wedgewood Dr,,M2M,Single/Semi-detached House,18,Willowdale
6630919,STR-2403-FQRHHQ,32 Widdicombe Hill,,M9R,Single/Semi-detached House,2,Etobicoke Centre
6630920,STR-2403-HDXHHW,10 Craigton Dr,29,M1L,Apartment,21,Scarborough Centre
6630921,STR-2403-FRXHHQ,726 Lansdowne Ave,Main,M6H,Duplex/Triplex/Fourplex,9,Davenport
6630922,STR-2403-FZDHHR,78 Baby Point Rd,,M6S,Single/Semi-detached House,4,Parkdale-High Park
6630923,STR-2403-GQRHHT,251 Bartlett Ave,,M6H,Single/Semi-detached House,9,Davenport
6630924,STR-2403-GXXHHV,192 Browning Ave,BSMT,M4K,Duplex/Triplex/Fourplex,14,Toronto-Danforth
6630925,STR-2404-HQWBHX,2 Laurel Gt,,M9B,Single/Semi-detached House,2,Etobicoke Centre
6630926,STR-2403-GHZVHS,14 Clarence Sq,1,M5V,Duplex/Triplex/Fourplex,10,Spadina-Fort York
6630927,STR-2403-GRXHHT,155 Yorkville Ave,2816,M5R,Condominium,11,University-Rosedale
6630928,STR-2403-HXXHHY,251 Jarvis St,3803,M5B,Condominium,13,Toronto Centre
6630929,STR-2403-JGDHHZ,1535 Islington Ave,,M9A,Single/Semi-detached House,2,Etobicoke Centre
6630930,STR-2403-FTTVHQ,81 Blackwell Ave,3,M1B,Townhouse/ Row House,23,Scarborough North
6630931,STR-2403-GBZVHR,12 York St,711,M5J,Apartment,10,Spadina-Fort York
6630932,STR-2403-GCSPHS,223 Beech Ave,,M4E,Single/Semi-detached House,19,Beaches-East York
6630933,STR-2403-GKYPHT,369 Shuter St,,M5A,Townhouse/ Row House,13,Toronto Centre
6630934,STR-2403-HJSPHX,294 Salem Ave,,M6H,Single/Semi-detached House,9,Davenport
6630935,STR-2403-HRYPHY,101 Peter St,717,M5V,Condominium,10,Spadina-Fort York
6630936,STR-2403-GTWBHV,155 Yorkville Ave,2620,M5R,Condominium,11,University-Rosedale
6630937,STR-2403-HZWBHZ,30 Jopling Ave N,,M9B,Single/Semi-detached House,2,Etobicoke Centre
6630938,STR-2403-FGFPHP,144 Glebemount Ave,,M4C,Single/Semi-detached House,19,Beaches-East York
6630939,STR-2403-FPLPHQ,15 Albemarle Ave,,M4K,Single/Semi-detached House,14,Toronto-Danforth
6630940,STR-2403-GVLPHV,61 Dane Ave,BSMT,M6A,Single/Semi-detached House,8,Eglinton-Lawrence
6630941,STR-2403-HTFPHY,148 Catalina Dr,,M1E,Single/Semi-detached House,24,Scarborough-Guildwood
6630942,STR-2403-JBLPHZ,972 Bathurst St,4,M5R,Apartment,11,University-Rosedale
6630943,STR-2403-GMWBHT,155 Yorkville Ave,509,M5R,Condominium,11,University-Rosedale
6630944,STR-2403-GGWBHS,21 Iceboat Ter,3111,M5V,Condominium,10,Spadina-Fort York
6630945,STR-2403-GQCBHT,151 Dan Leckie Way,506,M5V,Condominium,10,Spadina-Fort York
6630946,STR-2403-HFQBHW,151 Dan Leckie Way,656,M5V,Condominium,10,Spadina-Fort York
6630947,STR-2403-FJSPHP,9D Woodfield Rd,,M4L,Townhouse/ Row House,14,Toronto-Danforth
6630948,STR-2403-FZFPHR,46 Russell St,,M5S,Single/Semi-detached House,11,University-Rosedale
6630949,STR-2403-HWSPHY,300 Front St W,2814,M5V,Condominium,10,Spadina-Fort York
6630950,STR-2403-JDYPHZ,16 Rolyat St,,M6J,Single/Semi-detached House,10,Spadina-Fort York
6630951,STR-2403-FSQBHQ,336 Davenport Rd,102,M5R,Condominium,11,University-Rosedale
6630952,STR-2404-GQYRVT,14 York St,5907,M5J,Condominium,10,Spadina-Fort York
6630953,STR-2403-HGWBHW,172 Pacific Ave,,M6P,Single/Semi-detached House,4,Parkdale-High Park
6630954,STR-2403-HQCBHX,155 Yorkville Ave,1620,M5R,Condominium,11,University-Rosedale
6630955,STR-2403-JFQBHZ,210 Victoria St,3904,M5B,Apartment,13,Toronto Centre
6630956,STR-2403-FTFPHQ,314 Cosburn Ave,,M4J,Single/Semi-detached House,14,Toronto-Danforth
6630957,STR-2403-HQSPHX,9 Corner Lane,,M1K,Townhouse/ Row House,21,Scarborough Centre
6630958,STR-2403-JGFPHZ,14 York St,5806,M5J,Condominium,10,Spadina-Fort York
6630959,STR-2403-FTWBHQ,36 Via Bagnato,738,M6A,Condominium,8,Eglinton-Lawrence
6630960,STR-2404-HJCBHW,334 Delaware Ave,,M6H,Single/Semi-detached House,9,Davenport
6630961,STR-2404-HYQBHY,209 Fort York Blvd,1063,M5V,Condominium,10,Spadina-Fort York
6630962,STR-2404-JGWBHZ,14 York St,4806,M5J,Condominium,10,Spadina-Fort York
6630963,STR-2404-FDZVHP,126 Euclid Ave,,M6J,Townhouse/ Row House,10,Spadina-Fort York
6630964,STR-2404-HBMVHW,256 Parliament St,,M5A,Single/Semi-detached House,13,Toronto Centre
6630965,STR-2404-HRZVHY,155 Yorkville Ave,1614,M5R,Condominium,11,University-Rosedale
6630966,STR-2404-FWDHHR,27 Gore Vale Ave,,M6J,Single/Semi-detached House,10,Spadina-Fort York
6630967,STR-2404-GLRHHT,115A Harrison St,,M6J,Townhouse/ Row House,9,Davenport
6630968,STR-2404-HCDHHW,8 Wellesley St E,603,M4Y,Condominium,13,Toronto Centre
6630969,STR-2404-HSRHHY,1139 College St,304,M6H,Apartment,9,Davenport
6630970,STR-2404-FPMVHQ,165 Symington Ave,,M6P,Single/Semi-detached House,9,Davenport
6630971,STR-2404-GMGVHT,293 Harbord St,Main Floor,M6G,Duplex/Triplex/Fourplex,11,University-Rosedale
6630972,STR-2404-FGXHHP,244 Gerrard St E,103,M5A,Townhouse/ Row House,13,Toronto Centre
6630973,STR-2404-FHMVHP,12 York St,4708,M5J,Condominium,10,Spadina-Fort York
6630974,STR-2404-FXZVHR,41 Stanhope Ave,,M4K,Single/Semi-detached House,14,Toronto-Danforth
6630975,STR-2404-GPMVHT,17 Pembroke St,38,M5A,Apartment,13,Toronto Centre
6630976,STR-2404-JCTVHZ,2 Sheridan Ave,,M6K,Single/Semi-detached House,9,Davenport
6630977,STR-2404-GGXHHS,300 Front St W,4313,M5V,Apartment,10,Spadina-Fort York
6630978,STR-2404-HWDHHY,300 Front St W,3107,M5V,Condominium,10,Spadina-Fort York
6630979,STR-2404-FRZVHQ,14 York St,1708,M5J,Condominium,10,Spadina-Fort York
6630980,STR-2404-JDZVHZ,55 Homestead Rd,,M1E,Single/Semi-detached House,25,Scarborough-Rouge Park
6630981,STR-2404-GJDHHS,101 Peter St,3003,M5V,Condominium,10,Spadina-Fort York
6630982,STR-2404-HGXHHW,69 Lynn Williams St,1211,M6K,Condominium,10,Spadina-Fort York
6630983,STR-2404-GRZVHT,8 Charlotte St,2707,M5V,Condominium,10,Spadina-Fort York
6630984,STR-2404-HQTVHX,429 Shuter St,,M5A,Townhouse/ Row House,13,Toronto Centre
6630985,STR-2404-HXZVHY,158 Galley Ave,,M6R,Single/Semi-detached House,4,Parkdale-High Park
6630986,STR-2404-FTXHHQ,185 Legion Rd N,2306,M8Y,Condominium,3,Etobicoke-Lakeshore
6630987,STR-2404-GSRHHT,20 John St,319,M5V,Condominium,10,Spadina-Fort York
6630988,STR-2404-HJDHHW,14 York St,406,M5J,Condominium,10,Spadina-Fort York
6630989,STR-2404-GLCBHT,101 Peter St,2112,M5V,Condominium,10,Spadina-Fort York
6630990,STR-2404-HSCBHY,55 Bremner Blvd,4909,M5J,Condominium,10,Spadina-Fort York
6630991,STR-2404-HSDHHY,62 Hillside Dr,,M4K,Single/Semi-detached House,14,Toronto-Danforth
6630992,STR-2404-FMYPHQ,10 Mimico Ave,,M8V,Single/Semi-detached House,3,Etobicoke-Lakeshore
6630993,STR-2404-FWFPHR,352 Front St W,1022,M5V,Condominium,10,Spadina-Fort York
6630994,STR-2404-JFDHHZ,817 Gerrard St E,Up 2,M4M,Apartment,14,Toronto-Danforth
6630995,STR-2404-FQFPHQ,25 Havelock St,Main,M6H,Single/Semi-detached House,9,Davenport
6630996,STR-2404-FXLPHR,155 Yorkville Ave,2203,M5R,Condominium,11,University-Rosedale
6630997,STR-2404-GFSPHS,12 York St,4508,M5J,Condominium,10,Spadina-Fort York
6630998,STR-2404-GPQBHT,21 Iceboat Ter,4508,M5V,Condominium,10,Spadina-Fort York
6630999,STR-2404-JCWBHZ,251 Jarvis St,4102,M5B,Condominium,13,Toronto Centre
6631000,STR-2404-FJFPHP,22 Mintwood Dr,,M2M,Single/Semi-detached House,17,Don Valley North
6631001,STR-2404-HHSRVW,445 Concord Ave,Ground,M6H,Single/Semi-detached House,9,Davenport
6631002,STR-2404-GQFPHT,181 Huron St,402,M5T,Condominium,11,University-Rosedale
6631003,STR-2404-HFSPHW,211 Andona Cres,,M1C,Single/Semi-detached House,25,Scarborough-Rouge Park
6631004,STR-2404-FJWBHP,219 Fort York Blvd,721,M5V,Condominium,10,Spadina-Fort York
6631005,STR-2404-HGJBHW,915 King St W,108,M6K,Condominium,10,Spadina-Fort York
6631006,STR-2404-HWWBHY,412 Delaware Ave,2,M6H,Duplex/Triplex/Fourplex,9,Davenport
6631007,STR-2404-FSSPHQ,10 Navy Wharf Crt,309,M5V,Condominium,10,Spadina-Fort York
6631008,STR-2404-FZYPHR,30 Roden Place,,M5R,Single/Semi-detached House,11,University-Rosedale
6631009,STR-2404-GYSPHV,560 Front St W,224,M5V,Condominium,10,Spadina-Fort York
6631010,STR-2404-HGYPHW,219 Fort York Blvd,505,M5V,Condominium,10,Spadina-Fort York
6631011,STR-2404-GJWBHS,300 Front St W,504,M5V,Condominium,10,Spadina-Fort York
6631012,STR-2404-GSCBHT,41 Churchill Ave,,M6J,Single/Semi-detached House,9,Davenport
6631013,STR-2404-HHQBHW,52 Malta St,,M1N,Single/Semi-detached House,20,Scarborough Southwest
6631014,STR-2404-GCFPHR,22 Bright St,,M5A,Townhouse/ Row House,13,Toronto Centre
6631015,STR-2404-GZYPHV,453 Soudan Ave,BSMT,M4S,Single/Semi-detached House,15,Don Valley West
6631016,STR-2404-HRLPHX,101 Peter St,3002,M5V,Condominium,10,Spadina-Fort York
6631017,STR-2404-FMKHHQ,10 Redwood Ave,A,M4L,Duplex/Triplex/Fourplex,14,Toronto-Danforth
6631018,STR-2404-GCXHHS,210 Victoria St,3512,M5B,Condominium,13,Toronto Centre
6631019,STR-2404-FWGVHR,14 York St,3009,M5J,Condominium,10,Spadina-Fort York
6631020,STR-2404-GLTVHT,31 Galley Ave,B,M6R,Single/Semi-detached House,4,Parkdale-High Park
6631021,STR-2404-GTZVHV,10 Willison Sq,205,M5T,Condominium,10,Spadina-Fort York
6631022,STR-2404-HCGVHW,21 Iceboat Ter,1911,M5V,Condominium,10,Spadina-Fort York
6631023,STR-2404-HKMVHX,444 Markham St,1,M6G,Single/Semi-detached House,11,University-Rosedale
6631024,STR-2404-HZZVHZ,1239 Dundas St W,307,M6J,Condominium,10,Spadina-Fort York
6631025,STR-2404-FPRHHQ,10 Willison Sq,PH03,M5T,Condominium,10,Spadina-Fort York
6631026,STR-2404-GVRHHV,21 Iceboat Ter,3309,M5V,Condominium,10,Spadina-Fort York
6631027,STR-2404-HCXHHW,101 Peter St,710,M5V,Condominium,10,Spadina-Fort York
6631028,STR-2404-HTKHHY,55 Bremner Blvd,4301,M5J,Condominium,10,Spadina-Fort York
6631029,STR-2404-JBRHHZ,182 Rankin Cres,,M6P,Single/Semi-detached House,9,Davenport
6631030,STR-2404-FQXHHQ,220 Atlas Ave,,M6C,Single/Semi-detached House,12,Toronto-St. Paul's
6631031,STR-2404-GGKHHS,832 Bay St,4602,M5S,Apartment,11,University-Rosedale
6631032,STR-2404-GWXHHV,300 Front St W,3903,M5V,Condominium,10,Spadina-Fort York
6631033,STR-2404-HFDHHW,20 John St,721,M5V,Condominium,10,Spadina-Fort York
6631034,STR-2404-HMKHHX,65 Bremner Blvd,3110,M5J,Condominium,10,Spadina-Fort York
6631035,STR-2404-HVRHHY,21 Iceboat Ter,3603,M5V,Condominium,10,Spadina-Fort York
6631036,STR-2404-FRMVHQ,158 Westview Blvd,,M4B,Single/Semi-detached House,19,Beaches-East York
6631037,STR-2404-GXMVHV,1 Ferncliff Crt,,M4B,Single/Semi-detached House,19,Beaches-East York
6631038,STR-2404-HFTVHW,58 Seymour Ave,,M4J,Single/Semi-detached House,14,Toronto-Danforth
6631039,STR-2404-HWGVHY,32A Fernbank Ave,,M6H,Single/Semi-detached House,9,Davenport
6631040,STR-2404-FZKHHR,300 Front St W,2806,M5V,Condominium,10,Spadina-Fort York
6631041,STR-2404-GQXHHT,300 Front St W,2903,M5V,Condominium,10,Spadina-Fort York
6631042,STR-2404-FSTVHQ,57 Brock ave,516,M6K,Condominium,4,Parkdale-High Park
6631043,STR-2404-HGZVHW,8 Dacre Cres,,M6S,Single/Semi-detached House,4,Parkdale-High Park
6631044,STR-2404-FLDHHP,14 York St,3104,M5J,Condominium,10,Spadina-Fort York
6631045,STR-2404-GJXHHS,57 Rusholme Park Cres,Unit B,M6J,Duplex/Triplex/Fourplex,9,Davenport
6631046,STR-2404-HHRHHW,20 John St,722,M5V,Condominium,10,Spadina-Fort York
6631047,STR-2404-GCGVHR,300 Front St W,3808,M5V,Condominium,10,Spadina-Fort York
6631048,STR-2404-GKMVHS,169 Jameson Ave,509,M6K,Apartment,4,Parkdale-High Park
6631049,STR-2404-GSTVHT,268 Dewhurst Blvd N,,M4J,Single/Semi-detached House,14,Toronto-Danforth
6631050,STR-2404-GZZVHV,955 Bay St,1714,M5S,Condominium,13,Toronto Centre
6631051,STR-2404-HYTVHY,14 York St,509,M5J,Condominium,10,Spadina-Fort York
6631052,STR-2404-FDQDVP,251 Jarvis St,4803,M5B,Condominium,13,Toronto Centre
6631053,STR-2404-HBCDVW,165 Legion Rd N,1323,M8Y,Condominium,3,Etobicoke-Lakeshore
6631054,STR-2404-FMLRVQ,101 Peter St,3303,M5V,Condominium,10,Spadina-Fort York
6631055,STR-2404-FVSRVR,177 Gamble Ave,,M4J,Single/Semi-detached House,14,Toronto-Danforth
6631056,STR-2404-FPCDVQ,219 Fort York Blvd,3308,M5V,Condominium,10,Spadina-Fort York
6631057,STR-2404-GDQDVS,151 Dan Leckie Way,250,M5V,Condominium,10,Spadina-Fort York
6631058,STR-2404-GLWDVT,185 Colbeck St,,M6S,Single/Semi-detached House,4,Parkdale-High Park
6631059,STR-2404-HKQDVX,101 Peter St,3701,M5V,Condominium,10,Spadina-Fort York
6631060,STR-2404-GFFRVS,125 McMahon Dr,TH01,M2K,Townhouse/ Row House,17,Don Valley North
6631061,STR-2404-GVSRVV,300 Front St W,1914,M5V,Condominium,10,Spadina-Fort York
6631062,STR-2404-FHCDVP,17 Evergreen Ave,,M8W,Single/Semi-detached House,3,Etobicoke-Lakeshore
6631063,STR-2404-HVCDVY,613 Pharmacy Ave,,M1L,Single/Semi-detached House,20,Scarborough Southwest
6631064,STR-2404-FHSRVP,317 Perth Ave,,M6P,Single/Semi-detached House,9,Davenport
6631065,STR-2404-GWYRVV,155 Yorkville Ave,705,M5R,Condominium,11,University-Rosedale
6631066,STR-2404-JCYRVZ,22 Hexham Dr,Main,M1R,Single/Semi-detached House,21,Scarborough Centre
6631067,STR-2404-FJJDVP,955 Bay St,1817,M5S,Condominium,13,Toronto Centre
6631068,STR-2404-FZLRVR,29 Elmview Dr,,M1N,Single/Semi-detached House,20,Scarborough Southwest
6631069,STR-2404-GRQDVT,48 Nassau St,B,M5T,Single/Semi-detached House,11,University-Rosedale
6631070,STR-2404-GYWDVV,52 Garnet Ave,,M6G,Single/Semi-detached House,11,University-Rosedale
6631071,STR-2404-HQJDVX,130 Springhurst Ave,Main,M6K,Duplex/Triplex/Fourplex,4,Parkdale-High Park
6631072,STR-2404-GZLRVV,145 Whitburn Cres,Main,M3M,Single/Semi-detached House,6,York Centre
6631073,STR-2404-HQYRVX,65 Bremner Blvd,4703,M5J,Condominium,10,Spadina-Fort York
6631074,STR-2404-FVDKVR,270 Wellington St W,22,M5V,Condominium,10,Spadina-Fort York
6631075,STR-2405-GDWDVS,642 Brock Ave,2,M6H,Duplex/Triplex/Fourplex,9,Davenport
6631076,STR-2405-GMCDVT,125 Lindsey Ave,Upper,M6H,Single/Semi-detached House,9,Davenport
6631077,STR-2405-GVJDVV,200 Lotherton Ptwy,409,M6B,Condominium,8,Eglinton-Lawrence
6631078,STR-2405-GMSRVT,96 Malvern St,,M1B,Townhouse/ Row House,23,Scarborough North
6631079,STR-2405-HLLRVX,151 Dan Leckie Way,901,M5V,Condominium,10,Spadina-Fort York
6631080,STR-2405-FQQDVQ,27 Tweedrock Cres,,M1E,Single/Semi-detached House,24,Scarborough-Guildwood
6631081,STR-2405-JCQDVZ,832 Bay St,1308,M5S,Condominium,11,University-Rosedale
6631082,STR-2405-FHYRVP,311 Perth Ave,,M6P,Single/Semi-detached House,9,Davenport
6631083,STR-2405-GGSRVS,188 Cumberland St,904,M5R,Condominium,11,University-Rosedale
6631084,STR-2405-GXFRVV,219 Fort York Blvd,1403,M5V,Condominium,10,Spadina-Fort York
6631085,STR-2405-HFLRVW,14 York St,5412,M5J,Condominium,10,Spadina-Fort York
6631086,STR-2405-JDFRVZ,335 Concord Ave,2,M6H,Single/Semi-detached House,9,Davenport
6631087,STR-2405-FRWDVQ,37 Grosvenor St,2301,M4Y,Condominium,13,Toronto Centre
6631088,STR-2405-FZCDVR,215 Fort York Blvd,420,M5V,Condominium,10,Spadina-Fort York
6631089,STR-2405-HGCDVW,52 Stanley Ter,A,M6J,Duplex/Triplex/Fourplex,10,Spadina-Fort York
6631090,STR-2405-HWQDVY,34 Cameron Ave,,M2N,Single/Semi-detached House,18,Willowdale
6631091,STR-2405-GHYRVS,22 Revcoe Dr,,M2M,Single/Semi-detached House,18,Willowdale
6631092,STR-2405-GYLRVV,6 Eva Rd,801,M9C,Condominium,2,Etobicoke Centre
6631093,STR-2405-HGSRVW,188 Cumberland St,2312,M5R,Condominium,11,University-Rosedale
6631094,STR-2405-JFLRVZ,19 Annette St,,M6P,Single/Semi-detached House,4,Parkdale-High Park
6631095,STR-2405-GBJDVR,20 John St,1123,M5V,Condominium,10,Spadina-Fort York
6631096,STR-2405-GJQDVS,300 Front St W,2713,M5V,Condominium,10,Spadina-Fort York
6631097,STR-2405-GRWDVT,373 Joicey Blvd,,M5M,Single/Semi-detached House,8,Eglinton-Lawrence
6631098,STR-2405-GZCDVV,1926 Brimley Rd,,M1S,Single/Semi-detached House,23,Scarborough North
6631099,STR-2405-HXWDVY,21 Iceboat Ter,2501,M5V,Condominium,10,Spadina-Fort York
6631100,STR-2405-FLLRVP,18 Yonge St,2208,M5E,Condominium,10,Spadina-Fort York
6631101,STR-2405-GKFRVS,12 York St,505,M5J,Condominium,10,Spadina-Fort York
6631102,STR-2405-GSLRVT,68 Seventeenth St,,M8V,Single/Semi-detached House,3,Etobicoke-Lakeshore
6631103,STR-2405-FQRKVQ,3 Sims Cres,,M9V,Single/Semi-detached House,1,Etobicoke North
6631104,STR-2405-FVKKVR,2020 Bathurst St,307,M5P,Condominium,12,Toronto-St. Paul's
6631105,STR-2405-FMTXVQ,1081 Danforth Rd,123,M1J,Townhouse/ Row House,20,Scarborough Southwest
6631106,STR-2405-GLMXVT,650 Parliament St,1915,M4X,Apartment,13,Toronto Centre
6631107,STR-2405-GTTXVV,10 Willison Sq,PH07,M5T,Condominium,10,Spadina-Fort York
6631108,STR-2405-HZTXVZ,300 Front St W,2209,M5V,Condominium,10,Spadina-Fort York
6631109,STR-2405-GVKKVV,77 Huntley St,1615,M4Y,Apartment,13,Toronto Centre
6631110,STR-2405-HTDKVY,180 Earlsdale Ave,,M6E,Single/Semi-detached House,9,Davenport
6631111,STR-2405-FPZXVQ,21 Iceboat Ter,3112,M5V,Condominium,10,Spadina-Fort York
6631112,STR-2405-HVKKVY,158 Northcliffe Blvd,B,M6E,Single/Semi-detached House,9,Davenport
6631113,STR-2405-FYMXVR,8 Charlotte St,2104,M5V,Condominium,10,Spadina-Fort York
6631114,STR-2405-JDGXVZ,209 Fort York Blvd,882,M5V,Condominium,10,Spadina-Fort York
6631115,STR-2405-HGDKVW,7 Melbourne Pl,,M6K,Single/Semi-detached House,4,Parkdale-High Park
6631116,STR-2405-FKGXVP,210 Victoria St,3012,M5B,Condominium,13,Toronto Centre
6631117,STR-2405-FZTXVR,30 Nelson St,2302,M5V,Condominium,10,Spadina-Fort York
6631118,STR-2405-GHZXVS,12 York St,4004,M5J,Condominium,10,Spadina-Fort York
6631119,STR-2405-GRGXVT,21 Iceboat Ter,3210,M5V,Condominium,10,Spadina-Fort York
6631120,STR-2405-JFMXVZ,34 Western Battery Rd,416,M6K,Townhouse/ Row House,10,Spadina-Fort York
6631121,STR-2405-FKXKVP,300 Front St W,4008,M5V,Condominium,10,Spadina-Fort York
6631122,STR-2405-GJRKVS,32 Alma Ave,4,M6J,Duplex/Triplex/Fourplex,9,Davenport
6631123,STR-2405-GRXKVT,10 Dacotah Ave,,M5J,Single/Semi-detached House,10,Spadina-Fort York
6631124,STR-2405-JGDKVZ,2 1/2 Palmerston Ave,,M6J,Townhouse/ Row House,10,Spadina-Fort York
6631125,STR-2405-GZTXVV,300 Front St W,605,M5V,Condominium,10,Spadina-Fort York
6631126,STR-2405-HYMXVY,30 Clinton St,,M6J,Single/Semi-detached House,11,University-Rosedale
6631127,STR-2405-JGTXVZ,21 Iceboat Ter,1707,M5V,Condominium,10,Spadina-Fort York
6631128,STR-2405-GCSRVS,300 Front St W,3707,M5V,Condominium,10,Spadina-Fort York
6631129,STR-2405-HRYRVY,88 Carr St,33,M5T,Townhouse/ Row House,10,Spadina-Fort York
6631130,STR-2405-HZFRVZ,713 College St,A,M6G,Apartment,11,University-Rosedale
6631131,STR-2405-HKJDVX,60 Cobden St,,M2R,Single/Semi-detached House,18,Willowdale
6631132,STR-2405-FPLRVQ,1650 Bathurst St,19,M5P,Apartment,12,Toronto-St. Paul's
6631133,STR-2405-GFQDVS,77 Bartley Dr,,M4A,Single/Semi-detached House,16,Don Valley East
6631134,STR-2405-HTWDVY,300 Front St W,3607,M5V,Condominium,10,Spadina-Fort York
6631135,STR-2405-GWSRVV,83 Chelsea Ave,,M6P,Single/Semi-detached House,4,Parkdale-High Park
6631136,STR-2405-JCSRVZ,206 St George St,808,M5R,Apartment,11,University-Rosedale
6631137,STR-2405-FWFRVR,55 Bremner Blvd,4006,M5J,Condominium,10,Spadina-Fort York
6631138,STR-2405-HPLRVX,216 Wintermute Blvd,,M1W,Single/Semi-detached House,22,Scarborough-Agincourt
6631139,STR-2405-JDYRVZ,215 Fort York Blvd,513,M5V,Condominium,10,Spadina-Fort York
6631140,STR-2405-HXJDVY,86 Drayton Ave,,M4C,Single/Semi-detached House,19,Beaches-East York
6631141,STR-2405-GJSRVS,46 Sunfield Rd,,M3M,Single/Semi-detached House,6,York Centre
6631142,STR-2405-HXYRVY,644 Rhodes Ave,,M4J,Single/Semi-detached House,14,Toronto-Danforth
6631143,STR-2405-FLQDVP,188 Cumberland St,812,M5R,Condominium,11,University-Rosedale
6631144,STR-2405-GSQDVT,188 Cumberland St,1409,M5R,Condominium,11,University-Rosedale
6631145,STR-2405-GZWDVV,20 Gatewood Cres,,M9A,Single/Semi-detached House,2,Etobicoke Centre
6631146,STR-2405-HRJDVX,39 Sentinel Rd,,M3J,Single/Semi-detached House,6,York Centre
6631147,STR-2405-FVMXVR,768 Cummer Ave,,M2H,Single/Semi-detached House,17,Don Valley North
6631148,STR-2405-HRZXVY,218 Concord Ave,,M6H,Single/Semi-detached House,9,Davenport
6631149,STR-2405-FWDKVR,25 Purdy Cres,,M9N,Single/Semi-detached House,5,York South-Weston
6631150,STR-2405-HKKKVX,675 Euclid Ave,Basement Apt.,M6G,Duplex/Triplex/Fourplex,11,University-Rosedale
6631151,STR-2405-HZXKVZ,59 Harvard Ave,,M6R,Single/Semi-detached House,4,Parkdale-High Park
6631152,STR-2405-GMGXVT,65 Bremner Blvd,1401,M5J,Condominium,10,Spadina-Fort York
6631153,STR-2405-FGXKVP,955 Bay St,811,M5S,Condominium,13,Toronto Centre
6631154,STR-2405-GMXKVT,101 Combe Ave,,M3H,Single/Semi-detached House,6,York Centre
6631155,STR-2405-FXZXVR,193 Osler St,,M6N,Single/Semi-detached House,9,Davenport
6631156,STR-2405-FRKKVQ,209 Fort York Blvd,179,M5V,Condominium,10,Spadina-Fort York
6631157,STR-2405-FJTXVP,2 Evelyn Ave,,M6P,Single/Semi-detached House,4,Parkdale-High Park
6631158,STR-2405-FZGXVR,270 Wellington St W,513,M5V,Condominium,10,Spadina-Fort York
6631159,STR-2405-GXZXVV,21 Iceboat Ter,2210,M5V,Condominium,10,Spadina-Fort York
6631160,STR-2405-FKKKVP,251 Jarvis St,1519,M5B,Condominium,13,Toronto Centre
6631161,STR-2506-JGJVPZ,20 John St,221,M5V,Condominium,10,Spadina-Fort York
6631162,STR-2405-FZXKVR,5 Carnival Crt,,M2R,Single/Semi-detached House,6,York Centre
6631163,STR-2405-GJDKVS,68 Clearbrooke Cir,,M9W,Single/Semi-detached House,1,Etobicoke North
6631164,STR-2405-HGXKVW,101 Peter St,2507,M5V,Condominium,10,Spadina-Fort York
6631165,STR-2405-HQDKVX,101 Peter St,3308,M5V,Condominium,10,Spadina-Fort York
6631166,STR-2405-JFRKVZ,225 Wellesley St E,412,M4X,Condominium,13,Toronto Centre
6631167,STR-2405-GJTXVS,47 Taunton Rd,BSMT,M4S,Single/Semi-detached House,15,Don Valley West
6631168,STR-2405-HHMXVW,1 Shaw St,802,M6K,Condominium,10,Spadina-Fort York
6631169,STR-2405-HQTXVX,14 York St,3201,M5J,Condominium,10,Spadina-Fort York
6631170,STR-2405-HXZXVY,14 York St,1908,M5J,Condominium,10,Spadina-Fort York
6631171,STR-2405-GKKKVS,80 Burton Rd,,M5P,Single/Semi-detached House,12,Toronto-St. Paul's
6631172,STR-2405-HYRKVY,590 Indian Grove,,M6P,Townhouse/ Row House,4,Parkdale-High Park
6631173,STR-2405-FMJDVQ,81 O'Connor Dr,,M4K,Single/Semi-detached House,14,Toronto-Danforth
6631174,STR-2405-GCWDVS,33 Salem Ave,laneway suite,M6H,Single/Semi-detached House,9,Davenport
6631175,STR-2405-GTJDVV,21 Evans Ave,5,M8Z,Apartment,3,Etobicoke-Lakeshore
6631176,STR-2405-HJWDVX,215 Fort York Blvd,1608,M5V,Condominium,10,Spadina-Fort York
6631177,STR-2405-HZJDVZ,10 Lewis St,,M4M,Single/Semi-detached House,14,Toronto-Danforth
6631178,STR-2405-GLSRVT,90 Ling Rd,510,M1E,Condominium,25,Scarborough-Rouge Park
6631179,STR-2405-GTYRVV,2 Eva Rd,PH23,M9C,Condominium,2,Etobicoke Centre
6631180,STR-2405-HSSRVY,231 Fort York Blvd,427,M5V,Condominium,10,Spadina-Fort York
6631181,STR-2405-HZYRVZ,8 Allenbury Gdns,,M2J,Single/Semi-detached House,17,Don Valley North
6631182,STR-2405-FPQDVQ,89 Beachview Cres,,M4E,Single/Semi-detached House,19,Beaches-East York
6631183,STR-2405-HCWDVW,210 Victoria St,2904,M5B,Condominium,13,Toronto Centre
6631184,STR-2405-JBQDVZ,276 Queen St W,301,M5V,Apartment,10,Spadina-Fort York
6631185,STR-2405-FXLRVR,34 Guiness Ave,,M9W,Single/Semi-detached House,1,Etobicoke North
6631186,STR-2405-JCFRVZ,39 Queens Quay  E,536,M5E,Condominium,10,Spadina-Fort York
6631187,STR-2405-HFCDVW,77 Salem Ave,1,M6H,Single/Semi-detached House,9,Davenport
6631188,STR-2405-HMJDVX,71 Laburnham Ave,,M8W,Single/Semi-detached House,3,Etobicoke-Lakeshore
6631189,STR-2405-GXLRVV,18 Yonge St,2906,M5E,Condominium,10,Spadina-Fort York
6631190,STR-2405-HWFRVY,29 Hillsboro Ave,,M5R,Single/Semi-detached House,11,University-Rosedale
6631191,STR-2405-FJWDVP,219 Fort York Blvd,517,M5V,Condominium,10,Spadina-Fort York
6631192,STR-2405-GQWDVT,19 Pendeen Ave,,M6N,Single/Semi-detached House,5,York South-Weston
6631193,STR-2405-GYCDVV,215 Ennerdale Rd,,M6E,Single/Semi-detached House,9,Davenport
6631194,STR-2405-HPQDVX,219 Fort York Blvd,2804,M5V,Condominium,10,Spadina-Fort York
6631195,STR-2405-HWWDVY,21 Iceboat Ter,4206,M5V,Condominium,10,Spadina-Fort York
6631196,STR-2405-FSSRVQ,2 Valleyanna Dr,,M4N,Single/Semi-detached House,15,Don Valley West
6631197,STR-2405-FZYRVR,300 Front St W,4210,M5V,Condominium,10,Spadina-Fort York
6631198,STR-2405-GBQDVR,177 North Carson St,,M8W,Single/Semi-detached House,3,Etobicoke-Lakeshore
6631199,STR-2412-HHWSBW,955 Bay St,714,M5S,Condominium,13,Toronto Centre
6631200,STR-2405-HHQDVW,8 Widmer St,1811,M5V,Condominium,10,Spadina-Fort York
6631201,STR-2405-GZYRVV,245 Torbarrie Rd,,M3L,Townhouse/ Row House,7,Humber River-Black Creek
6631202,STR-2405-FFDKVP,151 Dan Leckie Way,308,M5V,Condominium,10,Spadina-Fort York
6631203,STR-2406-FMKKVQ,266 Symington Ave,,M6P,Single/Semi-detached House,9,Davenport
6631204,STR-2406-GLDKVT,300 Front St W,2102,M5V,Condominium,10,Spadina-Fort York
6631205,STR-2406-HJXKVX,251 Jarvis St,312,M5B,Condominium,13,Toronto Centre
6631206,STR-2406-GTZXVV,3 Aldwych Ave,,M4J,Single/Semi-detached House,14,Toronto-Danforth
6631207,STR-2406-HKMXVX,8 Wellesley St E,302,M4Y,Condominium,13,Toronto Centre
6631208,STR-2406-FPRKVQ,39 Dunkirk Rd,Laneway,M4C,Single/Semi-detached House,19,Beaches-East York
6631209,STR-2406-FWXKVR,21 Iceboat Ter,3708,M5V,Condominium,10,Spadina-Fort York
6631210,STR-2406-GVRKVV,477 Richmond St W,502,M5V,Condominium,10,Spadina-Fort York
6631211,STR-2406-JBRKVZ,12 Winnett Ave,,M6C,Single/Semi-detached House,12,Toronto-St. Paul's
6631212,STR-2406-HDMXVW,339 Highfield Rd,,M4L,Single/Semi-detached House,14,Toronto-Danforth
6631213,STR-2406-HLTXVX,14 York St,6511,M5J,Condominium,10,Spadina-Fort York
6631214,STR-2406-FYDKVR,215 Fort York Blvd,1303,M5V,Condominium,10,Spadina-Fort York
6631215,STR-2406-GGKKVS,981 Old Cummer Ave,,M2H,Single/Semi-detached House,17,Don Valley North
6631216,STR-2406-GWXKVV,6 Dearham Wood,,M1E,Single/Semi-detached House,24,Scarborough-Guildwood
6631217,STR-2406-FJGXVP,357 Rusholme Rd,509,M6H,Apartment,9,Davenport
6631218,STR-2406-FJXKVP,11 D'Arcy St,,M5T,Single/Semi-detached House,11,University-Rosedale
6631219,STR-2406-GHRKVS,101 Peter St,806,M5V,Condominium,10,Spadina-Fort York
6631220,STR-2406-HGKKVW,209 Fort York Blvd,1364,M5V,Condominium,10,Spadina-Fort York
6631221,STR-2406-FZZXVR,263 Bellamy Rd N,,M1J,Single/Semi-detached House,24,Scarborough-Guildwood
6631222,STR-2406-GJGXVS,21 Iceboat Ter,2701,M5V,Condominium,10,Spadina-Fort York
6631223,STR-2406-GRMXVT,490 Runnymede Rd,,M6S,Single/Semi-detached House,4,Parkdale-High Park
6631224,STR-2406-GYTXVV,14 York St,5410,M5J,Condominium,10,Spadina-Fort York
6631225,STR-2406-HQGXVX,69 Phillip Ave,,M1N,Single/Semi-detached House,20,Scarborough Southwest
6631226,STR-2406-JFTXVZ,300 Front St W,3603,M5V,Condominium,10,Spadina-Fort York
6631227,STR-2406-FTZXVQ,15 Kinnie Crt,,M3N,Single/Semi-detached House,7,Humber River-Black Creek
6631228,STR-2406-GSTXVT,51 Colgate Ave,,M4M,Single/Semi-detached House,14,Toronto-Danforth
6631229,STR-2406-HJGXVW,31 Prospect St,,M4X,Single/Semi-detached House,13,Toronto Centre
6631230,STR-2406-HYVBPZ,14 York St,6512,M5J,Condominium,10,Spadina-Fort York
6631231,STR-2406-FFDPPP,39 Astor Ave,,M4G,Single/Semi-detached House,15,Don Valley West
6631232,STR-2406-GLDPPT,30 Shore Breeze Dr,328,M8V,Condominium,3,Etobicoke-Lakeshore
6631233,STR-2406-HBRPPW,118 Shuter St,Unit A,M5A,Townhouse/ Row House,13,Toronto Centre
6631234,STR-2406-HZKPPZ,29 Tyndall Ave,,M6K,Single/Semi-detached House,4,Parkdale-High Park
6631235,STR-2406-FFVBPP,188 Cumberland St,1706,M5R,Condominium,11,University-Rosedale
6631236,STR-2406-FPBBPQ,188 Cumberland St,2104,M5R,Condominium,11,University-Rosedale
6631237,STR-2406-HKPBPX,16 Stong Crt,,M3N,Single/Semi-detached House,7,Humber River-Black Creek
6631238,STR-2406-GWHBPV,38 Concord Ave,,M6H,Duplex/Triplex/Fourplex,9,Davenport
6631239,STR-2406-HLVBPX,55 Bremner Blvd,1103,M5J,Condominium,10,Spadina-Fort York
6631240,STR-2406-GPRPPT,231 Indian Rd,,M6R,Single/Semi-detached House,4,Parkdale-High Park
6631241,STR-2406-GWXPPV,595 Craven Rd,,M4L,Single/Semi-detached House,14,Toronto-Danforth
6631242,STR-2406-HFDPPW,1 Keegan Cres,,M3J,Single/Semi-detached House,7,Humber River-Black Creek
6631243,STR-2406-JCXPPZ,155 Yorkville Ave,1517,M5R,Condominium,11,University-Rosedale
6631244,STR-2406-GQHBPT,40 Johnston Ave,,M2N,Single/Semi-detached House,18,Willowdale
6631245,STR-2406-FZKPPR,123 Chester Ave,,M4K,Single/Semi-detached House,14,Toronto-Danforth
6631246,STR-2406-GYDPPV,100 Gloucester St,1101,M4Y,Apartment,13,Toronto Centre
6631247,STR-2406-HWXPPY,85 Pintail Cres,,M3A,Single/Semi-detached House,16,Don Valley East
6631248,STR-2406-GBBBPR,101 Peter St,3703,M5V,Apartment,10,Spadina-Fort York
6631249,STR-2406-HHBBPW,21 Kirkdale Cres,,M3B,Single/Semi-detached House,15,Don Valley West
6631250,STR-2406-GCYVPS,24 Noble St,310,M6K,Condominium,4,Parkdale-High Park
6631251,STR-2406-HBSVPW,208 Queens Quay W,3412,M5J,Condominium,10,Spadina-Fort York
6631252,STR-2406-FFWHPP,101 Peter St,3405,M5V,Condominium,10,Spadina-Fort York
6631253,STR-2406-FWJHPR,120 Homewood Ave,2802,M4Y,Condominium,13,Toronto Centre
6631254,STR-2406-GDQHPS,30 Nelson St,1010,M5V,Condominium,10,Spadina-Fort York
6631255,STR-2406-GVCHPV,55 Bremner Blvd,2902,M5J,Condominium,10,Spadina-Fort York
6631256,STR-2406-HKQHPX,14 York St,6406,M5J,Condominium,10,Spadina-Fort York
6631257,STR-2406-FPSVPQ,215 Fort York Blvd,206,M5V,Condominium,10,Spadina-Fort York
6631258,STR-2406-FWYVPR,50 Orchid Place Dr,17,M1B,Condominium,23,Scarborough North
6631259,STR-2406-HCYVPW,155 Legion Rd N,1801,M8Y,Condominium,3,Etobicoke-Lakeshore
6631260,STR-2406-GFWHPS,4 Wheeler Ave,,M4L,Single/Semi-detached House,19,Beaches-East York
6631261,STR-2406-HVCHPY,171 Duplex Ave,,M5P,Single/Semi-detached House,12,Toronto-St. Paul's
6631262,STR-2406-FQYVPQ,65 Bremner Blvd,3101,M5J,Condominium,10,Spadina-Fort York
6631263,STR-2406-GGLVPS,638 Queen St W,Upper,M6J,Townhouse/ Row House,10,Spadina-Fort York
6631264,STR-2406-FRQHPQ,87 Baycrest Ave,,M6A,Single/Semi-detached House,8,Eglinton-Lawrence
6631265,STR-2406-FYWHPR,222 The Esplanade,925,M5A,Condominium,13,Toronto Centre
6631266,STR-2406-GHCHPS,560 Front St W,209,M5V,Condominium,10,Spadina-Fort York
6631267,STR-2406-HPCHPX,58 Prust Ave,,M4L,Single/Semi-detached House,14,Toronto-Danforth
6631268,STR-2406-JDQHPZ,19 Greenberry Pl,,M1S,Single/Semi-detached House,22,Scarborough-Agincourt
6631269,STR-2406-HGLVPW,394 Euclid Ave,202,M6G,Condominium,11,University-Rosedale
6631270,STR-2406-HPSVPX,151 Silver Birch Ave,,M4E,Single/Semi-detached House,19,Beaches-East York
6631271,STR-2406-HWYVPY,89 Bombay Ave,,M3H,Single/Semi-detached House,6,York Centre
6631272,STR-2406-JFFVPZ,98 Sexton Cres,,M2H,Single/Semi-detached House,17,Don Valley North
6631273,STR-2406-GRQHPT,300 Front St W,3305,M5V,Condominium,10,Spadina-Fort York
6631274,STR-2406-GYWHPV,1222 King St W,2,M6K,Apartment,4,Parkdale-High Park
6631275,STR-2406-HHCHPW,430 Kingston Rd,,M4L,Townhouse/ Row House,19,Beaches-East York
6631276,STR-2406-GJYVPS,955 Bay St,1101,M5S,Condominium,13,Toronto Centre
6631277,STR-2406-GZLVPV,347 Cleveland St,AP2,M4S,Duplex/Triplex/Fourplex,15,Don Valley West
6631278,STR-2406-FLXPPQ,47 Glenmore Rd,,M4L,Single/Semi-detached House,19,Beaches-East York
6631279,STR-2406-FVDPPR,98 Lillian St,1117,M4S,Condominium,12,Toronto-St. Paul's
6631280,STR-2406-GCKPPS,19 Rutherford Ave,BSMT,M6M,Single/Semi-detached House,5,York South-Weston
6631281,STR-2406-FVVBPR,300 Front St W,2313,M5V,Condominium,10,Spadina-Fort York
6631282,STR-2406-GDBBPS,48 Patika Ave,,M9N,Single/Semi-detached House,5,York South-Weston
6631283,STR-2406-GLHBPT,8 Widmer St,3701,M5V,Condominium,10,Spadina-Fort York
6631284,STR-2406-GTPBPV,101 Peter St,3709,M5V,Condominium,10,Spadina-Fort York
6631285,STR-2406-HBVBPW,215 Fort York Blvd,321,M5V,Condominium,10,Spadina-Fort York
6631286,STR-2406-HKBBPX,17 Bruton Rd,,M6N,Single/Semi-detached House,5,York South-Weston
6631287,STR-2406-HSHBPY,14 York St,3407,M5J,Condominium,10,Spadina-Fort York
6631288,STR-2406-GFHBPS,14 York St,4606,M5J,Condominium,10,Spadina-Fort York
6631289,STR-2406-HDBBPW,21 Iceboat Ter,3302,M5V,Condominium,10,Spadina-Fort York
6631290,STR-2406-HTPBPY,98 Lillian St,2911,M4S,Condominium,12,Toronto-St. Paul's
6631291,STR-2406-JBVBPZ,998 St Clarens Ave,2,M6H,Duplex/Triplex/Fourplex,9,Davenport
6631292,STR-2406-GFXPPS,252 Victoria St,2108,M5B,Apartment,13,Toronto Centre
6631293,STR-2406-HDRPPW,181 Wynford Dr,802,M3C,Condominium,16,Don Valley East
6631294,STR-2406-GXBBPV,560 Front St W,702,M5V,Condominium,10,Spadina-Fort York
6631295,STR-2406-JDBBPZ,15 Iceboat Ter,2315,M5V,Condominium,10,Spadina-Fort York
6631296,STR-2406-GQKPPT,101 Peter St,901,M5V,Condominium,10,Spadina-Fort York
6631297,STR-2406-HFXPPW,178 Brighton Ave,,M3H,Single/Semi-detached House,6,York Centre
6631298,STR-2406-JDRPPZ,512 Bathurst St,0,M5S,Duplex/Triplex/Fourplex,11,University-Rosedale
6631299,STR-2406-HGPBPW,55 Bremner Blvd,4808,M5J,Condominium,10,Spadina-Fort York
6631300,STR-2406-HXBBPY,1029 King St W,634,M6K,Condominium,10,Spadina-Fort York
6631301,STR-2406-FKRPPP,14 York St,909,M5J,Condominium,10,Spadina-Fort York
6631302,STR-2406-HQKPPX,21 Iceboat Ter,1701,M5V,Condominium,10,Spadina-Fort York
6631303,STR-2406-JFXPPZ,28 Winnifred Ave,,M4M,Single/Semi-detached House,14,Toronto-Danforth
6631304,STR-2406-GBVBPR,430 Brock Ave,,M6H,Single/Semi-detached House,9,Davenport
6631305,STR-2406-GSHBPT,618 Windermere Ave,,M6S,Single/Semi-detached House,4,Parkdale-High Park
6631306,STR-2406-HRBBPX,1209 Queen St E,2,M4M,Townhouse/ Row House,14,Toronto-Danforth
6631307,STR-2406-FDSVPP,151 Dan Leckie Way,509,M5V,Condominium,10,Spadina-Fort York
6631308,STR-2406-GCLVPS,58 Millersgrove Dr,2,M2R,Single/Semi-detached House,6,York Centre
6631309,STR-2406-GKSVPT,18 Brittany Crt,,M9P,Single/Semi-detached House,2,Etobicoke Centre
6631310,STR-2406-FVWHPR,10 Capreol Crt,819,M5V,Condominium,10,Spadina-Fort York
6631311,STR-2406-GLJHPT,242 Aileen Ave,,M6M,Single/Semi-detached House,5,York South-Weston
6631312,STR-2406-GTQHPV,6 Thirty Fifth St,,M8W,Single/Semi-detached House,3,Etobicoke-Lakeshore
6631313,STR-2406-HSJHPY,151 Dan Leckie Way,247,M5V,Condominium,10,Spadina-Fort York
6631314,STR-2406-HZQHPZ,1987 Queen St E,1,M4L,Single/Semi-detached House,19,Beaches-East York
6631315,STR-2406-FWLVPR,56 Westmoreland Ave,,M6H,Single/Semi-detached House,9,Davenport
6631316,STR-2406-HSYVPY,15 Iceboat Ter,2801,M5V,Condominium,10,Spadina-Fort York
6631317,STR-2406-GFJHPS,120 Homewood Ave,802,M4Y,Condominium,13,Toronto Centre
6631318,STR-2406-GMQHPT,80 John St,2201,M5V,Condominium,10,Spadina-Fort York
6631319,STR-2406-HLJHPX,55 Bremner Blvd,1505,M5J,Condominium,10,Spadina-Fort York
6631320,STR-2406-HTQHPY,151 Dan Leckie Way,742,M5V,Condominium,10,Spadina-Fort York
6631321,STR-2406-FQLVPQ,251 Jarvis St,2715,M5B,Condominium,13,Toronto Centre
6631322,STR-2406-HVFVPY,101 Peter St,3309,M5V,Condominium,10,Spadina-Fort York
6631323,STR-2406-FHWHPP,300 Front St W,4606,M5V,Condominium,10,Spadina-Fort York
6631324,STR-2406-GXCHPV,300 Front St W,2702,M5V,Condominium,10,Spadina-Fort York
6631325,STR-2406-HFJHPW,60 Ryerson Ave,,M5T,Single/Semi-detached House,10,Spadina-Fort York
6631326,STR-2406-FJLVPP,3 Innisdale Dr,,M1R,Single/Semi-detached House,21,Scarborough Centre
6631327,STR-2406-FYYVPR,8 Wellesley St E,607,M4Y,Condominium,13,Toronto Centre
6631328,STR-2406-GQLVPT,155 Yorkville Ave,420,M5R,Condominium,11,University-Rosedale
6631329,STR-2406-HPFVPX,769A Pape Ave,,M4K,Single/Semi-detached House,14,Toronto-Danforth
6631330,STR-2406-HWLVPY,129 Marion St,2,M6R,Duplex/Triplex/Fourplex,4,Parkdale-High Park
6631331,STR-2406-GHWHPS,44 Glengarry Ave,,M5M,Single/Semi-detached House,8,Eglinton-Lawrence
6631332,STR-2406-GRCHPT,252 Victoria St,3709,M5B,Apartment,13,Toronto Centre
6631333,STR-2406-GYYVPV,209 Fort York Blvd,771,M5V,Condominium,10,Spadina-Fort York
6631334,STR-2406-HHFVPW,14 York st,2409,M5J,Apartment,10,Spadina-Fort York
6631335,STR-2406-GBWHPR,140 Symington Ave,,M6P,Single/Semi-detached House,9,Davenport
6631336,STR-2406-GSJHPT,32 Codsell Ave,,M3H,Single/Semi-detached House,6,York Centre
6631337,STR-2406-GZQHPV,44 Coldstream Ave,,M5N,Single/Semi-detached House,8,Eglinton-Lawrence
6631338,STR-2406-FDVBPP,106 Rameau Dr,,M2H,Single/Semi-detached House,17,Don Valley North
6631339,STR-2406-GCPBPS,300 Front St W,3510,M5V,Condominium,10,Spadina-Fort York
6631340,STR-2406-GLKPPT,18 Rainsford Rd,,M4L,Single/Semi-detached House,19,Beaches-East York
6631341,STR-2507-GDFFBS,20 John St,617,M5V,Condominium,10,Spadina-Fort York
6631342,STR-2406-GTRPPV,209 Fort York Blvd,775,M5V,Condominium,10,Spadina-Fort York
6631343,STR-2406-HSKPPY,66 Clapperton Ave,,M1L,Single/Semi-detached House,20,Scarborough Southwest
6631344,STR-2406-FPHBPQ,251 Jarvis St,915,M5B,Condominium,13,Toronto Centre
6631345,STR-2406-FPXPPQ,300 Front St W,3407,M5V,Condominium,10,Spadina-Fort York
6631346,STR-2406-HDDPPW,30 Nelson St,1508,M5V,Condominium,10,Spadina-Fort York
6631347,STR-2407-FHHBPP,101 Peter St,3801,M5V,Condominium,10,Spadina-Fort York
6631348,STR-2407-FQPBPQ,28 Linden St,101,M4Y,Condominium,13,Toronto Centre
6631349,STR-2407-GXDPPV,628 Rexdale Blvd,3,M9W,Townhouse/ Row House,1,Etobicoke North
6631350,STR-2407-JDVBPZ,550 Jarvis St,814,M4Y,Apartment,13,Toronto Centre
6631351,STR-2407-FKDPPP,1439 Dundas St E,A,M4M,Duplex/Triplex/Fourplex,14,Toronto-Danforth
6631352,STR-2407-FZRPPR,688B Midland Ave,,M1K,Single/Semi-detached House,20,Scarborough Southwest
6631353,STR-2407-HXDPPY,155 Yorkville Ave,407,M5R,Condominium,11,University-Rosedale
6631354,STR-2407-JFKPPZ,3 Violet Ave,BSMNT,M4E,Single/Semi-detached House,19,Beaches-East York
6631355,STR-2407-FTRPPQ,188 Cumberland St,1502,M5R,Condominium,11,University-Rosedale
6631356,STR-2407-GBXPPR,14 York St,408,M5J,Condominium,10,Spadina-Fort York
6631357,STR-2407-GSKPPT,73 Richmond St W,309,M5H,Apartment,10,Spadina-Fort York
6631358,STR-2407-FFLVPP,921 Palmerston Ave,,M6G,Single/Semi-detached House,11,University-Rosedale
6631359,STR-2407-HZSVPZ,422 Lake Shore Blvd W,G03,M5V,Condominium,10,Spadina-Fort York
6631360,STR-2407-GDWHPS,210 Victoria St,2010,M5B,Condominium,13,Toronto Centre
6631361,STR-2407-GFLVPS,10 Park Lawn Rd,705,M8V,Condominium,3,Etobicoke-Lakeshore
6631362,STR-2407-GVYVPV,26 Rowley Ave,,M4P,Townhouse/ Row House,15,Don Valley West
6631363,STR-2407-FQQHPQ,19 Shipman St,,M6P,Single/Semi-detached House,4,Parkdale-High Park
6631364,STR-2407-HMCHPX,10 Lochinvar Cres,,M3A,Single/Semi-detached House,16,Don Valley East
6631365,STR-2407-HVJHPY,120 Homewood Ave,903,M4Y,Condominium,13,Toronto Centre
6631366,STR-2407-JCQHPZ,639 Lawrence Ave W,105,M6A,Townhouse/ Row House,8,Eglinton-Lawrence
6631367,STR-2407-JDFVPZ,60 Colborne St,504,M5E,Condominium,13,Toronto Centre
6631368,STR-2407-FRWHPQ,1 Crescentwood Rd,,M1N,Single/Semi-detached House,20,Scarborough Southwest
6631369,STR-2407-HGCHPW,165 Legion Rd N,2331,M8Y,Condominium,3,Etobicoke-Lakeshore
6631370,STR-2407-FSLVPQ,955 Bay St,316,M5S,Condominium,13,Toronto Centre
6631371,STR-2407-JGCHPZ,231 Fort York Blvd,431,M5V,Condominium,10,Spadina-Fort York
6631372,STR-2407-GBYVPR,21 Iceboat Ter,4912,M5V,Condominium,10,Spadina-Fort York
6631373,STR-2407-GKFVPS,5 Saywell Ave,,M3J,Single/Semi-detached House,7,Humber River-Black Creek
6631374,STR-2407-GZSVPV,215 Fort York Blvd,2311,M5V,Condominium,10,Spadina-Fort York
6631375,STR-2407-FMDPPQ,33 Vanguard Dr,,M9B,Single/Semi-detached House,2,Etobicoke Centre
6631376,STR-2407-HRXPPY,10 Drummond St,506,M8V,Townhouse/ Row House,3,Etobicoke-Lakeshore
6631377,STR-2407-HZDPPZ,298 Highfield Rd,,M4L,Single/Semi-detached House,14,Toronto-Danforth
6631378,STR-2407-FFPBPP,568 Caledonia Rd,,M6E,Single/Semi-detached House,9,Davenport
6631379,STR-2407-FWBBPR,341 Cosburn Ave,,M4J,Single/Semi-detached House,14,Toronto-Danforth
6631380,STR-2407-HDHBPW,477 Richmond St W,808,M5V,Condominium,10,Spadina-Fort York
6631381,STR-2407-HKHBPX,3 Mansion Ave,,M1L,Single/Semi-detached House,20,Scarborough Southwest
6631382,STR-2407-FGDPPP,151 Dan Leckie Way,606,M5V,Condominium,10,Spadina-Fort York
6631383,STR-2407-FWRPPR,251 Jarvis St,615,M5B,Condominium,13,Toronto Centre
6631384,STR-2407-JBKPPZ,215 Monarch Park Ave,,M4J,Single/Semi-detached House,14,Toronto-Danforth
6631385,STR-2407-FGVBPP,2 Eva Rd,1130,M9C,Condominium,2,Etobicoke Centre
6631386,STR-2407-FHKPPP,30 Muriel Ave,,M4J,Single/Semi-detached House,14,Toronto-Danforth
6631387,STR-2407-GGDPPS,245 Carlaw Ave,305,M4M,Condominium,14,Toronto-Danforth
6631388,STR-2407-FYPBPR,105 George St,1608,M5A,Condominium,13,Toronto Centre
6631389,STR-2407-GQBBPT,560 Front St W,1130,M5V,Condominium,10,Spadina-Fort York
6631390,STR-2407-FRXPPQ,65 Bremner Blvd,1111,M5J,Condominium,10,Spadina-Fort York
6631391,STR-2407-GHKPPS,2 Eva Rd,1028,M9C,Condominium,2,Etobicoke Centre
6631392,STR-2407-HQBBPX,62 Mooreshead Dr,,M9C,Single/Semi-detached House,2,Etobicoke Centre
6631393,STR-2407-FTDPPQ,15 Foxley St,,M6J,Townhouse/ Row House,10,Spadina-Fort York
6631394,STR-2407-GZDPPV,251 Jarvis St,219,M5B,Condominium,13,Toronto Centre
6631395,STR-2407-JGDPPZ,8 Tynevale Dr,,M9R,Single/Semi-detached House,2,Etobicoke Centre
6631396,STR-2407-FTVBPQ,210 Victoria St,2812,M5B,Condominium,13,Toronto Centre
6631397,STR-2407-GKHBPS,543C Parliament St,,M4X,Townhouse/ Row House,13,Toronto Centre
6631398,STR-2407-GZVBPV,21 Iceboat Ter,4306,M5V,Condominium,10,Spadina-Fort York
6631399,STR-2407-HJBBPW,34 Bond Ave,,M3B,Townhouse/ Row House,16,Don Valley East
6631400,STR-2407-HRYVPY,101 Peter St,2106,M5V,Condominium,10,Spadina-Fort York
6631401,STR-2407-HZFVPZ,105 George St,1801,M5A,Condominium,13,Toronto Centre
6631402,STR-2407-FWCHPR,439 Parliament St,201,M5A,Apartment,13,Toronto Centre
6631403,STR-2407-HZWHPZ,20 Joe Shuster Way,807,M6K,Condominium,10,Spadina-Fort York
6631404,STR-2407-FGFVPP,62 Jeremiah Lane,,M1J,Townhouse/ Row House,24,Scarborough-Guildwood
6631405,STR-2407-GMFVPT,1201 Dovercourt Rd,,M6H,Single/Semi-detached House,9,Davenport
6631406,STR-2407-HCSVPW,151 Dan Leckie Way,316,M5V,Condominium,10,Spadina-Fort York
6631407,STR-2407-JBLVPZ,10 Capreol Crt,1102,M5V,Condominium,10,Spadina-Fort York
6631408,STR-2407-FXJHPR,80 Harrison Garden Blvd,1728,M2N,Condominium,18,Willowdale
6631409,STR-2407-GWCHPV,6 Eva Rd,305,M9C,Condominium,2,Etobicoke Centre
6631410,STR-2407-HLQHPX,26 Fairview Blvd,,M4K,Single/Semi-detached House,14,Toronto-Danforth
6631411,STR-2407-FQSVPQ,135 Lower Sherbourne St,1064,M5A,Apartment,13,Toronto Centre
6631412,STR-2407-FXYVPR,20 John St,619,M5V,Condominium,10,Spadina-Fort York
6631413,STR-2407-GWSVPV,54 Garnock Ave,,M4K,Single/Semi-detached House,14,Toronto-Danforth
6631414,STR-2407-FRJHPQ,110 Gristone Cres,,M1X,Townhouse/ Row House,25,Scarborough-Rouge Park
6631415,STR-2407-GGWHPS,18 Yonge St,2401,M5E,Condominium,10,Spadina-Fort York
6631416,STR-2407-JDJHPZ,173 Caribou Rd,,M5N,Single/Semi-detached House,8,Eglinton-Lawrence
6631417,STR-2407-FJSVPP,72 Eaton Ave,,M4J,Single/Semi-detached House,14,Toronto-Danforth
6631418,STR-2407-FZFVPR,151 Dan Leckie Way,749,M5V,Condominium,10,Spadina-Fort York
6631419,STR-2407-GHLVPS,55 Bremner Blvd,2307,M5J,Condominium,10,Spadina-Fort York
6631420,STR-2407-GXYVPV,6 Harbourview Cres,,M8V,Townhouse/ Row House,3,Etobicoke-Lakeshore
6631421,STR-2407-FKJHPP,248 Torresdale Ave,,M2R,Single/Semi-detached House,6,York Centre
6631422,STR-2407-GJCHPS,155 Yorkville Ave,2220,M5R,Condominium,11,University-Rosedale
6631423,STR-2407-GYQHPV,30 Nelson St,3406,M5V,Condominium,10,Spadina-Fort York
6631424,STR-2407-FTFVPQ,16 Yonge St,3311,M5E,Condominium,10,Spadina-Fort York
6631425,STR-2407-HQSVPX,101 Peter St,2202,M5V,Condominium,10,Spadina-Fort York
6631426,STR-2407-JGFVPZ,832 Bay St,2603,M5S,Condominium,11,University-Rosedale
6631427,STR-2407-GKJHPS,454 Montrose Ave,1,M6G,Single/Semi-detached House,11,University-Rosedale
6631428,STR-2407-FFBBPP,12 York St,5704,M5J,Condominium,10,Spadina-Fort York
6631429,STR-2407-FMHBPQ,15 Carey Rd,,M4S,Single/Semi-detached House,12,Toronto-St. Paul's
6631430,STR-2407-GTHBPV,360 Runnymede Rd,Lower,M6S,Single/Semi-detached House,4,Parkdale-High Park
6631431,STR-2407-HJVBPX,65 Bremner Blvd,2102,M5J,Condominium,10,Spadina-Fort York
6631432,STR-2407-HSBBPY,784 Logan Ave,,M4K,Single/Semi-detached House,14,Toronto-Danforth
6631433,STR-2407-FWDPPR,18 Yonge St,2802,M5E,Condominium,10,Spadina-Fort York
6631434,STR-2407-GDKPPS,300 Front St W,209,M5V,Condominium,10,Spadina-Fort York
6631435,STR-2407-HLBBPX,56 Pleasant Ave,,M2M,Single/Semi-detached House,18,Willowdale
6631436,STR-2407-HTHBPY,25 Kimberley Ave,,M4E,Single/Semi-detached House,19,Beaches-East York
6631437,STR-2407-GMXPPT,1557 Midland Ave,,M1P,Townhouse/ Row House,21,Scarborough Centre
6631438,STR-2407-JCDPPZ,30 Shore Breeze Dr,334,M8V,Condominium,3,Etobicoke-Lakeshore
6631439,STR-2407-FQVBPQ,273 Glengrove Ave W,,M5N,Single/Semi-detached House,8,Eglinton-Lawrence
6631440,STR-2407-FYBBPR,500 Doris Ave,2424,M2N,Condominium,18,Willowdale
6631441,STR-2407-JCVBPZ,196 Weston Rd,,M6N,Single/Semi-detached House,5,York South-Weston
6631442,STR-2407-FYRPPR,101 Peter St,3603,M5V,Condominium,10,Spadina-Fort York
6631443,STR-2407-GQDPPT,155 Yorkville Ave,2806,M5R,Condominium,11,University-Rosedale
6631444,STR-2407-HFRPPW,251 Jarvis St,4410,M5B,Apartment,13,Toronto Centre
6631445,STR-2407-HGHBPW,3183 Bathurst St,Unit 1A,M6A,Apartment,8,Eglinton-Lawrence
6631446,STR-2407-HWVBPY,504 Donlands Ave,,M4J,Single/Semi-detached House,14,Toronto-Danforth
6631447,STR-2407-FSRPPQ,12 York St,811,M5J,Condominium,10,Spadina-Fort York
6631448,STR-2407-FZXPPR,251 Jarvis St,4711,M5B,Condominium,13,Toronto Centre
6631449,STR-2407-GJDPPS,565 Palmerston Ave,,M6G,Single/Semi-detached House,11,University-Rosedale
6631450,STR-2407-GRKPPT,55 Bremner Blvd,3406,M5J,Condominium,10,Spadina-Fort York
6631451,STR-2407-JFRPPZ,101 Peter St,1017,M5V,Condominium,10,Spadina-Fort York
6631452,STR-2407-HQVBPX,101 Peter St,1209,M5V,Condominium,10,Spadina-Fort York
6631453,STR-2407-HYBBPY,222 The Esplanade,202,M5A,Condominium,13,Toronto Centre
6631454,STR-2407-JGHBPZ,12 York St,5103,M5J,Condominium,10,Spadina-Fort York
6631455,STR-2407-FLRPPP,155 Yorkville Ave,2603,M5R,Condominium,11,University-Rosedale
6631456,STR-2407-GCDPPR,2 Anndale Dr,2906,M2N,Condominium,18,Willowdale
6631457,STR-2407-HSCHPY,151 Dan Leckie Way,1210,M5V,Condominium,10,Spadina-Fort York
6631458,STR-2407-HCFVPW,125 Huron St,,M5T,Single/Semi-detached House,11,University-Rosedale
6631459,STR-2407-GMJHPT,14 Ashdale Ave,A,M4L,Duplex/Triplex/Fourplex,14,Toronto-Danforth
6631460,STR-2407-HCWHPW,553 Shaw St,1,M6G,Duplex/Triplex/Fourplex,11,University-Rosedale
6631461,STR-2407-GFSVPS,7 Mitchell Ave,,M6J,Townhouse/ Row House,10,Spadina-Fort York
6631462,STR-2407-HLSVPX,65 Bremner Blvd,3508,M5J,Condominium,10,Spadina-Fort York
6631463,STR-2407-HTYVPY,210 Victoria St,3405,M5B,Condominium,13,Toronto Centre
6631464,STR-2407-FYCHPR,478 Brock Ave,2,M6H,Duplex/Triplex/Fourplex,9,Davenport
6631465,STR-2407-GWWHPV,8 Widmer St,3911,M5V,Condominium,10,Spadina-Fort York
6631466,STR-2407-HFCHPW,492 Lansdowne Ave,Upper,M6H,Duplex/Triplex/Fourplex,9,Davenport
6631467,STR-2407-GGYVPS,14 York St,3109,M5J,Condominium,10,Spadina-Fort York
6631468,STR-2407-HMYVPX,59 Ridware Cres,,M1C,Single/Semi-detached House,25,Scarborough-Rouge Park
6631469,STR-2407-GYCHPV,151 Dan Leckie Way,856,M5V,Condominium,10,Spadina-Fort York
6631470,STR-2407-HPQHPX,151 Dan Leckie Way,957,M5V,Condominium,10,Spadina-Fort York
6631471,STR-2407-FKLVPP,213 Osler St,B,M6N,Townhouse/ Row House,9,Davenport
6631472,STR-2407-GYSVPV,300 Front St W,3507,M5V,Apartment,10,Spadina-Fort York
6631473,STR-2407-FTJHPQ,55 Bremner Blvd,2602,M5J,Condominium,10,Spadina-Fort York
6631474,STR-2407-GBQHPR,300 Front St W,3613,M5V,Condominium,10,Spadina-Fort York
6631475,STR-2407-HYCHPY,14 York St,1206,M5J,Condominium,10,Spadina-Fort York
6631476,STR-2407-JGJHPZ,300 Front St W,3802,M5V,Condominium,10,Spadina-Fort York
6631477,STR-2407-GCFVPR,14 York St,2404,M5J,Condominium,10,Spadina-Fort York
6631478,STR-2407-HRLVPX,21 Iceboat Ter,3901,M5V,Condominium,10,Spadina-Fort York
6631479,STR-2407-JGYVPZ,2 Eva Rd,1326,M9C,Condominium,2,Etobicoke Centre
6631480,STR-2407-FLVFBQ,155 Yorkville Ave,2020,M5R,Condominium,11,University-Rosedale
6631481,STR-2407-FVBFBR,30 Nelson St,3109,M5V,Condominium,10,Spadina-Fort York
6631482,STR-2407-GCHFBS,195 Soudan Ave,,M4S,Single/Semi-detached House,12,Toronto-St. Paul's
6631483,STR-2407-HBBFBW,5 Leonard Ave,A,M5T,Duplex/Triplex/Fourplex,11,University-Rosedale
6631484,STR-2407-HRPFBY,109 Logan Ave,,M4M,Townhouse/ Row House,14,Toronto-Danforth
6631485,STR-2407-GVBFBV,800 King St W,617,M5V,Condominium,10,Spadina-Fort York
6631486,STR-2407-FHBFBP,21 Iceboat Ter,326,M5V,Condominium,10,Spadina-Fort York
6631487,STR-2407-FQHFBQ,73 Joseph Griffith Lane,,M3L,Townhouse/ Row House,7,Humber River-Black Creek
6631488,STR-2407-GPBFBT,98 Lillian St,215,M4S,Condominium,12,Toronto-St. Paul's
6631489,STR-2408-HVBFBY,312 Queen St E,2,M5A,Townhouse/ Row House,13,Toronto Centre
6631490,STR-2408-GPRSBT,69 Emerson Ave,,M6H,Single/Semi-detached House,9,Davenport
6631491,STR-2408-GQHFBT,174R Indian Grv,,M6P,Duplex/Triplex/Fourplex,4,Parkdale-High Park
6631492,STR-2408-GXPFBV,25 Brimstone Cres,,M1V,Single/Semi-detached House,23,Scarborough North
6631493,STR-2408-FZKSBR,65 Bremner Blvd,3209,M5J,Condominium,10,Spadina-Fort York
6631494,STR-2408-HWXSBY,512 Bathurst St,3,M5S,Duplex/Triplex/Fourplex,11,University-Rosedale
6631495,STR-2408-FKPFBP,205 Prince Edward Dr S,,M8Y,Single/Semi-detached House,3,Etobicoke-Lakeshore
6631496,STR-2408-FSVFBQ,10 Hamstead Ave,BSMT,M4C,Single/Semi-detached House,19,Beaches-East York
6631497,STR-2408-GYVFBV,8 Widmer St,2815,M5V,Condominium,10,Spadina-Fort York
6631498,STR-2408-FTKSBQ,65 Bremner Blvd,3505,M5J,Condominium,10,Spadina-Fort York
6631499,STR-2408-HHRSBW,596 McRoberts Ave,,M6E,Single/Semi-detached House,9,Davenport
6631500,STR-2408-GKQLBT,173 Fern Ave,,M6R,Single/Semi-detached House,4,Parkdale-High Park
6631501,STR-2408-HRQLBY,54 Shirley St,,M6K,Townhouse/ Row House,9,Davenport
6631502,STR-2408-HYWLBZ,121 Manor Rd E,1,M4S,Duplex/Triplex/Fourplex,12,Toronto-St. Paul's
6631503,STR-2408-FMLYBQ,30 Farningham Cres,,M9B,Single/Semi-detached House,2,Etobicoke Centre
6631504,STR-2408-HBSYBW,180 Niagara St,504,M5V,Apartment,10,Spadina-Fort York
6631505,STR-2408-HSFYBY,40 Cadillac Ave,,M3H,Single/Semi-detached House,6,York Centre
6631506,STR-2408-HZLYBZ,14 York St,5805,M5J,Condominium,10,Spadina-Fort York
6631507,STR-2408-FPCLBQ,70 Crockamhill Dr,60,M1S,Townhouse/ Row House,23,Scarborough North
6631508,STR-2408-HKQLBX,65 Miller St,,M6N,Single/Semi-detached House,9,Davenport
6631509,STR-2408-HSWLBY,105 George St,410,M5A,Condominium,13,Toronto Centre
6631510,STR-2408-HCYYBW,2 Allegrezza Crt,A,M6A,Single/Semi-detached House,8,Eglinton-Lawrence
6631511,STR-2408-JBSYBZ,300 Front St W,2211,M5V,Condominium,10,Spadina-Fort York
6631512,STR-2408-GPCLBT,251 Jarvis St,1919,M5B,Condominium,13,Toronto Centre
6631513,STR-2408-HLWLBX,348 Brunswick Ave,1,M5R,Single/Semi-detached House,11,University-Rosedale
6631514,STR-2408-FQYYBQ,300 Front St W,3608,M5V,Condominium,10,Spadina-Fort York
6631515,STR-2408-GPSYBT,165 Legion Rd N,2526,M8Y,Condominium,3,Etobicoke-Lakeshore
6631516,STR-2408-HFFYBW,30 Nelson St,2402,M5V,Condominium,10,Spadina-Fort York
6631517,STR-2408-GHCLBS,30 Langford Ave,,M4J,Single/Semi-detached House,14,Toronto-Danforth
6631518,STR-2408-GXQLBV,39 Finchurst Dr,,M2R,Single/Semi-detached House,18,Willowdale
6631519,STR-2408-FSFYBQ,30 Nelson St,1202,M5V,Condominium,10,Spadina-Fort York
6631520,STR-2408-GHSYBS,300 Front St W,510,M5V,Condominium,10,Spadina-Fort York
6631521,STR-2408-GQYYBT,101 Peter St,1711,M5V,Condominium,10,Spadina-Fort York
6631522,STR-2408-GYFYBV,24 Dunsmore Gdns,,M3H,Single/Semi-detached House,6,York Centre
6631523,STR-2408-HWYYBY,88 Carr St,12,M5T,Townhouse/ Row House,10,Spadina-Fort York
6631524,STR-2408-JFFYBZ,5 Sheppard Ave E,3626,M2N,Condominium,18,Willowdale
6631525,STR-2408-HXQLBY,100 Harrison Garden Blvd,1124,M2N,Condominium,18,Willowdale
6631526,STR-2408-GBSYBR,14 York St,6107,M5J,Condominium,10,Spadina-Fort York
6631527,STR-2408-GSFYBT,40 Heathview Ave,,M2K,Single/Semi-detached House,17,Don Valley North
6631528,STR-2408-GSXSBV,356 Lippincott St,,M5S,Single/Semi-detached House,11,University-Rosedale
6631529,STR-2408-HYXSBZ,102 Bartley Dr,,M4A,Townhouse/ Row House,16,Don Valley East
6631530,STR-2408-GDBFBS,41 Glentworth Rd,,M2J,Single/Semi-detached House,17,Don Valley North
6631531,STR-2408-HKBFBX,16 Pepler Ave,,M4J,Single/Semi-detached House,14,Toronto-Danforth
6631532,STR-2408-FWKSBR,111 Blythwood Rd,,M4N,Single/Semi-detached House,15,Don Valley West
6631533,STR-2408-GLXSBT,1239 Dundas St W,508,M6J,Condominium,10,Spadina-Fort York
6631534,STR-2408-HCKSBW,119 Horsham Ave,,M2N,Single/Semi-detached House,18,Willowdale
6631535,STR-2408-HKRSBX,165 Betty Ann Dr,,M2N,Single/Semi-detached House,18,Willowdale
6631536,STR-2408-FXBFBR,25 Perth Ave,,M6R,Townhouse/ Row House,9,Davenport
6631537,STR-2408-HDBFBW,171 Munro St,,M4M,Single/Semi-detached House,14,Toronto-Danforth
6631538,STR-2408-JBVFBZ,265 Apache Trl,Main,M2H,Single/Semi-detached House,17,Don Valley North
6631539,STR-2408-GPDSBT,69 Hewitt Ave,,M6R,Single/Semi-detached House,4,Parkdale-High Park
6631540,STR-2408-HVDSBY,30 Nelson St,906,M5V,Condominium,10,Spadina-Fort York
6631541,STR-2408-JCKSBZ,20 Blue Jays Way,318,M5V,Condominium,10,Spadina-Fort York
6631542,STR-2408-GGPFBS,15 Cummings St,1,M4M,Townhouse/ Row House,14,Toronto-Danforth
6631543,STR-2408-GXBFBV,231 Fort York Blvd,2406,M5V,Condominium,10,Spadina-Fort York
6631544,STR-2408-HVVFBY,30 Shore Breeze Dr,527,M8V,Condominium,3,Etobicoke-Lakeshore
6631545,STR-2408-JDBFBZ,30 Nelson St,3503,M5V,Condominium,10,Spadina-Fort York
6631546,STR-2408-JDRSBZ,209 Fort York Blvd,663,M5V,Condominium,10,Spadina-Fort York
6631547,STR-2408-GRBFBT,21 Iceboat Ter,2906,M5V,Condominium,10,Spadina-Fort York
6631548,STR-2408-HPVFBX,9 Spruce Hill Rd,,M4E,Single/Semi-detached House,19,Beaches-East York
6631549,STR-2408-GBDSBR,12 Smith Cres,,M8Z,Single/Semi-detached House,3,Etobicoke-Lakeshore
6631550,STR-2408-GJKSBS,560 Front St W,629,M5V,Condominium,10,Spadina-Fort York
6631551,STR-2408-GYXSBV,210 Victoria St,3506,M5B,Condominium,13,Toronto Centre
6631552,STR-2408-HQKSBX,114 Brandon Ave,,M6H,Single/Semi-detached House,9,Davenport
6631553,STR-2408-HRBFBX,210 Victoria St,816,M5B,Condominium,13,Toronto Centre
6631554,STR-2408-HYHFBY,14 York St,6501,M5J,Condominium,10,Spadina-Fort York
6631555,STR-2408-JGPFBZ,114 Dovercourt Rd,,M6J,Single/Semi-detached House,9,Davenport
6631556,STR-2408-FFJLBP,588 Indian Grv,,M6P,Townhouse/ Row House,4,Parkdale-High Park
6631557,STR-2408-FMQLBQ,21 Iceboat Ter,2806,M5V,Condominium,10,Spadina-Fort York
6631558,STR-2408-GTQLBV,55 Raeburn Ave,,M3H,Single/Semi-detached House,6,York Centre
6631559,STR-2408-FPWLBQ,98 Lillian St,421,M4S,Condominium,12,Toronto-St. Paul's
6631560,STR-2408-GFJLBS,270 Wellington St W,704,M5V,Condominium,10,Spadina-Fort York
6631561,STR-2408-FHFYBP,206 De Grassi St,,M4M,Townhouse/ Row House,14,Toronto-Danforth
6631562,STR-2408-FQLYBQ,251 Jarvis St,826,M5B,Condominium,13,Toronto Centre
6631563,STR-2408-GPFYBT,832 Bay St,1109,M5S,Condominium,11,University-Rosedale
6631564,STR-2408-GWLYBV,9 Stafford Rd,,M2R,Single/Semi-detached House,18,Willowdale
6631565,STR-2408-HDSYBW,151 Dan Leckie Way,639,M5V,Condominium,10,Spadina-Fort York
6631566,STR-2408-JCLYBZ,219 Fort York Blvd,3207,M5V,Condominium,10,Spadina-Fort York
6631567,STR-2505-HTWVPY,3 Delbert Dr,,M1P,Single/Semi-detached House,21,Scarborough Centre
6631568,STR-2408-GGQLBS,96 Fort York Blvd,G01,M5V,Condominium,10,Spadina-Fort York
6631569,STR-2408-GPWLBT,12 Dearbourne Ave,,M4K,Single/Semi-detached House,14,Toronto-Danforth
6631570,STR-2408-JDCLBZ,34 Western Battery Rd,411,M6K,Condominium,10,Spadina-Fort York
6631571,STR-2408-FYYYBR,383 Concord Ave,,M6H,Single/Semi-detached House,9,Davenport
6631572,STR-2408-FZQLBR,251 Jarvis St,5007,M5B,Condominium,13,Toronto Centre
6631573,STR-2408-GYJLBV,300 Front St W,2711,M5V,Condominium,10,Spadina-Fort York
6631574,STR-2408-HGQLBW,14 Gramercy Sq,,M1X,Single/Semi-detached House,25,Scarborough-Rouge Park
6631575,STR-2408-HPWLBX,21 Iceboat Ter,4003,M5V,Condominium,10,Spadina-Fort York
6631576,STR-2408-GBFYBR,246 Armour Blvd,,M3H,Single/Semi-detached House,6,York Centre
6631577,STR-2408-GRSYBT,210 Victoria St,2510,M5B,Condominium,13,Toronto Centre
6631578,STR-2408-HHFYBW,10 Capreol Crt,2009,M5V,Condominium,10,Spadina-Fort York
6631579,STR-2408-JFYYBZ,105 George St,1611,M5A,Condominium,13,Toronto Centre
6631580,STR-2408-FLJLBP,219 Fort York Blvd,2706,M5V,Condominium,10,Spadina-Fort York
6631581,STR-2408-FTQLBQ,84 Ashburnham Rd,,M6H,Single/Semi-detached House,9,Davenport
6631582,STR-2408-GZQLBV,65 Bremner Blvd,4302,M5J,Condominium,10,Spadina-Fort York
6631583,STR-2408-HJPFBX,53 Sixteenth St,,M8V,Single/Semi-detached House,3,Etobicoke-Lakeshore
6631584,STR-2408-HRVFBY,32 Westwood Ave,,M4K,Single/Semi-detached House,14,Toronto-Danforth
6631585,STR-2408-GDDSBS,63 Cameron St,1,M5T,Townhouse/ Row House,10,Spadina-Fort York
6631586,STR-2408-HBXSBW,300 Front St W,4302,M5V,Condominium,10,Spadina-Fort York
6631587,STR-2408-FGBFBP,1 Ruttan St,213,M6P,Condominium,9,Davenport
6631588,STR-2408-FPXSBQ,151 Dan Leckie Way,739,M5V,Condominium,10,Spadina-Fort York
6631589,STR-2408-FXDSBR,20 John St,1118,M5V,Apartment,10,Spadina-Fort York
6631590,STR-2408-GVXSBV,300 Front St W,1410,M5V,Condominium,10,Spadina-Fort York
6631591,STR-2408-HDDSBW,101 Peter St,507,M5V,Condominium,10,Spadina-Fort York
6631592,STR-2408-HLKSBX,151 Dan Leckie Way,1901,M5V,Condominium,10,Spadina-Fort York
6631593,STR-2408-HTRSBY,209 Fort York Blvd,578,M5V,Condominium,10,Spadina-Fort York
6631594,STR-2408-HDVFBW,54 Cowan Ave,4,M6K,Duplex/Triplex/Fourplex,4,Parkdale-High Park
6631595,STR-2408-FHXSBP,61 Redwood Ave,,M4L,Single/Semi-detached House,14,Toronto-Danforth
6631596,STR-2408-FYKSBR,65 Bremner Blvd,2209,M5J,Condominium,10,Spadina-Fort York
6631597,STR-2408-GXDSBV,65 Bremner Blvd,4102,M5J,Condominium,10,Spadina-Fort York
6631598,STR-2408-GHHFBS,7 Daniel Cozens Crt,BSMNT,M2R,Single/Semi-detached House,18,Willowdale
6631599,STR-2408-HWPFBY,560 Front St W,PH 24,M5V,Condominium,10,Spadina-Fort York
6631600,STR-2408-JDVFBZ,105 George St,311,M5A,Condominium,13,Toronto Centre
6631601,STR-2408-FKDSBP,1195 The Queensway,317,M8Z,Condominium,3,Etobicoke-Lakeshore
6631602,STR-2408-FZRSBR,88 Sheppard Ave E,1903,M2N,Condominium,18,Willowdale
6631603,STR-2408-GHXSBS,112H Morse St,,M4M,Townhouse/ Row House,14,Toronto-Danforth
6631604,STR-2408-HHHFBW,38 Elm St,2910,M5G,Condominium,11,University-Rosedale
6631605,STR-2408-HHXSBW,215 Fort York Blvd,2201,M5V,Condominium,10,Spadina-Fort York
6631606,STR-2408-FVJLBR,560 Front St W,513,M5V,Condominium,10,Spadina-Fort York
6631607,STR-2408-GTCLBV,1108 Bloor St W,2,M6H,Apartment,9,Davenport
6631608,STR-2408-HBJLBW,54 Cameron Ave,3,M6M,Apartment,5,York South-Weston
6631609,STR-2408-FFLYBP,750 Bay St,807,M5G,Condominium,11,University-Rosedale
6631610,STR-2409-FGVFBP,1214 Shaw St,,M6G,Single/Semi-detached House,12,Toronto-St. Paul's
6631611,STR-2408-HSLYBY,11 Wild Rose Gdns,,M6L,Single/Semi-detached House,5,York South-Weston
6631612,STR-2408-FPJLBQ,409 Strathmore Blvd,,M4C,Single/Semi-detached House,19,Beaches-East York
6631613,STR-2408-GVJLBV,800 King St W,217,M5V,Condominium,10,Spadina-Fort York
6631614,STR-2505-JCCVPZ,235 Markham St,1,M6J,Single/Semi-detached House,11,University-Rosedale
6631615,STR-2408-HKWLBX,44 Northey Dr,Main,M2L,Single/Semi-detached House,15,Don Valley West
6631616,STR-2408-JBJLBZ,209 Fort York Blvd,165,M5V,Condominium,10,Spadina-Fort York
6631617,STR-2408-FPYYBQ,15 Valiant Rd,,M8X,Single/Semi-detached House,3,Etobicoke-Lakeshore
6631618,STR-2408-GFLYBS,50 Euclid Ave,,M6J,Single/Semi-detached House,10,Spadina-Fort York
6631619,STR-2408-GVYYBV,506 Bathurst St,2,M5S,Duplex/Triplex/Fourplex,11,University-Rosedale
6631620,STR-2408-HDFYBW,251 Jarvis St,3508,M5B,Condominium,13,Toronto Centre
6631621,STR-2408-HTSYBY,715 Lawrence Ave W,26,M6A,Condominium,8,Eglinton-Lawrence
6631622,STR-2408-FHJLBP,396 Winona Dr,Upper,M6C,Single/Semi-detached House,9,Davenport
6631623,STR-2408-HDWLBW,500 Sherbourne St,3403,M4X,Condominium,13,Toronto Centre
6631624,STR-2408-HMCLBX,37 Coppermill Dr,,M9W,Single/Semi-detached House,1,Etobicoke North
6631625,STR-2408-HVJLBY,112 George St,537,M5A,Condominium,13,Toronto Centre
6631626,STR-2408-FHYYBP,512 Bathurst St,4,M5S,Duplex/Triplex/Fourplex,11,University-Rosedale
6631627,STR-2408-FRFYBQ,54 Robert St,,M5S,Single/Semi-detached House,11,University-Rosedale
6631628,STR-2408-FYLYBR,12 York St,4305,M5J,Condominium,10,Spadina-Fort York
6631629,STR-2408-FJQLBP,95 Northern Dancer Blvd,,M4L,Single/Semi-detached House,19,Beaches-East York
6631630,STR-2408-FZCLBR,713 The Queensway,A,M8Y,Apartment,3,Etobicoke-Lakeshore
6631631,STR-2408-GQQLBT,151 Dan Leckie Way,1905,M5V,Condominium,10,Spadina-Fort York
6631632,STR-2408-GXWLBV,50 Corby Ave,,M6E,Single/Semi-detached House,9,Davenport
6631633,STR-2408-HGCLBW,1 Dundee Dr,,M3J,Single/Semi-detached House,7,Humber River-Black Creek
6631634,STR-2408-GHYYBS,355 Riverdale Ave,,M4J,Single/Semi-detached House,14,Toronto-Danforth
6631635,STR-2408-GRFYBT,740 Kennedy Rd,45,M1K,Townhouse/ Row House,20,Scarborough Southwest
6631636,STR-2408-GYLYBV,2119 Lake Shore Blvd W,907,M8V,Condominium,3,Etobicoke-Lakeshore
6631637,STR-2408-GRWLBT,300 Front St W,3307,M5V,Condominium,10,Spadina-Fort York
6631638,STR-2408-HHJLBW,912 Dundas St E,1,M4M,Duplex/Triplex/Fourplex,14,Toronto-Danforth
6631639,STR-2408-HQQLBX,139 Poplar Rd,Garden Suite,M1E,Single/Semi-detached House,24,Scarborough-Guildwood
6631640,STR-2408-GBYYBR,101 Peter St,3512,M5V,Condominium,10,Spadina-Fort York
6631641,STR-2408-GSLYBT,95 Nipigon Ave,,M2M,Single/Semi-detached House,18,Willowdale
6631642,STR-2408-FDXSBP,12 York St,4107,M5J,Condominium,10,Spadina-Fort York
6631643,STR-2408-FMDSBQ,219 Fort York Blvd,614,M5V,Condominium,10,Spadina-Fort York
6631644,STR-2408-FVKSBR,151 Dan Leckie Way,249,M5V,Condominium,10,Spadina-Fort York
6631645,STR-2409-GLPFBT,170 Fairlawn Ave,,M5M,Single/Semi-detached House,8,Eglinton-Lawrence
6631646,STR-2409-HKHFBX,219 Fort York Blvd,2307,M5V,Condominium,10,Spadina-Fort York
6631647,STR-2409-HSPFBY,199 Richmond St W,722,M5V,Condominium,10,Spadina-Fort York
6631648,STR-2409-FWRSBR,155 Yorkville Ave,1610,M5R,Condominium,11,University-Rosedale
6631649,STR-2506-GVCYBV,1590 Eglinton Ave W,Upper,M6E,Townhouse/ Row House,8,Eglinton-Lawrence
6631650,STR-2409-HKXSBX,14 Chelway Rd,,M1J,Single/Semi-detached House,24,Scarborough-Guildwood
6631651,STR-2409-JBKSBZ,14 Ravenrock Crt,,M3A,Single/Semi-detached House,16,Don Valley East
6631652,STR-2409-HLPFBX,18 Maitland Ter,1709,M4Y,Condominium,13,Toronto Centre
6631653,STR-2409-HTVFBY,155 Yorkville Ave,2003,M5R,Condominium,11,University-Rosedale
6631654,STR-2409-JCBFBZ,22 Earlthorpe Cres,,M1H,Single/Semi-detached House,24,Scarborough-Guildwood
6631655,STR-2409-HVKSBY,92 Olive Ave,,M6G,Single/Semi-detached House,11,University-Rosedale
6631656,STR-2409-HWBFBY,467 Renforth Dr,,M9C,Single/Semi-detached House,2,Etobicoke Centre
6631657,STR-2409-JDHFBZ,10 Capreol Crt,2005,M5V,Condominium,10,Spadina-Fort York
6631658,STR-2409-FRXSBQ,30 Nelson St,2802,M5V,Condominium,10,Spadina-Fort York
6631659,STR-2409-GQRSBT,143 Lake Cres,,M8V,Single/Semi-detached House,3,Etobicoke-Lakeshore
6631660,STR-2409-GXXSBV,5 Leonard Ave,C,M5T,Duplex/Triplex/Fourplex,11,University-Rosedale
6631661,STR-2409-HGVFBW,18 Yonge St,3006,M5E,Condominium,10,Spadina-Fort York
6631662,STR-2409-FTDSBQ,2789 Eglinton Ave E,409,M1J,Condominium,20,Scarborough Southwest
6631663,STR-2409-GRXSBT,115 St Leonard's Ave,,M4N,Single/Semi-detached House,15,Don Valley West
6631664,STR-2409-GZDSBV,1359 Neilson Rd,56,M1B,Townhouse/ Row House,25,Scarborough-Rouge Park
6631665,STR-2409-FLPFBP,14 York St,4404,M5J,Condominium,10,Spadina-Fort York
6631666,STR-2409-FTVFBQ,21 Iceboat Ter,1908,M5V,Condominium,10,Spadina-Fort York
6631667,STR-2409-GCBFBR,219 Fort York Blvd,3208,M5V,Condominium,10,Spadina-Fort York
6631668,STR-2409-HJBFBW,636 Rhodes Ave,,M4J,Single/Semi-detached House,14,Toronto-Danforth
6631669,STR-2409-HRHFBX,14 York St,2406,M5J,Condominium,10,Spadina-Fort York
6631670,STR-2409-FMFYBQ,832 Bay St,1202,M5S,Condominium,11,University-Rosedale
6631671,STR-2409-FMWLBQ,251 Jarvis St,508,M5B,Condominium,13,Toronto Centre
6631672,STR-2409-FWCLBR,22 Goldwin Ave,,M6M,Single/Semi-detached House,5,York South-Weston
6631673,STR-2409-GDJLBS,955 Bay St,2017,M5S,Condominium,13,Toronto Centre
6631674,STR-2409-HCCLBW,39 Wiley Ave,,M4J,Single/Semi-detached House,14,Toronto-Danforth
6631675,STR-2409-JBLYBZ,10 Capreol Crt,330,M5V,Condominium,10,Spadina-Fort York
6631676,STR-2409-FXJLBR,15 Wildflower Way,,M1E,Single/Semi-detached House,25,Scarborough-Rouge Park
6631677,STR-2409-GFQLBS,21 Iceboat Ter,1711,M5V,Condominium,10,Spadina-Fort York
6631678,STR-2409-FQSYBQ,115 Roxborough St W,,M5R,Single/Semi-detached House,11,University-Rosedale
6631679,STR-2409-FXYYBR,300 Front St W,2809,M5V,Condominium,10,Spadina-Fort York
6631680,STR-2409-GGFYBS,1221 Royal York Rd,,M9A,Single/Semi-detached House,2,Etobicoke Centre
6631681,STR-2409-GWSYBV,60 Fairview Ave,,M6P,Single/Semi-detached House,4,Parkdale-High Park
6631682,STR-2409-FRJLBQ,25 McManus Rd,,M9P,Single/Semi-detached House,2,Etobicoke Centre
6631683,STR-2409-FYQLBR,213 Belsize Dr,B,M4S,Single/Semi-detached House,15,Don Valley West
6631684,STR-2409-GQCLBT,219 Fort York Blvd,201,M5V,Condominium,10,Spadina-Fort York
6631685,STR-2409-JDJLBZ,58 Belmont St,,M5R,Townhouse/ Row House,11,University-Rosedale
6631686,STR-2409-FZFYBR,12 York St,1201,M5J,Condominium,10,Spadina-Fort York
6631687,STR-2409-HGFYBW,46 Sultana Ave,,M6A,Single/Semi-detached House,8,Eglinton-Lawrence
6631688,STR-2409-FSQLBQ,251 Jarvis St,3802,M5B,Condominium,13,Toronto Centre
6631689,STR-2409-GYQLBV,12 York St,5410,M5J,Condominium,10,Spadina-Fort York
6631690,STR-2409-HQCLBX,188 Cumberland St,1602,M5R,Condominium,11,University-Rosedale
6631691,STR-2409-HXJLBY,98 Hiawatha Rd,2,M4L,Single/Semi-detached House,14,Toronto-Danforth
6631692,STR-2409-GRYYBT,12 Kollar Dr,,M1G,Single/Semi-detached House,24,Scarborough-Guildwood
6631693,STR-2409-FTWLBQ,42 Wheeler Ave,UN2,M4L,Single/Semi-detached House,19,Beaches-East York
6631694,STR-2409-HJCLBW,419 Brownfield Gdns,,M1C,Single/Semi-detached House,25,Scarborough-Rouge Park
6631695,STR-2409-FVPFBR,14 York St,2010,M5J,Condominium,10,Spadina-Fort York
6631696,STR-2409-GTHFBV,21 Iceboat Ter,2003,M5V,Condominium,10,Spadina-Fort York
6631697,STR-2409-HJVFBX,832 Bay St,1102,M5S,Condominium,11,University-Rosedale
6631698,STR-2409-HSBFBY,21 Iceboat Ter,2012,M5V,Condominium,10,Spadina-Fort York
6631699,STR-2409-FFRSBP,155 Yorkville Ave,1506,M5V,Condominium,11,University-Rosedale
6631700,STR-2409-FWVFBR,14 York St,2804,M5J,Condominium,10,Spadina-Fort York
6631701,STR-2507-HKSFBX,77 Homewood Ave,A,M4Y,Duplex/Triplex/Fourplex,13,Toronto Centre
6631702,STR-2409-GFBFBS,300 Front St W,1808,M5V,Condominium,10,Spadina-Fort York
6631703,STR-2409-GVPFBV,25 Belmont St,,M5R,Townhouse/ Row House,11,University-Rosedale
6631704,STR-2409-HCVFBW,736 Bay St,809,M5G,Condominium,11,University-Rosedale
6631705,STR-2409-HLBFBX,16 George Henry Blvd,,M2J,Single/Semi-detached House,17,Don Valley North
6631706,STR-2409-GFRSBS,439 Pacific Ave,,M6P,Single/Semi-detached House,4,Parkdale-High Park
6631707,STR-2409-HLRSBX,251 Jarvis St,4213,M5B,Condominium,13,Toronto Centre
6631708,STR-2409-HTXSBY,55 Bremner Blvd,4011,M5J,Condominium,10,Spadina-Fort York
6631709,STR-2409-JCDSBZ,30 Baseball Pl,826,M4M,Condominium,14,Toronto-Danforth
6631710,STR-2409-FYBFBR,188 Cumberland St,1604,M5R,Condominium,11,University-Rosedale
6631711,STR-2409-JCVFBZ,199 Richmond St W,509,M5V,Condominium,10,Spadina-Fort York
6631712,STR-2409-FRKSBQ,18 Yonge St,2708,M5E,Condominium,10,Spadina-Fort York
6631713,STR-2409-HMXSBX,101 Peter St,4006,M5V,Condominium,10,Spadina-Fort York
6631714,STR-2409-HWDSBY,250 Wellington St W,1245,M5V,Condominium,10,Spadina-Fort York
6631715,STR-2409-FJVFBP,101 Peter St,2709,M5V,Condominium,10,Spadina-Fort York
6631716,STR-2409-FSBFBQ,955 Bay St,1305,M5S,Condominium,13,Toronto Centre
6631717,STR-2409-FZHFBR,1196 Dovercourt Rd,,M6H,Single/Semi-detached House,9,Davenport
6631718,STR-2409-HGHFBW,650 Parliament St,726,M4X,Apartment,13,Toronto Centre
6631719,STR-2409-HQDSBX,209 Fort York Blvd,1265,M5V,Condominium,10,Spadina-Fort York
6631720,STR-2409-HHPFBW,199 Richmond St W,2404,M5V,Condominium,10,Spadina-Fort York
6631721,STR-2409-FLRSBP,205 Lake Shore Dr,,M8V,Single/Semi-detached House,3,Etobicoke-Lakeshore
6631722,STR-2409-FTXSBQ,215 Fort York Blvd,2211,M5V,Apartment,10,Spadina-Fort York
6631723,STR-2409-GCDSBR,5 Hanna Ave,406,M6K,Condominium,10,Spadina-Fort York
6631724,STR-2409-GSRSBT,231 Fort York Blvd,703,M5V,Condominium,10,Spadina-Fort York
6631725,STR-2409-JGXSBZ,300 Front St W,2614,M5V,Condominium,10,Spadina-Fort York
6631726,STR-2409-GCWLBS,22 Birkdale Rd,,M1P,Single/Semi-detached House,21,Scarborough Centre
6631727,STR-2409-HJWLBX,832 Bay St,3908,M5S,Condominium,11,University-Rosedale
6631728,STR-2409-HZJLBZ,34 St. Gaspar Crt,,M9L,Single/Semi-detached House,7,Humber River-Black Creek
6631729,STR-2409-FFSYBP,7 Antonio Crt,,M9L,Single/Semi-detached House,7,Humber River-Black Creek
6631730,STR-2409-HKLYBX,250 Wellington St W,1641,M5V,Condominium,10,Spadina-Fort York
6631731,STR-2409-HSSYBY,955 Bay St,2618,M5S,Condominium,13,Toronto Centre
6631732,STR-2409-FPQLBQ,955 Bay St,1917,M5S,Condominium,13,Toronto Centre
6631733,STR-2409-FWWLBR,14 York St,4912,M5J,Condominium,10,Spadina-Fort York
6631734,STR-2409-GMJLBT,209 Fort York Blvd,1258,M5V,Condominium,10,Spadina-Fort York
6631735,STR-2404-HSGXVY,137 Holland Park Ave,,M6E,Single/Semi-detached House,9,Davenport
6631736,STR-2409-HTJLBY,100 Ellington Dr,,M1R,Single/Semi-detached House,21,Scarborough Centre
6631737,STR-2409-GWFYBV,37 Lauralynn Cres,,M1S,Single/Semi-detached House,23,Scarborough North
6631738,STR-2409-HLSYBX,155 Legion Rd N,1503,M8Y,Apartment,3,Etobicoke-Lakeshore
6631739,STR-2409-HTYYBY,14 Kipling Grove Crt,,M9B,Single/Semi-detached House,2,Etobicoke Centre
6631740,STR-2409-JCFYBZ,15 Iceboat Ter,3710,M5V,Condominium,10,Spadina-Fort York
6631741,STR-2508-FLMLBP,106 Rajah St,6,M6A,Apartment,8,Eglinton-Lawrence
6631742,STR-2409-GGJLBS,120 Homewood Ave,601,M4Y,Condominium,13,Toronto Centre
6631743,STR-2409-GPQLBT,21 Iceboat Ter,3307,M5V,Condominium,10,Spadina-Fort York
6631744,STR-2409-FJFYBP,50 Bickerton Cres,Upper,M2J,Single/Semi-detached House,17,Don Valley North
6631745,STR-2409-HFSYBW,300 Front St W,1705,M5V,Condominium,10,Spadina-Fort York
6631746,STR-2409-FSCLBQ,61 Euclid Ave,A,M6J,Apartment,10,Spadina-Fort York
6631747,STR-2409-HGJLBW,300 Front St W,807,M5V,Condominium,10,Spadina-Fort York
6631748,STR-2409-FLCLBP,12 York St,5302,M5J,Condominium,10,Spadina-Fort York
6631749,STR-2409-FTJLBQ,44 Joseph Griffith Lane,,M3L,Townhouse/ Row House,7,Humber River-Black Creek
6631750,STR-2409-HHQLBW,65 George Appleton Way,2088,M3M,Townhouse/ Row House,6,York Centre
6631751,STR-2409-JGJLBZ,53 Hoseyhill Cres,,M1S,Single/Semi-detached House,23,Scarborough North
6631752,STR-2409-GSSYBT,170 De Grassi St,,M4M,Single/Semi-detached House,14,Toronto-Danforth
6631753,STR-2404-FMMXVQ,101 Peter St,3612,M5V,Condominium,10,Spadina-Fort York
6631754,STR-2404-GCZXVS,21 Iceboat Ter,1715,M5V,Condominium,10,Spadina-Fort York
6631755,STR-2404-HZMXVZ,101 Peter St,911,M5V,Condominium,10,Spadina-Fort York
6631756,STR-2404-HSXKVY,120 Homewood Ave,3401,M4Y,Condominium,13,Toronto Centre
6631757,STR-2404-FWZXVR,21 Iceboat Ter,3209,M5V,Condominium,10,Spadina-Fort York
6631758,STR-2404-GFGXVS,955 Bay St,2316,M5S,Condominium,13,Toronto Centre
6631759,STR-2404-GMMXVT,21 Iceboat Ter,3108,M5V,Condominium,10,Spadina-Fort York
6631760,STR-2404-HDRKVW,30 Nelson St,706,M5V,Condominium,10,Spadina-Fort York
6631761,STR-2404-FQZXVQ,288 Swanwick Ave,,M1N,Single/Semi-detached House,20,Scarborough Southwest
6631762,STR-2404-FYGXVR,21 Iceboat Ter,1,M5V,Condominium,10,Spadina-Fort York
6631763,STR-2404-HMMXVX,200 Victoria St,1607,M5B,Condominium,13,Toronto Centre
6631764,STR-2404-HVTXVY,43 Kingland Cres,,M2J,Single/Semi-detached House,17,Don Valley North
6631765,STR-2409-GPCPPT,35 Wright Ave,,M6R,Townhouse/ Row House,4,Parkdale-High Park
6631766,STR-2404-GHDKVS,231 Fort York Blvd,536,M5V,Condominium,10,Spadina-Fort York
6631767,STR-2404-GHTXVS,123 Strathcona Ave,24,M4J,Townhouse/ Row House,14,Toronto-Danforth
6631768,STR-2404-HWZXVY,121 Neville Park Blvd,,M4E,Single/Semi-detached House,19,Beaches-East York
6631769,STR-2404-GJKKVS,798 Richmond St W,767,M6J,Apartment,10,Spadina-Fort York
6631770,STR-2404-GRRKVT,50 Maitland St,,M4Y,Townhouse/ Row House,13,Toronto Centre
6631771,STR-2404-HQKKVX,1A Norbury Cres,,M1P,Single/Semi-detached House,21,Scarborough Centre
6631772,STR-2404-GJZXVS,300 Front St W,603,M5V,Condominium,10,Spadina-Fort York
6631773,STR-2404-GZMXVV,563 Craven Rd,1,M4L,Single/Semi-detached House,14,Toronto-Danforth
6631774,STR-2404-HQZXVX,14 York St,910,M5J,Condominium,10,Spadina-Fort York
6631775,STR-2404-FDSRVP,25 Albemarle Ave,,M4K,Single/Semi-detached House,14,Toronto-Danforth
6631776,STR-2404-FLYRVQ,69 Chaplin Cres,,M5P,Single/Semi-detached House,12,Toronto-St. Paul's
6631777,STR-2404-FVFRVR,300 Front St W,2914,M5V,Condominium,10,Spadina-Fort York
6631778,STR-2404-HYYRVZ,101 Peter St,2911,M5V,Condominium,10,Spadina-Fort York
6631779,STR-2404-HZQDVZ,219 Fort York Blvd,516,M5V,Condominium,10,Spadina-Fort York
6631780,STR-2404-GLYRVT,1360 Warden Ave,,M1R,Single/Semi-detached House,21,Scarborough Centre
6631781,STR-2404-HTQDVY,500 Doris Ave,2220,M2N,Condominium,18,Willowdale
6631782,STR-2404-JBWDVZ,1173 Dundas St E,137,M4M,Condominium,14,Toronto-Danforth
6631783,STR-2404-FHFRVP,300 Front St W,4009,M5V,Condominium,10,Spadina-Fort York
6631784,STR-2404-GPFRVT,78 Tecumseth St,805,M5V,Apartment,10,Spadina-Fort York
6631785,STR-2404-HVFRVY,62 Mitchell Ave,1,M6J,Duplex/Triplex/Fourplex,10,Spadina-Fort York
6631786,STR-2404-FHWDVP,14 York St,6401,M5J,Condominium,10,Spadina-Fort York
6631787,STR-2404-HMQDVX,215 Fort York Blvd,502,M5V,Condominium,10,Spadina-Fort York
6631788,STR-2404-FJLRVP,219 Fort York Blvd,3302,M5V,Condominium,10,Spadina-Fort York
6631789,STR-2404-FRSRVQ,14 York St,2107,M5J,Condominium,10,Spadina-Fort York
6631790,STR-2409-HYSYBY,44 Robert St,Upper,M5S,Townhouse/ Row House,11,University-Rosedale
6631791,STR-2409-GCHHPS,30 Nelson St,3009,M5V,Condominium,10,Spadina-Fort York
6631792,STR-2409-GKPHPT,90 Ferris Rd,,M4B,Single/Semi-detached House,19,Beaches-East York
6631793,STR-2409-GSVHPV,92 Bleecker St,,M4X,Townhouse/ Row House,13,Toronto Centre
6631794,STR-2409-HJHHPX,3 Ojibway Ave,,M5J,Single/Semi-detached House,10,Spadina-Fort York
6631795,STR-2409-FFDVPP,25 Ambrose Rd,,M2K,Single/Semi-detached House,17,Don Valley North
6631796,STR-2409-GCXVPS,542 Main St,,M4C,Single/Semi-detached House,19,Beaches-East York
6631797,STR-2409-GLDVPT,57 Coxwell Ave,,M4L,Single/Semi-detached House,19,Beaches-East York
6631798,STR-2409-HSDVPY,613 The Queensway,6,M8Y,Apartment,3,Etobicoke-Lakeshore
6631799,STR-2409-FFVHPP,120 Homewood Ave,3506,M4Y,Condominium,13,Toronto Centre
6631800,STR-2409-JBBHPZ,300 Front St W,3701,M5V,Condominium,10,Spadina-Fort York
6631801,STR-2409-FPRVPQ,332 Seaton St,,M5A,Townhouse/ Row House,13,Toronto Centre
6631802,STR-2409-HLDVPX,21 Iceboat Ter,15,M5V,Condominium,10,Spadina-Fort York
6631803,STR-2409-FQHHPQ,210 Victoria St,2501,M5B,Condominium,13,Toronto Centre
6631804,STR-2409-GPBHPT,250 Wellington St W,228,M5V,Condominium,10,Spadina-Fort York
6631805,STR-2409-GWXVPV,18 Cameron Watson Cres,,M1C,Single/Semi-detached House,25,Scarborough-Rouge Park
6631806,STR-2409-HMKVPX,295 Adelaide St W,217,M5V,Apartment,10,Spadina-Fort York
6631807,STR-2409-FRPHPQ,209 Fort York Blvd,1468,M5V,Condominium,10,Spadina-Fort York
6631808,STR-2409-GHBHPS,128 Winona Dr,Main,M6G,Single/Semi-detached House,9,Davenport
6631809,STR-2409-FZKVPR,14 York St,4105,M5J,Condominium,10,Spadina-Fort York
6631810,STR-2409-FSVHPQ,300 Front St W,3908,M5V,Condominium,10,Spadina-Fort York
6631811,STR-2409-FTKVPQ,1282 Davenport Rd,1,M6H,Duplex/Triplex/Fourplex,9,Davenport
6631812,STR-2409-GSDVPT,300 Front St W,408,M5V,Condominium,10,Spadina-Fort York
6631813,STR-2409-GZKVPV,550 Glebeholme Blvd,Lower,M4C,Single/Semi-detached House,19,Beaches-East York
6631814,STR-2409-FDQPPP,251 Jarvis St,406,M5B,Condominium,13,Toronto Centre
6631815,STR-2409-GCJPPS,6 Sonic Way,N2302,M3C,Condominium,16,Don Valley East
6631816,STR-2409-GKQPPT,176 Brighton Ave,,M3H,Single/Semi-detached House,6,York Centre
6631817,STR-2409-FVTBPR,21 McIntosh Ave,,M8Y,Single/Semi-detached House,3,Etobicoke-Lakeshore
6631818,STR-2409-GCZBPS,49 East Liberty St,404,M6K,Condominium,10,Spadina-Fort York
6631819,STR-2409-GTMBPV,251 Jarvis St,1920,M5B,Condominium,13,Toronto Centre
6631820,STR-2409-HJZBPX,2221 Yonge St,2401,M4S,Condominium,12,Toronto-St. Paul's
6631821,STR-2409-HSGBPY,912 Danforth Ave,1,M4J,Apartment,14,Toronto-Danforth
6631822,STR-2409-GLWPPT,231 Fort York Blvd,2109,M5V,Condominium,10,Spadina-Fort York
6631823,STR-2409-GVCPPV,101 Peter St,1511,M5V,Condominium,10,Spadina-Fort York
6631824,STR-2409-FPTBPQ,32 Shangarry Dr,,M1R,Single/Semi-detached House,21,Scarborough Centre
6631825,STR-2409-FWZBPR,27 Tidworth Sq,,M1S,Single/Semi-detached House,23,Scarborough North
6631826,STR-2409-HCZBPW,464 Donlands Ave,,M4J,Single/Semi-detached House,14,Toronto-Danforth
6631827,STR-2409-GWJPPV,210 Victoria St,903,M5B,Condominium,13,Toronto Centre
6631828,STR-2409-FQZBPQ,295 Adelaide St W,801,M5V,Condominium,10,Spadina-Fort York
6631829,STR-2409-FYGBPR,151 Dan Leckie Way,1110,M5V,Apartment,10,Spadina-Fort York
6631830,STR-2409-GXQPPV,300 Front St W,3306,M5V,Condominium,10,Spadina-Fort York
6631831,STR-2409-FJZBPP,410 Maybank Ave,,M6N,Single/Semi-detached House,5,York South-Weston
6631832,STR-2409-GYGBPV,18 Manor Rd E,,M4S,Single/Semi-detached House,12,Toronto-St. Paul's
6631833,STR-2409-HGMBPW,210 Victoria St,2110,M5B,Condominium,13,Toronto Centre
6631834,STR-2409-HWZBPY,36 Zorra St,2001,M8Z,Condominium,3,Etobicoke-Lakeshore
6631835,STR-2409-FKQPPP,64 Santamonica Blvd,,M1L,Single/Semi-detached House,20,Scarborough Southwest
6631836,STR-2409-GYWPPV,188 Cumberland St,1912,M5R,Condominium,11,University-Rosedale
6631837,STR-2410-HYGBPY,14 York St,3610,M5J,Condominium,10,Spadina-Fort York
6631838,STR-2410-FDRVPP,5 Mabelle Ave,3329,M9A,Apartment,3,Etobicoke-Lakeshore
6631839,STR-2410-GCKVPS,219 Fort York Blvd,2601,M5V,Condominium,10,Spadina-Fort York
6631840,STR-2410-HJKVPX,38 Briarwood Ave,,M9W,Single/Semi-detached House,1,Etobicoke North
6631841,STR-2410-HRRVPY,89 Dunfield Ave,3607,M4S,Condominium,12,Toronto-St. Paul's
6631842,STR-2410-HYXVPZ,101 Peter St,2102,M5V,Condominium,10,Spadina-Fort York
6631843,STR-2410-GLHHPT,101 Peter St,2801,M5V,Condominium,10,Spadina-Fort York
6631844,STR-2410-HZPHPZ,500 Doris Ave,1229,M2N,Condominium,18,Willowdale
6631845,STR-2410-GLXVPT,46 Larkhall Ave,,M1J,Single-family detached,21,Scarborough Centre
6631846,STR-2410-FXBHPR,99 Overture Rd,,M1E,Single/Semi-detached House,24,Scarborough-Guildwood
6631847,STR-2410-GFHHPS,21 Iceboat Ter,2706,M5V,Condominium,10,Spadina-Fort York
6631848,STR-2410-JBVHPZ,246A Berkeley St,,M5A,Single/Semi-detached House,13,Toronto Centre
6631849,STR-2410-FQKVPQ,9 Humewood Dr,35,M6C,Apartment,12,Toronto-St. Paul's
6631850,STR-2410-GXBHPV,231 Fort York Blvd,2610,M5V,Condominium,10,Spadina-Fort York
6631851,STR-2410-HFHHPW,18 Maitland Ter,910,M4Y,Condominium,13,Toronto Centre
6631852,STR-2410-GZPHPV,49 Andona Cres,,M1C,Single/Semi-detached House,25,Scarborough-Rouge Park
6631853,STR-2410-HVVHPY,207 Forest Hill Rd,,M5P,Single/Semi-detached House,12,Toronto-St. Paul's
6631854,STR-2410-FYXVPR,65 Bremner Blvd,4702,M5J,Condominium,10,Spadina-Fort York
6631855,STR-2410-JDRVPZ,955 Bay St,1105,M5S,Condominium,13,Toronto Centre
6631856,STR-2410-HPVHPX,832 The Queensway,A,M8Z,Apartment,3,Etobicoke-Lakeshore
6631857,STR-2410-GBDVPR,219 Fort York Blvd,3411,M5V,Condominium,10,Spadina-Fort York
6631858,STR-2410-GYXVPV,44 Poulett St,,M5A,Townhouse/ Row House,13,Toronto Centre
6631859,STR-2410-JFXVPZ,300 Front St W,1110,M5V,Condominium,10,Spadina-Fort York
6631860,STR-2410-GKBHPS,29 Woodgrove Dr,,M1E,Single/Semi-detached House,25,Scarborough-Rouge Park
6631861,STR-2410-GSHHPT,626 Adelaide St W,,M6J,Townhouse/ Row House,10,Spadina-Fort York
6631862,STR-2410-FDTBPP,101 Peter St,2711,M5V,Condominium,10,Spadina-Fort York
6631863,STR-2410-FMQPPQ,21 Sudbury St,2102,M6J,Townhouse/ Row House,10,Spadina-Fort York
6631864,STR-2410-GTQPPV,246 Torrens Ave,,M4J,Single/Semi-detached House,14,Toronto-Danforth
6631865,STR-2410-FWMBPR,4 Citation Dr,Main,M2K,Single/Semi-detached House,17,Don Valley North
6631866,STR-2410-HCMBPW,188 Cumberland St,1006,M5R,Condominium,11,University-Rosedale
6631867,STR-2410-FXCPPR,264 Havelock St,2,M6H,Duplex/Triplex/Fourplex,9,Davenport
6631868,STR-2410-GVWPPV,12 York St,1502,M5J,Apartment,10,Spadina-Fort York
6631869,STR-2410-GFZBPS,21 Iceboat Ter,4708,M5V,Condominium,10,Spadina-Fort York
6631870,STR-2410-HLZBPX,115 Richmond St E,701,M5C,Condominium,13,Toronto Centre
6631871,STR-2410-GGQPPS,1401 Dupont St,618,M6H,Apartment,9,Davenport
6631872,STR-2410-GXCPPV,62 Brunswick Ave,3,M5S,Duplex/Triplex/Fourplex,11,University-Rosedale
6631873,STR-2410-GHGBPS,1121 Dufferin St,2,M6H,Single/Semi-detached House,9,Davenport
6631874,STR-2410-HWMBPY,23 South Woodrow Blvd,,M1N,Single/Semi-detached House,20,Scarborough Southwest
6631875,STR-2410-JDTBPZ,49 Manderley Dr,,M1N,Single/Semi-detached House,20,Scarborough Southwest
6631876,STR-2410-FZQPPR,18 Valley Stream Dr,,M1V,Townhouse/ Row House,23,Scarborough North
6631877,STR-2410-GRCPPT,135 Springhurst Ave,B,M6K,Single/Semi-detached House,4,Parkdale-High Park
6631878,STR-2410-HGQPPW,18 Maitland Ter,1210,M4Y,Condominium,13,Toronto Centre
6631879,STR-2410-HXCPPY,564 Merton St,,M4S,Single/Semi-detached House,15,Don Valley West
6631880,STR-2410-FKTBPP,90 Allingham Gdns,,M3H,Single/Semi-detached House,6,York Centre
6631881,STR-2410-HQMBPX,16 Yonge St,1413,M5E,Condominium,10,Spadina-Fort York
6631882,STR-2410-FLJPPP,11 Bradfield Ave,,M8Z,Single/Semi-detached House,3,Etobicoke-Lakeshore
6631883,STR-2410-HRCPPX,111 Caroline Ave,,M4M,Single/Semi-detached House,14,Toronto-Danforth
6631884,STR-2410-HYJPPY,7 Plymouth Ave,,M6J,Townhouse/ Row House,11,University-Rosedale
6631885,STR-2410-FDVHPP,199 Palmerston Ave,,M6J,Single/Semi-detached House,11,University-Rosedale
6631886,STR-2410-GCPHPS,10 Park Lawn Rd,1209,M8V,Condominium,3,Etobicoke-Lakeshore
6631887,STR-2410-GTBHPV,120 Homewood Ave,2908,M4Y,Condominium,13,Toronto Centre
6631888,STR-2410-HBHHPW,5 Sifton Crt,,M2K,Single/Semi-detached House,17,Don Valley North
6631889,STR-2410-HRVHPY,356 Monarch Park Ave,,M4J,Single/Semi-detached House,14,Toronto-Danforth
6631890,STR-2410-FVXVPR,18 Yonge St,605,M5E,Condominium,10,Spadina-Fort York
6631891,STR-2410-HBXVPW,1 Odessa Ave,,M9C,Single/Semi-detached House,2,Etobicoke Centre
6631892,STR-2410-HKDVPX,1420 Dupont St,709,M6H,Condominium,9,Davenport
6631893,STR-2410-FGBHPP,200 Dufferin St,PH 6,M6K,Apartment,4,Parkdale-High Park
6631894,STR-2410-FPHHPQ,123 Florence Ave,Suite 2,M2N,Single/Semi-detached House,18,Willowdale
6631895,STR-2410-HCPHPW,139 Port Royal Trl,,M1V,Single/Semi-detached House,23,Scarborough North
6631896,STR-2410-HKVHPX,151 Dan Leckie Way,1803,M5V,Condominium,10,Spadina-Fort York
6631897,STR-2410-HTBHPY,105 George St,1015,M5A,Condominium,13,Toronto Centre
6631898,STR-2410-FXDVPR,281 Lisgar St,B,M6J,Single/Semi-detached House,9,Davenport
6631899,STR-2410-GVXVPV,12 York St,1807,M5J,Condominium,10,Spadina-Fort York
6631900,STR-2410-HDDVPW,278 Conlins Rd,,M1C,Single/Semi-detached House,25,Scarborough-Rouge Park
6631901,STR-2410-HTRVPY,12 York St,3004,M5J,Condominium,10,Spadina-Fort York
6631902,STR-2410-FQPHPQ,25 Carlton St,2506,M5B,Condominium,13,Toronto Centre
6631903,STR-2410-GPHHPT,102 Northcote Ave,,M6J,Single/Semi-detached House,9,Davenport
6631904,STR-2410-HMBHPX,75 Geoffrey St,,M6R,Single/Semi-detached House,4,Parkdale-High Park
6631905,STR-2410-GHXVPS,18 Givins St,,M6J,Single/Semi-detached House,10,Spadina-Fort York
6631906,STR-2509-GKPVPT,1832 Dufferin St,2,M6E,Apartment,9,Davenport
6631907,STR-2410-HMRVPX,12 York St,3606,M5J,Condominium,10,Spadina-Fort York
6631908,STR-2410-FZRVPR,250 St Clarens Ave,2,M6H,Single/Semi-detached House,9,Davenport
6631909,STR-2410-GYKVPV,532 Pape Ave,,M4K,Single/Semi-detached House,14,Toronto-Danforth
6631910,STR-2410-HPXVPX,140 Simcoe St,1010,M5H,Condominium,10,Spadina-Fort York
6631911,STR-2410-HXDVPY,307 Shaw St,,M6J,Single/Semi-detached House,11,University-Rosedale
6631912,STR-2410-JFKVPZ,251 Jarvis St,731,M5B,Condominium,13,Toronto Centre
6631913,STR-2410-FTBHPQ,35 Sharpe St,,M1N,Single/Semi-detached House,20,Scarborough Southwest
6631914,STR-2410-GJPHPS,12 Hazel Ave,,M4E,Single/Semi-detached House,19,Beaches-East York
6631915,STR-2410-GZBHPV,9 Spadina Ave,501,M5V,Condominium,10,Spadina-Fort York
6631916,STR-2410-HXVHPY,168 Simcoe St,520,M5H,Condominium,10,Spadina-Fort York
6631917,STR-2410-JGBHPZ,1613 Dundas St W,3,M6K,Apartment,9,Davenport
6631918,STR-2410-FLKVPP,148 Barker Ave,Upper,M4C,Single/Semi-detached House,19,Beaches-East York
6631919,STR-2410-HRDVPX,80 South Kingsway,,M6S,Single/Semi-detached House,4,Parkdale-High Park
6631920,STR-2410-FMCPPQ,218 Galloway Rd,Upper,M1E,Single/Semi-detached House,24,Scarborough-Guildwood
6631921,STR-2410-GTCPPV,215 Fort York Blvd,2406,M5V,Condominium,10,Spadina-Fort York
6631922,STR-2410-HBJPPW,14 Oakfield Dr,,M8Y,Single/Semi-detached House,3,Etobicoke-Lakeshore
6631923,STR-2410-HJQPPX,56 Maitland St,406,M4Y,Apartment,13,Toronto Centre
6631924,STR-2410-FMTBPQ,185 Bonis Ave,1913,M1T,Condominium,22,Scarborough-Agincourt
6631925,STR-2410-GLMBPT,58 Crittenden Sq,,M1B,Single/Semi-detached House,23,Scarborough North
6631926,STR-2410-FWQPPR,473 Old Weston Rd,,M6N,Single/Semi-detached House,9,Davenport
6631927,STR-2410-GVJPPV,231 Fort York Blvd,602,M5V,Condominium,10,Spadina-Fort York
6631928,STR-2410-FGTBPP,89 Bicknell Ave,,M6M,Single/Semi-detached House,5,York South-Weston
6631929,STR-2410-HLMBPX,282 Homewood Ave,B1,M2R,Single/Semi-detached House,18,Willowdale
6631930,STR-2410-HTTBPY,6 Draper St,,M5V,Townhouse/ Row House,10,Spadina-Fort York
6631931,STR-2410-FHJPPP,262 Randall Cres,,M1M,Single/Semi-detached House,20,Scarborough Southwest
6631932,STR-2410-FQQPPQ,433 Jarvis St,415,M4Y,Apartment,13,Toronto Centre
6631933,STR-2410-FXWPPR,98 Lillian St,920,M4S,Condominium,12,Toronto-St. Paul's
6631934,STR-2410-JCQPPZ,1 Triangle Villas Dr,,M1W,Single/Semi-detached House,22,Scarborough-Agincourt
6631935,STR-2410-FHZBPP,77 Montrose Ave,,M6J,Single/Semi-detached House,11,University-Rosedale
6631936,STR-2410-FJQPPP,4 Saddletree Dr,,M2H,Single/Semi-detached House,17,Don Valley North
6631937,STR-2410-GXWPPV,1173 Dundas St E,238,M4M,Condominium,14,Toronto-Danforth
6631938,STR-2410-JDWPPZ,803A Windermere Ave,,M6S,Single/Semi-detached House,4,Parkdale-High Park
6631939,STR-2410-FZTBPR,30 Nelson St,707,M5V,Condominium,10,Spadina-Fort York
6631940,STR-2410-JFMBPZ,140 Simcoe St,419,M5H,Condominium,10,Spadina-Fort York
6631941,STR-2410-FKWPPP,121 St Patrick St,621,M5T,Condominium,10,Spadina-Fort York
6631942,STR-2410-HHJPPW,3578 Eglinton Ave W,,M6M,Single/Semi-detached House,5,York South-Weston
6631943,STR-2410-FTTBPQ,955 Bay St,911,M5S,Condominium,13,Toronto Centre
6631944,STR-2410-HHZBPW,222 Wellesley St E,510,M4X,Apartment,13,Toronto Centre
6631945,STR-2410-HRGBPX,3 Michael Power Pl,2204,M9A,Condominium,3,Etobicoke-Lakeshore
6631946,STR-2410-FMDVPQ,13 Sorauren Ave,3,M6R,Single/Semi-detached House,4,Parkdale-High Park
6631947,STR-2410-GCRVPS,80 Western Battery Rd,1001,M6K,Condominium,10,Spadina-Fort York
6631948,STR-2410-HJRVPX,101 Peter St,705,M5V,Condominium,10,Spadina-Fort York
6631949,STR-2410-HRXVPY,25 Oxley St,802,M5V,Condominium,10,Spadina-Fort York
6631950,STR-2410-FWRVPR,50 Gladstone Ave,2,M6J,Duplex/Triplex/Fourplex,9,Davenport
6631951,STR-2410-FGVHPP,170 Argyle St,B,M6J,Single/Semi-detached House,9,Davenport
6631952,STR-2410-FHKVPP,199 Richmond St W,322,M5V,Condominium,10,Spadina-Fort York
6631953,STR-2410-FXXVPR,300 Crawford St,,M6J,Single/Semi-detached House,11,University-Rosedale
6631954,STR-2410-GPKVPT,274 Clinton St,B,M6G,Duplex/Triplex/Fourplex,11,University-Rosedale
6631955,STR-2410-HDXVPW,14 York St,4512,M5J,Condominium,10,Spadina-Fort York
6631956,STR-2410-FJBHPP,55 Branstone Rd,,M6E,Single/Semi-detached House,9,Davenport
6631957,STR-2410-FYPHPR,209 Fort York Blvd,1665,M5V,Condominium,10,Spadina-Fort York
6631958,STR-2410-GQBHPT,300 Front St W,4001,M5V,Apartment,10,Spadina-Fort York
6631959,STR-2410-GXHHPV,50 Bruyeres Mews,812,M5V,Condominium,10,Spadina-Fort York
6631960,STR-2410-FKHHPP,847 Bloor St W,Upper,M6G,Single/Semi-detached House,11,University-Rosedale
6631961,STR-2410-FSPHPQ,253 Bogert Ave,Upper,M2N,Single/Semi-detached House,18,Willowdale
6631962,STR-2410-FZVHPR,215 Fort York Blvd,3810,M5V,Condominium,10,Spadina-Fort York
6631963,STR-2410-GJBHPS,2157 Kipling Ave,,M9W,Single/Semi-detached House,1,Etobicoke North
6631964,STR-2411-GYPHPV,155 Yorkville Ave,415,M5R,Condominium,11,University-Rosedale
6631965,STR-2411-FTDVPQ,60 Carr St,7,M5T,Townhouse/ Row House,10,Spadina-Fort York
6631966,STR-2411-GJRVPS,98 Fairbank Ave,1,M6E,Single/Semi-detached House,8,Eglinton-Lawrence
6631967,STR-2411-GRXVPT,209 Fort York Blvd,964,M5V,Condominium,10,Spadina-Fort York
6631968,STR-2411-FLPHPP,231 Fort York Blvd,1913,M5V,Condominium,10,Spadina-Fort York
6631969,STR-2411-GSPHPT,1 King St W,825,M5H,Condominium,13,Toronto Centre
6631970,STR-2411-HRHHPX,355 Lansdowne Ave,3,M6H,Duplex/Triplex/Fourplex,9,Davenport
6631971,STR-2411-JGVHPZ,135 Hay Ave,,M8Z,Single/Semi-detached House,3,Etobicoke-Lakeshore
6631972,STR-2411-FDZBPP,80 Western Battery Rd,608,M6K,Condominium,10,Spadina-Fort York
6631973,STR-2411-FVMBPR,349 1/2 Crawford St,Lower,M6J,Townhouse/ Row House,11,University-Rosedale
6631974,STR-2411-HZGBPZ,41 Shanly St,8,M6H,Condominium,9,Davenport
6631975,STR-2411-FMWPPQ,14 Phoebe St,,M5T,Townhouse/ Row House,10,Spadina-Fort York
6631976,STR-2411-GLQPPT,209 Fort York Blvd,169,M5V,Condominium,10,Spadina-Fort York
6631977,STR-2411-GDZBPS,193 Fairview Ave,,M6P,Single/Semi-detached House,4,Parkdale-High Park
6631978,STR-2411-HCTBPW,135 Lower Sherbourne St,867,M5A,Condominium,13,Toronto Centre
6631979,STR-2411-JCTBPZ,124 Spencer Ave,101,M6K,Apartment,4,Parkdale-High Park
6631980,STR-2411-FRJPPQ,46 Tecumseth St,2,M5V,Duplex/Triplex/Fourplex,10,Spadina-Fort York
6631981,STR-2411-HFQPPW,333 Adelaide St E,537,M5A,Condominium,13,Toronto Centre
6631982,STR-2411-FWVHPR,355 Lansdowne Ave,2,M6H,Duplex/Triplex/Fourplex,9,Davenport
6631983,STR-2411-GFBHPS,136 Woodbine Ave,BSMT,M4L,Townhouse/ Row House,19,Beaches-East York
6631984,STR-2411-JBPHPZ,14 Austin Ter,3,M5R,Duplex/Triplex/Fourplex,12,Toronto-St. Paul's
6631985,STR-2411-GMXVPT,12 York St,1111,M5J,Condominium,10,Spadina-Fort York
6631986,STR-2411-HLRVPX,101 Ascot Ave,,M6E,Single/Semi-detached House,9,Davenport
6631987,STR-2411-GPPHPT,14 York St,3401,M5J,Condominium,10,Spadina-Fort York
6631988,STR-2411-HMXVPX,80 Western Battery Rd,409,M6K,Condominium,10,Spadina-Fort York
6631989,STR-2411-JDKVPZ,19 Harjolyn Dr,,M9B,Single/Semi-detached House,3,Etobicoke-Lakeshore
6631990,STR-2411-FJVHPP,25 Donora Dr,,M4B,Single/Semi-detached House,19,Beaches-East York
6631991,STR-2411-HGHHPW,300 Front St W,2111,M5V,Condominium,10,Spadina-Fort York
6631992,STR-2411-HPPHPX,1409 King St W,2,M6K,Duplex/Triplex/Fourplex,4,Parkdale-High Park
6631993,STR-2411-HWVHPY,382 Westmoreland Ave N,,M6H,Single/Semi-detached House,9,Davenport
6631994,STR-2411-HXKVPY,20 Blue Jays Way,PH1,M5V,Apartment,10,Spadina-Fort York
6631995,STR-2411-GBPHPR,14 Westchester Rd,,M6M,Single/Semi-detached House,5,York South-Weston
6631996,STR-2411-GKKVPS,151 Dan Leckie Way,536,M5V,Condominium,10,Spadina-Fort York
6631997,STR-2411-GSRVPT,44 Poplar Ave,,M9B,Single/Semi-detached House,3,Etobicoke-Lakeshore
6631998,STR-2508-GRJYBT,70 Harvie Ave,,M6E,Single/Semi-detached House,9,Davenport
6631999,STR-2411-FMJPPQ,32 Stewart St,402,M5V,Apartment,10,Spadina-Fort York
6632000,STR-2411-GLCPPT,48 Marchmount Rd,1,M6G,Single/Semi-detached House,12,Toronto-St. Paul's
6632001,STR-2411-FFTBPP,25 Santa Barbara Rd,1,M2N,Single/Semi-detached House,18,Willowdale
6632002,STR-2411-FMZBPQ,6 Mountjoy Ave,,M4J,Single/Semi-detached House,14,Toronto-Danforth
6632003,STR-2411-FWGBPR,955 Bay St,2307,M5S,Condominium,13,Toronto Centre
6632004,STR-2411-GLTBPT,124 Booth Ave,2,M4M,Single/Semi-detached House,14,Toronto-Danforth
6632005,STR-2411-HSTBPY,231 Fort York Blvd,812,M5V,Condominium,10,Spadina-Fort York
6632006,STR-2411-GMJPPT,21 Iceboat Ter,4001,M5V,Condominium,10,Spadina-Fort York
6632007,STR-2411-JCGBPZ,45 Lisgar St,306,M6J,Apartment,9,Davenport
6632008,STR-2411-HFCPPW,48 Jackson Pl,,M6P,Townhouse/ Row House,4,Parkdale-High Park
6632009,STR-2411-HVQPPY,222 Elm St,808,M5T,Apartment,11,University-Rosedale
6632010,STR-2411-JCWPPZ,890 Sheppard Ave W,113,M3H,Condominium,6,York Centre
6632011,STR-2411-GGZBPS,151 Dan Leckie Way,358,M5V,Condominium,10,Spadina-Fort York
6632012,STR-2510-GVFHPV,1 Kyle Lowry Rd,202,M3C,Condominium,16,Don Valley East
6632013,STR-2411-JDMBPZ,106 Balsam Ave,,M4E,Single/Semi-detached House,19,Beaches-East York
6632014,STR-2411-HWWPPY,121 Parkway Forest Dr,904,M2J,Apartment,17,Don Valley North
6632015,STR-2411-FSTBPQ,300 Front St W,3413,M5V,Apartment,10,Spadina-Fort York
6632016,STR-2411-GKPLBT,165 Legion Rd N,1828,M8Y,Condominium,3,Etobicoke-Lakeshore
6632017,STR-2411-HJHLBX,168 Simcoe St,805,M5H,Condominium,10,Spadina-Fort York
6632018,STR-2411-HRPLBY,30 Shore Breeze Dr,529,M8V,Condominium,3,Etobicoke-Lakeshore
6632019,STR-2411-FMKYBQ,210 Victoria St,2610,M5B,Condominium,13,Toronto Centre
6632020,STR-2411-GLDYBT,91 Joseph Duggan Rd,,M4L,Single/Semi-detached House,19,Beaches-East York
6632021,STR-2411-GTKYBV,435 Margueretta St,,M6H,Single/Semi-detached House,9,Davenport
6632022,STR-2510-HRVVPY,189 Laughton Ave,,M6N,Single/Semi-detached House,9,Davenport
6632023,STR-2411-HBRYBW,11 Lillian St,303,M4S,Condominium,12,Toronto-St. Paul's
6632024,STR-2411-HJXYBX,477 Richmond St W,602,M5V,Condominium,10,Spadina-Fort York
6632025,STR-2411-FWHLBR,231 Fort York Blvd,1305,M5V,Condominium,10,Spadina-Fort York
6632026,STR-2411-GMKYBT,62 Cordella Ave,,M6N,Single/Semi-detached House,5,York South-Weston
6632027,STR-2411-GVRYBV,1968 Bloor St W,9,M6P,Townhouse/ Row House,4,Parkdale-High Park
6632028,STR-2411-HLDYBX,300 Front St W,2904,M5V,Condominium,10,Spadina-Fort York
6632029,STR-2411-FQHLBQ,1243 Weston Rd,Main,M6M,Townhouse/ Row House,5,York South-Weston
6632030,STR-2411-FHRYBP,79 Greenbrook Dr,,M6M,Single/Semi-detached House,5,York South-Weston
6632031,STR-2411-GPRYBT,800 Shaw St,1,M6G,Single/Semi-detached House,11,University-Rosedale
6632032,STR-2411-GWXYBV,45 Sousa Mendes St,102,M6P,Condominium,9,Davenport
6632033,STR-2411-GQHLBT,998 Bloor St W,2,M6H,Apartment,9,Davenport
6632034,STR-2411-HFVLBW,43 Kennedy Ave,,M6S,Single/Semi-detached House,4,Parkdale-High Park
6632035,STR-2411-GHRYBS,173 Edmonton Dr,,M2J,Single/Semi-detached House,17,Don Valley North
6632036,STR-2411-HPRYBX,4 Lindsey Ave,,M6H,Single/Semi-detached House,9,Davenport
6632037,STR-2411-FKPLBP,14 York St,3905,M5J,Condominium,10,Spadina-Fort York
6632038,STR-2411-GBBLBR,46 Borden St,,M5S,Single/Semi-detached House,11,University-Rosedale
6632039,STR-2411-HHBLBW,20 Blue Jays Way,820,M5V,Apartment,10,Spadina-Fort York
6632040,STR-2411-HXPLBY,473 Dupont St,6,M6G,Condominium,11,University-Rosedale
6632041,STR-2411-GZKYBV,6 Allegrezza Crt,Upper Unit,M6A,Single/Semi-detached House,8,Eglinton-Lawrence
6632042,STR-2411-FDQSBP,1043 Gerrard St E,2,M4M,Apartment,14,Toronto-Danforth
6632043,STR-2411-FVCSBR,355 Lansdowne Ave,1,M6H,Duplex/Triplex/Fourplex,9,Davenport
6632044,STR-2411-HBCSBW,48A St Georges Blvd,,M9R,Single/Semi-detached House,1,Etobicoke North
6632045,STR-2411-HRQSBY,21 Iceboat Ter,3007,M5V,Condominium,10,Spadina-Fort York
6632046,STR-2411-FFGFBP,38 Widmer St,1806,M5V,Condominium,10,Spadina-Fort York
6632047,STR-2411-FPCSBQ,300 Front St W,3508,M5V,Condominium,10,Spadina-Fort York
6632048,STR-2411-FWJSBR,145 Wolseley St,,M6J,Townhouse/ Row House,10,Spadina-Fort York
6632049,STR-2411-GLWSBT,251 Jarvis St,3413,M5B,Condominium,13,Toronto Centre
6632050,STR-2510-GDDBPS,250 Nairn Ave,1,M6E,Duplex/Triplex/Fourplex,9,Davenport
6632051,STR-2411-JBCSBZ,10 Willison Sq,911,M5T,Condominium,10,Spadina-Fort York
6632052,STR-2411-FHCSBP,55 Wyndcliff Cres,BSMT,M4A,Single/Semi-detached House,16,Don Valley East
6632053,STR-2411-FXQSBR,832 Bay St,1209,M5S,Condominium,11,University-Rosedale
6632054,STR-2411-GFWSBS,55 Bremner Blvd,2607,M5J,Condominium,10,Spadina-Fort York
6632055,STR-2411-FQZFBQ,300 Front St W,2202,M5V,Condominium,10,Spadina-Fort York
6632056,STR-2411-GPTFBT,20 Inn on The Park Dr,2132,M3C,Condominium,16,Don Valley East
6632057,STR-2411-GHCSBS,26 Belgate Pl,,M9C,Single/Semi-detached House,2,Etobicoke Centre
6632058,STR-2411-HPCSBX,46 Western Battery Rd,810,M6K,Condominium,10,Spadina-Fort York
6632059,STR-2411-HWJSBY,94 Garnet Ave,LNHS,M6G,Single/Semi-detached House,11,University-Rosedale
6632060,STR-2411-JDQSBZ,21 Iceboat Ter,4002,M5V,Condominium,10,Spadina-Fort York
6632061,STR-2411-HGMFBW,40 McGill St,,M5B,Single/Semi-detached House,13,Toronto Centre
6632062,STR-2411-GBCSBR,832 Bay St,3008,M5S,Condominium,11,University-Rosedale
6632063,STR-2411-GRQSBT,155 Yorkville Ave,704,M5R,Condominium,11,University-Rosedale
6632064,STR-2411-HQJSBX,18 Reigate Rd,,M9A,Single/Semi-detached House,2,Etobicoke Centre
6632065,STR-2411-HXQSBY,955 Bay St,317,M5S,Condominium,13,Toronto Centre
6632066,STR-2411-JFWSBZ,112 George St,1404,M5A,Condominium,13,Toronto Centre
6632067,STR-2411-HYGFBY,4 Goulden Cres,,M1L,Duplex/Triplex/Fourplex,20,Scarborough Southwest
6632068,STR-2411-FDRYBP,1282 Davenport Rd,3,M6H,Duplex/Triplex/Fourplex,9,Davenport
6632069,STR-2411-HBDYBW,89 Dunfield Ave,3205,M4S,Condominium,12,Toronto-St. Paul's
6632070,STR-2411-HJKYBX,53 Kensington Ave,,M5T,Apartment,11,University-Rosedale
6632071,STR-2411-HRRYBY,89 Dunfield Ave,1809,M4S,Condominium,12,Toronto-St. Paul's
6632072,STR-2411-HBVLBW,18 Maitland Ter,2101,M4Y,Condominium,13,Toronto Centre
6632073,STR-2411-HSHLBY,20 North Heights Rd,BSMT,M9B,Single/Semi-detached House,2,Etobicoke Centre
6632074,STR-2411-FFXYBP,28 Wellesley St E,909,M4Y,Condominium,13,Toronto Centre
6632075,STR-2411-HCKYBW,386 Montrose Ave,,M6G,Single/Semi-detached House,11,University-Rosedale
6632076,STR-2411-FGPLBP,101 Peter St,3007,M5V,Condominium,10,Spadina-Fort York
6632077,STR-2412-GFHLBS,14 York St,6111,M5J,Condominium,10,Spadina-Fort York
6632078,STR-2412-HLHLBX,151 Dan Leckie Way,1603,M5V,Condominium,10,Spadina-Fort York
6632079,STR-2412-FHDYBP,53 Jersey Ave,Upper,M6G,Single/Semi-detached House,11,University-Rosedale
6632080,STR-2412-FQKYBQ,130 Springhurst Ave,Upper,M6K,Duplex/Triplex/Fourplex,4,Parkdale-High Park
6632081,STR-2412-JCKYBZ,127 Broadway Ave,811,M4P,Condominium,12,Toronto-St. Paul's
6632082,STR-2412-GPVLBT,14 York St,5706,M5J,Condominium,10,Spadina-Fort York
6632083,STR-2412-JDBLBZ,5 Ashby Pl,,M5A,Townhouse/ Row House,13,Toronto Centre
6632084,STR-2412-FRRYBQ,832 Bay St,1001,M5S,Condominium,11,University-Rosedale
6632085,STR-2412-GHDYBS,251 Jarvis St,2614,M5B,Condominium,13,Toronto Centre
6632086,STR-2412-HPDYBX,169 Queen St E,5,M5A,Apartment,13,Toronto Centre
6632087,STR-2412-HWKYBY,30 Shore Breeze Dr,440,M8V,Condominium,3,Etobicoke-Lakeshore
6632088,STR-2412-JDRYBZ,133 Mavety St,,M6P,Single/Semi-detached House,4,Parkdale-High Park
6632089,STR-2412-FKBLBP,90 Lake Shore Dr,,M8V,Single/Semi-detached House,3,Etobicoke-Lakeshore
6632090,STR-2412-FSHLBQ,300 Front St W,608,M5V,Condominium,10,Spadina-Fort York
6632091,STR-2412-GYXYBV,221 Sterling Rd,9,M6R,Apartment,9,Davenport
6632092,STR-2412-FTPLBQ,121 St Patrick St,1626,M5T,Condominium,10,Spadina-Fort York
6632093,STR-2412-GSHLBT,38A Craiglee Dr,,M1N,Single/Semi-detached House,20,Scarborough Southwest
6632094,STR-2412-FLZFBQ,24 Hines Dr,,M2H,Single/Semi-detached House,17,Don Valley North
6632095,STR-2412-GCMFBS,151 Dan Leckie Way,246,M5V,Condominium,10,Spadina-Fort York
6632096,STR-2412-HBGFBW,3 Everson Dr,220,M2N,Condominium,18,Willowdale
6632097,STR-2412-HJMFBX,37 Iceboat Ter,,M5V,Condominium,10,Spadina-Fort York
6632098,STR-2412-HRTFBY,25 Cardell Ave,,M9N,Single/Semi-detached House,5,York South-Weston
6632099,STR-2412-GTQSBV,185 Bethany Leigh Dr,,M1V,Single/Semi-detached House,23,Scarborough North
6632100,STR-2412-HBWSBW,67 Rushley Dr,,M1P,Single/Semi-detached House,21,Scarborough Centre
6632101,STR-2511-HZDBPZ,221 Roncesvalles Ave,B,M6R,Apartment,4,Parkdale-High Park
6632102,STR-2412-HKCSBX,12 Glenavon Rd,1B,M6K,Duplex/Triplex/Fourplex,4,Parkdale-High Park
6632103,STR-2412-HZQSBZ,151 Dan Leckie Way,2010,M5V,Condominium,10,Spadina-Fort York
6632104,STR-2412-GLZFBT,338 Coxwell Ave,,M4L,Single/Semi-detached House,14,Toronto-Danforth
6632105,STR-2412-GJMFBS,99 John St,2602,M5V,Condominium,10,Spadina-Fort York
6632106,STR-2412-HSZFBY,6 Gleneita St,Basement,M1M,Single/Semi-detached House,20,Scarborough Southwest
6632107,STR-2412-FXCSBR,251 Jarvis St,1804,M5B,Condominium,13,Toronto Centre
6632108,STR-2412-GVWSBV,479 Glengarry Ave,,M5M,Single/Semi-detached House,8,Eglinton-Lawrence
6632109,STR-2412-FHGFBP,1029 Dovercourt Rd,,M6H,Single/Semi-detached House,9,Davenport
6632110,STR-2412-GPGFBT,251 Jarvis St,1718,M5B,Condominium,13,Toronto Centre
6632111,STR-2412-GWMFBV,361 Mount Pleasant Rd,2,M4T,Duplex/Triplex/Fourplex,11,University-Rosedale
6632112,STR-2412-HLZFBX,20 John St,717,M5V,Condominium,10,Spadina-Fort York
6632113,STR-2412-HVWSBY,244 Gerrard St E,PH,M5A,Townhouse/ Row House,13,Toronto Centre
6632114,STR-2412-JDCSBZ,1236 Gerrard St E,,M4L,Single/Semi-detached House,14,Toronto-Danforth
6632115,STR-2412-FYZFBR,33 Wood St,1505,M4Y,Apartment,13,Toronto Centre
6632116,STR-2412-GHGFBS,166 Danforth Ave,1,M4K,Apartment,14,Toronto-Danforth
6632117,STR-2412-JDTFBZ,61 Samba Dr,,M9M,Single/Semi-detached House,7,Humber River-Black Creek
6632118,STR-2412-FKCSBP,2300 St Clair Ave W,115,M6N,Condominium,5,York South-Weston
6632119,STR-2412-GHWSBS,65 Bremner Blvd,1701,M5J,Condominium,10,Spadina-Fort York
6632120,STR-2412-GRCSBT,2625 Dundas St W,102,M6P,Condominium,4,Parkdale-High Park
6632121,STR-2412-HPWSBX,251 Jarvis St,4909,M5B,Condominium,13,Toronto Centre
6632122,STR-2412-FKTFBP,250 Wellington St W,635,M5V,Condominium,10,Spadina-Fort York
6632123,STR-2412-HHGFBW,20 Bruyeres Mews,1202,M5V,Condominium,10,Spadina-Fort York
6632124,STR-2412-GBWSBR,44 Charles St W,3904,M4Y,Apartment,11,University-Rosedale
6632125,STR-2412-HYJSBY,79 Seaton St,,M5A,Single/Semi-detached House,13,Toronto Centre
6632126,STR-2412-GTBLBV,99 John St,1705,M5V,Condominium,10,Spadina-Fort York
6632127,STR-2412-HJPLBX,20 Bruyeres Mews,518,M5V,Condominium,10,Spadina-Fort York
6632128,STR-2412-FFKYBP,18 Yonge St,1214,M5E,Condominium,10,Spadina-Fort York
6632129,STR-2412-GMBLBT,231 Fort York Blvd,1019,M5V,Condominium,10,Spadina-Fort York
6632130,STR-2412-HTBLBY,955 Bay St,321,M5S,Condominium,13,Toronto Centre
6632131,STR-2412-GMRYBT,77 Pine Crest Rd,,M6P,Single/Semi-detached House,4,Parkdale-High Park
6632132,STR-2412-GVXYBV,1758 Queen St E,,M4L,Single/Semi-detached House,19,Beaches-East York
6632133,STR-2412-HTRYBY,2464 Weston Rd,704,M9N,Apartment,5,York South-Weston
6632134,STR-2412-HDVLBW,161 Brockley Dr,,M1P,Townhouse/ Row House,21,Scarborough Centre
6632135,STR-2412-HMBLBX,101 Peter St,2108,M5V,Condominium,10,Spadina-Fort York
6632136,STR-2412-FRDYBQ,955 Bay St,3116,M5S,Condominium,13,Toronto Centre
6632137,STR-2412-GGRYBS,955 Bay St,1610,M5S,Condominium,13,Toronto Centre
6632138,STR-2412-GPXYBT,258 Rusholme Rd,,M6H,Single/Semi-detached House,9,Davenport
6632139,STR-2412-HFKYBW,6 Ossington Ave,302,M6J,Apartment,10,Spadina-Fort York
6632140,STR-2412-HVXYBY,43 Challenger Crt,,M1C,Single/Semi-detached House,25,Scarborough-Rouge Park
6632141,STR-2412-FJPLBP,168 Ossington Ave,2,M6J,Duplex/Triplex/Fourplex,10,Spadina-Fort York
6632142,STR-2412-GQPLBT,1 Shaw St,1123,M6K,Condominium,10,Spadina-Fort York
6632143,STR-2412-GXVLBV,771 Windermere Ave,,M6S,Single/Semi-detached House,4,Parkdale-High Park
6632144,STR-2412-HWPLBY,210 Victoria St,2303,M5B,Condominium,13,Toronto Centre
6632145,STR-2412-FKDYBP,12 York St,1206,M5J,Condominium,10,Spadina-Fort York
6632146,STR-2412-GRDYBT,270 Wellington St W,904,M5V,Condominium,10,Spadina-Fort York
6632147,STR-2412-HGRYBW,200 Victoria St,1105,M5B,Condominium,13,Toronto Centre
6632148,STR-2412-HKGFBX,251 Jarvis St,1607,M5B,Condominium,13,Toronto Centre
6632149,STR-2412-HPXYBX,50 Bruyeres Mews,1210,M5V,Condominium,10,Spadina-Fort York
6632150,STR-2412-FKVLBP,250 Wellington St W,1040,M5V,Condominium,10,Spadina-Fort York
6632151,STR-2412-JGBLBZ,30 Nelson St,3702,M5V,Condominium,10,Spadina-Fort York
6632152,STR-2412-GBXYBR,399 Oakwood Ave,,M6E,Single/Semi-detached House,12,Toronto-St. Paul's
6632153,STR-2412-GKDYBS,887 Bay St,1006,M5S,Condominium,13,Toronto Centre
6632154,STR-2412-FMCSBQ,4 Dunkirk Rd,,M4C,Single/Semi-detached House,19,Beaches-East York
6632155,STR-2412-GCQSBS,364 Rathburn Rd,,M9B,Single/Semi-detached House,2,Etobicoke Centre
6632156,STR-2412-HZCSBZ,38 Widmer St,4709,M5V,Condominium,10,Spadina-Fort York
6632157,STR-2412-FFMFBP,21 Iceboat Ter,232,M5V,Condominium,10,Spadina-Fort York
6632158,STR-2412-GDGFBS,101 Peter St,610,M5V,Condominium,10,Spadina-Fort York
6632159,STR-2412-GTTFBV,63 Cameron St,2,M5T,Duplex/Triplex/Fourplex,10,Spadina-Fort York
6632160,STR-2412-HBZFBW,153 Wolseley St,,M6J,Townhouse/ Row House,10,Spadina-Fort York
6632161,STR-2412-HZTFBZ,1077 College St,1,M6H,Apartment,9,Davenport
6632162,STR-2412-GDWSBS,250 Wellington St W,1540,M5V,Condominium,10,Spadina-Fort York
6632163,STR-2412-HKWSBX,220 Victoria St,1110,M5B,Condominium,13,Toronto Centre
6632164,STR-2412-HTCSBY,101 Peter St,3306,M5V,Condominium,10,Spadina-Fort York
6632165,STR-2412-JBJSBZ,101 Peter St,1809,M5V,Condominium,10,Spadina-Fort York
6632166,STR-2412-FPZFBQ,300 Front St W,3503,M5V,Condominium,10,Spadina-Fort York
6632167,STR-2412-GMTFBT,250 Wellington St W,1131,M5V,Condominium,10,Spadina-Fort York
6632168,STR-2412-GVZFBV,397 Front St W,2708,M5V,Condominium,10,Spadina-Fort York
6632169,STR-2412-FXWSBR,8 Charlotte St,901,M5V,Condominium,10,Spadina-Fort York
6632170,STR-2412-HMCSBX,270 Wellington St W,711,M5V,Condominium,10,Spadina-Fort York
6632171,STR-2412-FHZFBP,350 Wellington St W,502,M5V,Condominium,10,Spadina-Fort York
6632172,STR-2412-HVZFBY,251 Jarvis St,210,M5B,Condominium,13,Toronto Centre
6632173,STR-2412-FRWSBQ,18 Yonge St,2003,M5E,Condominium,10,Spadina-Fort York
6632174,STR-2412-HGCSBW,20 Bruyeres Mews,1905,M5V,Condominium,10,Spadina-Fort York
6632175,STR-2412-HWQSBY,215 Fort York Blvd,2908,M5V,Condominium,10,Spadina-Fort York
6632176,STR-2412-FZTFBR,832 Bay St,4407,M5S,Condominium,11,University-Rosedale
6632177,STR-2412-GHZFBS,2048 Danforth Ave.,A,M4C,Apartment,19,Beaches-East York
6632178,STR-2412-GRGFBT,300 Front St W,3912,M5V,Condominium,10,Spadina-Fort York
6632179,STR-2412-HPZFBX,83 Westmoreland Ave,,M6H,Single/Semi-detached House,9,Davenport
6632180,STR-2412-HXGFBY,251 St George St,11,M5R,Apartment,11,University-Rosedale
6632181,STR-2412-GZCSBV,151 Sorauren Ave,,M6R,Single/Semi-detached House,4,Parkdale-High Park
6632182,STR-2412-HQQSBX,44 Northey Dr,Lower,M2L,Single/Semi-detached House,15,Don Valley West
6632183,STR-2412-GCRYBS,295 Adelaide St W,3010,M5V,Condominium,10,Spadina-Fort York
6632184,STR-2412-GDHLBS,56 Sixth St,,M8V,Single/Semi-detached House,3,Etobicoke-Lakeshore
6632185,STR-2412-FGDYBP,28 Linden St,902,M4Y,Condominium,13,Toronto Centre
6632186,STR-2412-FPKYBQ,16 Yonge St,1510,M5E,Condominium,10,Spadina-Fort York
6632187,STR-2412-FXHLBR,244 Gladstone Ave,A,M6J,Single/Semi-detached House,9,Davenport
6632188,STR-2412-GWBLBV,170 Argyle St,C,M6J,Single/Semi-detached House,9,Davenport
6632189,STR-2412-HTVLBY,123 Galt Ave,,M4M,Single/Semi-detached House,14,Toronto-Danforth
6632190,STR-2412-JCBLBZ,251 Jarvis St,1829,M5B,Condominium,13,Toronto Centre
6632191,STR-2412-FQRYBQ,17 Greenbriar Rd,8,M2K,Townhouse/ Row House,17,Don Valley North
6632192,STR-2412-FXXYBR,6 O'Hara Pl,,M6K,Single/Semi-detached House,4,Parkdale-High Park
6632193,STR-2412-GPKYBT,30 Nelson St,3004,M5V,Condominium,10,Spadina-Fort York
6632194,STR-2412-GWRYBV,93 Greendale Ave,,M6N,Single/Semi-detached House,5,York South-Weston
6632195,STR-2412-HDXYBW,9 Major St,,M5S,Single/Semi-detached House,11,University-Rosedale
6632196,STR-2502-HCHPPW,75 Sellers Ave,BSMT,M6E,Single/Semi-detached House,9,Davenport
6632197,STR-2412-HMVLBX,350 Wellington St W,411,M5V,Condominium,10,Spadina-Fort York
6632198,STR-2412-JDHLBZ,889 Bay St,1203,M5S,Condominium,13,Toronto Centre
6632199,STR-2412-FJRYBP,16 Yonge St,1707,M5E,Condominium,10,Spadina-Fort York
6632200,STR-2412-HWRYBY,163 Portland St,212,M5V,Condominium,10,Spadina-Fort York
6632201,STR-2412-HQBLBX,20 Bruyeres Mews,2001,M5V,Condominium,10,Spadina-Fort York
6632202,STR-2412-GJRYBS,63 Birchview Cres,,M6P,Single/Semi-detached House,4,Parkdale-High Park
6632203,STR-2412-HHKYBW,251 St George St,202,M5R,Apartment,11,University-Rosedale
6632204,STR-2412-FLPLBP,31 O'Meara Crt,,M2J,Single/Semi-detached House,17,Don Valley North
6632205,STR-2412-GZVLBV,28 Ted Rogers Way,1509,M4Y,Condominium,11,University-Rosedale
6632206,STR-2412-HRHLBX,887 Bay St,1410,M5S,Condominium,13,Toronto Centre
6632207,STR-2412-HJTFBX,25 Edinborough Crt,bsmt,M6N,Single/Semi-detached House,5,York South-Weston
6632208,STR-2412-FWCSBR,251 St George St,205,M5R,Apartment,11,University-Rosedale
6632209,STR-2412-FGGFBP,77 Avenue Rd,501,M5R,Condominium,11,University-Rosedale
6632210,STR-2412-GMGFBT,375 King St W,711,M5V,Condominium,10,Spadina-Fort York
6632211,STR-2412-HCTFBW,887 Bay St,907,M5S,Condominium,13,Toronto Centre
6632212,STR-2412-JBMFBZ,209 Fort York Blvd,278,M5V,Condominium,10,Spadina-Fort York
6632213,STR-2412-GMWSBT,209 Fort York Blvd,1169,M5V,Condominium,10,Spadina-Fort York
6632214,STR-2412-HLQSBX,887 Bay St,607,M5S,Condominium,13,Toronto Centre
6632215,STR-2412-FHMFBP,8 Charlotte St,1105,M5V,Condominium,10,Spadina-Fort York
6632216,STR-2412-GGGFBS,200 Victoria St,1208,M5B,Condominium,13,Toronto Centre
6632217,STR-2412-GQCSBT,13 D'Arcy St,,M5T,Single/Semi-detached House,11,University-Rosedale
6632218,STR-2412-GXJSBV,151 Dan Leckie Way,943,M5V,Condominium,10,Spadina-Fort York
6632219,STR-2412-HMWSBX,30 Nelson St,217,M5V,Condominium,10,Spadina-Fort York
6632220,STR-2412-FJTFBP,350 Wellington St W,622,M5V,Condominium,10,Spadina-Fort York
6632221,STR-2412-FRZFBQ,8 Charlotte St,1609,M5V,Condominium,10,Spadina-Fort York
6632222,STR-2412-GQTFBT,353 Cedarvale Ave,,M4C,Single/Semi-detached House,19,Beaches-East York
6632223,STR-2501-HPMFBX,93 Lightbourn Ave,,M6H,Single/Semi-detached House,9,Davenport
6632224,STR-2501-FKJSBP,1367 Islington Ave,,M9A,Single/Semi-detached House,2,Etobicoke Centre
6632225,STR-2501-GJCSBS,165 Legion Rd N,2224,M8Y,Condominium,3,Etobicoke-Lakeshore
6632226,STR-2501-GYQSBV,28 Pendeen Ave,,M6N,Single/Semi-detached House,5,York South-Weston
6632227,STR-2501-HQCSBX,125 Village Green Sq,3208,M1S,Condominium,22,Scarborough-Agincourt
6632228,STR-2501-JFQSBZ,33 Blackbush Dr,BSMT,M9V,Single/Semi-detached House,1,Etobicoke North
6632229,STR-2501-FKZFBP,155 Yorkville Ave,612,M5R,Condominium,11,University-Rosedale
6632230,STR-2501-GBMFBR,168 Annette St,3,M6P,Single/Semi-detached House,4,Parkdale-High Park
6632231,STR-2501-GRZFBT,15 Wanstead Ave,,M1L,Single/Semi-detached House,20,Scarborough Southwest
6632232,STR-2501-HHMFBW,273 Augusta Ave,C,M5T,Apartment,11,University-Rosedale
6632233,STR-2501-HXZFBY,215 Fort York Blvd,2607,M5V,Condominium,10,Spadina-Fort York
6632234,STR-2501-FTWSBQ,290 Brighton Ave,BSMT,M3H,Single/Semi-detached House,6,York Centre
6632235,STR-2501-GCCSBR,24 Beck Ave,,M4C,Single/Semi-detached House,19,Beaches-East York
6632236,STR-2501-GZWSBV,29 Wyndcliff Cres,,M4A,Single/Semi-detached House,16,Don Valley East
6632237,STR-2501-HRJSBX,60 Markham St,,M6J,Single/Semi-detached House,10,Spadina-Fort York
6632238,STR-2501-JGWSBZ,56 Annie Craig Dr,411,M8V,Condominium,3,Etobicoke-Lakeshore
6632239,STR-2501-FMHLBQ,21 Iceboat Ter,2511,M5V,Condominium,10,Spadina-Fort York
6632240,STR-2501-GCVLBS,20 Blue Jays Way,601,M5V,Condominium,10,Spadina-Fort York
6632241,STR-2501-GLBLBT,39 Delaware Ave,,M6H,Single/Semi-detached House,9,Davenport
6632242,STR-2501-GTXYBV,219 Fort York Blvd,2703,M5V,Condominium,10,Spadina-Fort York
6632243,STR-2501-HKKYBX,300 Front St W,3401,M5V,Condominium,10,Spadina-Fort York
6632244,STR-2501-HSRYBY,89 Dunfield Ave,1901,M4S,Condominium,12,Toronto-St. Paul's
6632245,STR-2501-FPPLBQ,68 Osborne Ave,,M4E,Single/Semi-detached House,19,Beaches-East York
6632246,STR-2501-GVPLBV,130 Ivy Ave,,M4L,Single/Semi-detached House,14,Toronto-Danforth
6632247,STR-2501-HTHLBY,12 York St,1209,M5J,Condominium,10,Spadina-Fort York
6632248,STR-2501-FGXYBP,254 Riverdale Ave,2,M4K,Single/Semi-detached House,14,Toronto-Danforth
6632249,STR-2501-FQDYBQ,560 Front St W,1026,M5V,Condominium,10,Spadina-Fort York
6632250,STR-2501-GWDYBV,501 Yonge St,5103,M4Y,Condominium,13,Toronto Centre
6632251,STR-2501-HDKYBW,38 Millicent St,3,M6H,Duplex/Triplex/Fourplex,9,Davenport
6632252,STR-2501-JCDYBZ,12 Marilyn Ave,,M1S,Single/Semi-detached House,22,Scarborough-Agincourt
6632253,STR-2501-FYBLBR,125 Frederick Tisdale Dr,1,M3K,Townhouse/ Row House,6,York Centre
6632254,STR-2501-GPPLBT,156 Portland St,516,M5V,Condominium,10,Spadina-Fort York
6632255,STR-2501-GWVLBV,1343 Islington Ave,,M9A,Single/Semi-detached House,2,Etobicoke Centre
6632256,STR-2501-HFBLBW,29 Beatrice St,B,M6J,Single/Semi-detached House,11,University-Rosedale
6632257,STR-2501-FYRYBR,6 Blairville Rd,2,M3H,Single/Semi-detached House,6,York Centre
6632258,STR-2501-GGXYBS,28 Lewis St,,M4M,Townhouse/ Row House,14,Toronto-Danforth
6632259,STR-2501-GQDYBT,14 York St,2607,M5J,Condominium,10,Spadina-Fort York
6632260,STR-2501-GXKYBV,98 Lillian St,1513,M4S,Condominium,12,Toronto-St. Paul's
6632261,STR-2501-HWDYBY,158 Symington Ave,,M6P,Single/Semi-detached House,9,Davenport
6632262,STR-2501-FJVLBP,832 Bay St,4906,M5S,Condominium,11,University-Rosedale
6632263,STR-2501-GFCSBS,149 Perth Ave,,M6P,Single/Semi-detached House,9,Davenport
6632264,STR-2501-FSBLBQ,251 Jarvis St,3502,M5B,Condominium,13,Toronto Centre
6632265,STR-2501-GQVLBT,68 Merton St,308,M4S,Condominium,12,Toronto-St. Paul's
6632266,STR-2501-GYBLBV,37 Grosvenor St,3007,M4Y,Condominium,13,Toronto Centre
6632267,STR-2501-HPPLBX,10 Morrison St,402,M5V,Condominium,10,Spadina-Fort York
6632268,STR-2501-HWVLBY,89 Frederick Tisdale Dr,,M3K,Townhouse/ Row House,6,York Centre
6632269,STR-2501-FKKYBP,89 Dunfield Ave,635,M4S,Condominium,12,Toronto-St. Paul's
6632270,STR-2501-FSRYBQ,380 Sherbourne St,201,M4X,Apartment,13,Toronto Centre
6632271,STR-2501-FZXYBR,50 Helena Ave,,M6G,Single/Semi-detached House,12,Toronto-St. Paul's
6632272,STR-2501-GRKYBT,251 Jarvis St,1820,M5B,Condominium,13,Toronto Centre
6632273,STR-2501-HXKYBY,12 York St,3503,M5J,Condominium,10,Spadina-Fort York
6632274,STR-2501-GJVLBS,199 Richmond St W,1006,M5V,Condominium,10,Spadina-Fort York
6632275,STR-2501-GSBLBT,21 Iceboat Ter,1809,M5V,Condominium,10,Spadina-Fort York
6632276,STR-2501-HHPLBW,55 Bremner Blvd,3003,M5J,Condominium,10,Spadina-Fort York
6632277,STR-2501-HQVLBX,31 Everett Cres,,M4C,Single/Semi-detached House,19,Beaches-East York
6632278,STR-2501-JGHLBZ,560 Front St W,827,M5V,Condominium,10,Spadina-Fort York
6632279,STR-2501-FTXYBQ,2 Anndale Dr,2511,M2N,Condominium,18,Willowdale
6632280,STR-2501-GKKYBS,209 Fort York Blvd,1367,M5V,Condominium,10,Spadina-Fort York
6632281,STR-2501-JGXYBZ,11 Gageview Crt,,M1V,Single/Semi-detached House,23,Scarborough North
6632282,STR-2501-GTJSBV,199 Richmond St W,301,M5V,Condominium,10,Spadina-Fort York
6632283,STR-2501-HBQSBW,830 Lawrence Ave W,402,M6A,Condominium,8,Eglinton-Lawrence
6632284,STR-2501-HJWSBX,125 Heward Ave,2,M4M,Duplex/Triplex/Fourplex,14,Toronto-Danforth
6632285,STR-2501-HSCSBY,43 Humber Trl,,M6S,Single/Semi-detached House,4,Parkdale-High Park
6632286,STR-2501-FFTFBP,832 Bay St,1008,M5S,Condominium,11,University-Rosedale
6632287,STR-2501-FMZFBQ,692A The Queensway,,M8Y,Apartment,3,Etobicoke-Lakeshore
6632288,STR-2501-GDMFBS,300 Front St W,1611,M5V,Condominium,10,Spadina-Fort York
6632289,STR-2501-GTZFBV,12 York St,4904,M5J,Condominium,10,Spadina-Fort York
6632290,STR-2501-HCGFBW,251 Jarvis St,3513,M5B,Condominium,13,Toronto Centre
6632291,STR-2501-HZZFBZ,151 Dan Leckie Way,307,M5V,Condominium,10,Spadina-Fort York
6632292,STR-2501-FGJSBP,36 Twenty Fourth St,,M8V,Single/Semi-detached House,3,Etobicoke-Lakeshore
6632293,STR-2501-FPQSBQ,112 Fort York Blvd,,M5V,Condominium,10,Spadina-Fort York
6632294,STR-2501-GMJSBT,1100 Sheppard Ave W,1502,M3K,Condominium,6,York Centre
6632295,STR-2501-HLCSBX,300 Front St W,4112,M5V,Condominium,10,Spadina-Fort York
6632296,STR-2501-HTJSBY,63 Greylawn Cres,,M1R,Single/Semi-detached House,21,Scarborough Centre
6632297,STR-2501-FQGFBQ,225 Montrose Ave,,M6G,Single/Semi-detached House,11,University-Rosedale
6632298,STR-2501-HDMFBW,137 Woodfern Dr,,M1K,Single/Semi-detached House,20,Scarborough Southwest
6632299,STR-2501-JCGFBZ,346 Davenport Rd,205,M5R,Condominium,11,University-Rosedale
6632300,STR-2501-FHQSBP,8 Charlotte St,216,M5V,Condominium,10,Spadina-Fort York
6632301,STR-2501-FYCSBR,955 Bay St,1503,M5S,Condominium,13,Toronto Centre
6632302,STR-2501-FQWSBQ,915 King St W,109,M6K,Condominium,10,Spadina-Fort York
6632303,STR-2501-GPQSBT,65 Bremner Blvd,2202,M5J,Condominium,10,Spadina-Fort York
6632304,STR-2501-HFCSBW,12 York St,2507,M5J,Condominium,10,Spadina-Fort York
6632305,STR-2501-HMJSBX,30 Nelson St,2303,M5V,Condominium,10,Spadina-Fort York
6632306,STR-2501-JCWSBZ,190 Borough Dr,3305,M1P,Condominium,21,Scarborough Centre
6632307,STR-2501-GGZFBS,97 Dewson St,,M6H,Single/Semi-detached House,9,Davenport
6632308,STR-2501-GQGFBT,14 York St,1906,M5J,Condominium,10,Spadina-Fort York
6632309,STR-2501-GXMFBV,21 Iceboat Ter,4712,M5V,Condominium,10,Spadina-Fort York
6632310,STR-2501-HFTFBW,90 De Quincy Blvd,2,M3H,Single/Semi-detached House,6,York Centre
6632311,STR-2501-HMZFBX,21 Iceboat Ter,2103,M5V,Condominium,10,Spadina-Fort York
6632312,STR-2501-JDMFBZ,832 Bay St,4103,M5S,Condominium,11,University-Rosedale
6632313,STR-2501-FJWSBP,21 Matthew Crt,,M9B,Townhouse/ Row House,2,Etobicoke Centre
6632314,STR-2501-GQWSBT,69 Hertle Ave,BSMT,M4L,Duplex/Triplex/Fourplex,14,Toronto-Danforth
6632315,STR-2501-GYCSBV,126 Muirhead Rd,BSMT,M2J,Single/Semi-detached House,17,Don Valley North
6632316,STR-2501-HGJSBW,231 Chisholm Ave,,M4C,Single/Semi-detached House,19,Beaches-East York
6632317,STR-2510-GYKBPV,2 Federal St,2,M6J,Duplex/Triplex/Fourplex,9,Davenport
6632318,STR-2501-HWWSBY,15 Lavinia Ave,,M6S,Single/Semi-detached House,4,Parkdale-High Park
6632319,STR-2501-FSTFBQ,158 Indian Grv,Unit 1,M6P,Single/Semi-detached House,4,Parkdale-High Park
6632320,STR-2502-GJGFBS,8 Arkona Dr,,M1T,Single/Semi-detached House,22,Scarborough-Agincourt
6632321,STR-2502-GRMFBT,96 Bleecker St,,M4X,Townhouse/ Row House,13,Toronto Centre
6632322,STR-2502-HGZFBW,21 Iceboat Ter,4703,M5V,Condominium,10,Spadina-Fort York
6632323,STR-2502-HXMFBY,740 Gerrard St E,,M4M,Single/Semi-detached House,14,Toronto-Danforth
6632324,STR-2502-JFTFBZ,238 Simcoe St,2706,M5T,Condominium,10,Spadina-Fort York
6632325,STR-2502-FLCSBP,75 Clissold Rd,,M8Z,Single/Semi-detached House,3,Etobicoke-Lakeshore
6632326,STR-2502-FTJSBQ,222 Northwood Dr,,M2M,Single/Semi-detached House,18,Willowdale
6632327,STR-2502-GJWSBS,89 Westhumber Blvd,,M9W,Single/Semi-detached House,1,Etobicoke North
6632328,STR-2502-GSCSBT,251 Jarvis St,3111,M5B,Condominium,13,Toronto Centre
6632329,STR-2502-HHQSBW,981 Dufferin St,A,M6H,Duplex/Triplex/Fourplex,9,Davenport
6632330,STR-2502-JGJSBZ,21 Iceboat Ter,3702,M5V,Condominium,10,Spadina-Fort York
6632331,STR-2502-FTZFBQ,116 Woodbine Ave,,M4L,Townhouse/ Row House,19,Beaches-East York
6632332,STR-2502-GZZFBV,78 Dovercourt Rd,Main,M6J,Single/Semi-detached House,9,Davenport
6632333,STR-2502-HRMFBX,151 Dan Leckie Way,950,M5V,Condominium,10,Spadina-Fort York
6632334,STR-2502-HYTFBY,10 Capreol Crt,550,M5V,Condominium,10,Spadina-Fort York
6632335,STR-2502-FDPPPP,120 Homewood Ave,2205,M4Y,Apartment,13,Toronto Centre
6632336,STR-2502-GCHPPS,74 Shannon St,,M6J,Single/Semi-detached House,9,Davenport
6632337,STR-2502-GSVPPV,21 Iceboat Ter,4602,M5V,Condominium,10,Spadina-Fort York
6632338,STR-2502-HBBPPW,71 Godstone Rd,116,M2J,Townhouse/ Row House,17,Don Valley North
6632339,STR-2502-FFFBPP,7 Oxenden Cres,,M9C,Single/Semi-detached House,2,Etobicoke Centre
6632340,STR-2502-FMLBPQ,832 Bay St,3404,M5S,Condominium,11,University-Rosedale
6632341,STR-2502-FVSBPR,314 Oakwood Ave,4,M6E,Apartment,9,Davenport
6632342,STR-2502-GCYBPS,49 Hazelton Ave,,M5R,Single/Semi-detached House,11,University-Rosedale
6632343,STR-2502-GLFBPT,251 Jarvis St,2905,M5B,Condominium,13,Toronto Centre
6632344,STR-2502-GTLBPV,251 Jarvis St,3505,M5B,Condominium,13,Toronto Centre
6632345,STR-2502-HBSBPW,210 Seaton St,,M5A,Single/Semi-detached House,13,Toronto Centre
6632346,STR-2502-HJYBPX,300 Front St W,414,M5V,Condominium,10,Spadina-Fort York
6632347,STR-2502-HSFBPY,353 Victoria Park Ave,,M4E,Single/Semi-detached House,20,Scarborough Southwest
6632348,STR-2502-HZLBPZ,270 Wellington St W,PH 4,M5V,Condominium,10,Spadina-Fort York
6632349,STR-2502-FWHPPR,20 John St,1122,M5V,Condominium,10,Spadina-Fort York
6632350,STR-2502-GDPPPS,17 Kenscott Rd,Upper floor,M1B,Single/Semi-detached House,25,Scarborough-Rouge Park
6632351,STR-2502-GLVPPT,20 Blue Jays Way,2401,M5V,Condominium,10,Spadina-Fort York
6632352,STR-2502-JBBPPZ,260 Belsize Dr,,M4S,Single/Semi-detached House,15,Don Valley West
6632353,STR-2502-FPSBPQ,39 Russett Ave,Main,M6H,Single/Semi-detached House,9,Davenport
6632354,STR-2502-GFFBPS,300 Front St W,4102,M5V,Condominium,10,Spadina-Fort York
6632355,STR-2502-GMLBPT,21 Araman Dr,,M1T,Single/Semi-detached House,22,Scarborough-Agincourt
6632356,STR-2502-HLFBPX,209 Fort York Blvd,1657,M5V,Condominium,10,Spadina-Fort York
6632357,STR-2502-HTLBPY,55 Bremner Blvd,4106,M5J,Condominium,10,Spadina-Fort York
6632358,STR-2502-JBSBPZ,12 York St,5209,M5J,Condominium,10,Spadina-Fort York
6632359,STR-2502-FQHPPQ,21 Iceboat Ter,2603,M5V,Condominium,10,Spadina-Fort York
6632360,STR-2502-FXPPPR,163 Bellwoods Ave,A,M6J,Single/Semi-detached House,10,Spadina-Fort York
6632361,STR-2502-GFVPPS,955 Bay St,2716,M5S,Condominium,13,Toronto Centre
6632362,STR-2502-GWHPPV,832 Bay St,2503,M5S,Condominium,11,University-Rosedale
6632363,STR-2502-HLVPPX,643 Christie St,Main,M6G,Single/Semi-detached House,12,Toronto-St. Paul's
6632364,STR-2502-HVBPPY,100 Logan Ave,,M4M,Single/Semi-detached House,14,Toronto-Danforth
6632365,STR-2502-FQYBPQ,256 Manning Ave,,M6J,Townhouse/ Row House,11,University-Rosedale
6632366,STR-2502-GGLBPS,300 Front St W,3611,M5V,Condominium,10,Spadina-Fort York
6632367,STR-2502-GWYBPV,55 Bremner Blvd,1210,M5J,Condominium,10,Spadina-Fort York
6632368,STR-2502-HMLBPX,21 Iceboat Ter,3303,M5V,Condominium,10,Spadina-Fort York
6632369,STR-2502-JCYBPZ,250 Queens Quay W,505,M5J,Condominium,10,Spadina-Fort York
6632370,STR-2502-FJHPPP,12 York St,3306,M5J,Condominium,10,Spadina-Fort York
6632371,STR-2502-FYVPPR,210 Victoria St,611,M5B,Condominium,13,Toronto Centre
6632372,STR-2502-GQHPPT,76 Bellefair Ave,Main,M4L,Single/Semi-detached House,19,Beaches-East York
6632373,STR-2502-HPBPPX,39 Lesgay Cres,,M2J,Single/Semi-detached House,17,Don Valley North
6632374,STR-2502-FJYBPP,550 Queens Quay  W,826,M5V,Condominium,10,Spadina-Fort York
6632375,STR-2502-FSFBPQ,12 Liam Foudy Crt,,M1P,Single/Semi-detached House,21,Scarborough Centre
6632376,STR-2502-FZLBPR,14 York St,6308,M5J,Condominium,10,Spadina-Fort York
6632377,STR-2502-GQYBPT,19 Stamford Sq S,,M1L,Single/Semi-detached House,20,Scarborough Southwest
6632378,STR-2502-HGLBPW,210 Victoria St,2311,M5B,Condominium,13,Toronto Centre
6632379,STR-2502-FKPPPP,151 Dan Leckie Way,347,M5V,Condominium,10,Spadina-Fort York
6632380,STR-2502-GYVPPV,64 Wallington Ave,,M4C,Single/Semi-detached House,19,Beaches-East York
6632381,STR-2502-HXPPPY,69 Gothic Ave,,M6P,Single/Semi-detached House,4,Parkdale-High Park
6632382,STR-2502-FTLBPQ,241 Euclid Ave,,M6J,Single/Semi-detached House,11,University-Rosedale
6632383,STR-2502-GJYBPS,10 Capreol Crt,1015,M5V,Condominium,10,Spadina-Fort York
6632384,STR-2502-GZLBPV,155 Yorkville Ave,516,M5R,Condominium,11,University-Rosedale
6632385,STR-2502-HQYBPX,14 Beechborough Ave,,M6M,Single/Semi-detached House,5,York South-Weston
6632386,STR-2502-HYFBPY,560 Front St W,1004,M5V,Condominium,10,Spadina-Fort York
6632387,STR-2502-FDQVPP,21 Iceboat Ter,4115,M5V,Condominium,10,Spadina-Fort York
6632388,STR-2502-FLWVPQ,89 Dunfield Ave,1209,M4S,Condominium,12,Toronto-St. Paul's
6632389,STR-2502-FVCVPR,930 Eastern Ave,,M4L,Single/Semi-detached House,14,Toronto-Danforth
6632390,STR-2502-GKQVPT,12 York St,608,M5J,Condominium,10,Spadina-Fort York
6632391,STR-2502-GSWVPV,14 Rushley Dr,,M1P,Single/Semi-detached House,21,Scarborough Centre
6632392,STR-2502-HBCVPW,22 Western Battery Rd,101,M6K,Townhouse/ Row House,10,Spadina-Fort York
6632393,STR-2502-HJJVPX,1585 Dundas St W,REAR,M6K,Apartment,9,Davenport
6632394,STR-2502-FFGHPP,209 Fort York Blvd,472,M5V,Condominium,10,Spadina-Fort York
6632395,STR-2502-FVTHPR,111 Coleman Ave,,M4C,Single/Semi-detached House,19,Beaches-East York
6632396,STR-2502-GCZHPS,209 Fort York Blvd,577,M5V,Condominium,10,Spadina-Fort York
6632397,STR-2502-GLGHPT,31B Osborne Ave,,M4E,Townhouse/ Row House,19,Beaches-East York
6632398,STR-2511-FDXBPP,920 Willowdale Ave,Main,M2M,Duplex/Triplex/Fourplex,18,Willowdale
6632399,STR-2502-HBTHPW,19 Neilson Ave,Main,M1M,Single/Semi-detached House,20,Scarborough Southwest
6632400,STR-2502-HJZHPX,1252 King St W,10,M6K,Condominium,4,Parkdale-High Park
6632401,STR-2502-HZMHPZ,5 St Joseph St,4406,M4Y,Condominium,13,Toronto Centre
6632402,STR-2502-FPCVPQ,158 Indian Grv,B1,M6P,Single/Semi-detached House,4,Parkdale-High Park
6632403,STR-2502-GDQVPS,428 Sackville St,,M4X,Single/Semi-detached House,13,Toronto Centre
6632404,STR-2502-GLWVPT,215 Fort York Blvd,809,M5V,Condominium,10,Spadina-Fort York
6632405,STR-2502-HCJVPW,18 Cresswell Dr,,M1G,Single/Semi-detached House,24,Scarborough-Guildwood
6632406,STR-2502-HKQVPX,174 Kingswood Rd,,M4E,Single/Semi-detached House,19,Beaches-East York
6632407,STR-2502-HSWVPY,101 Peter St,7,M5V,Condominium,10,Spadina-Fort York
6632408,STR-2502-FPTHPQ,52 Cobham Cres,,M4A,Single/Semi-detached House,16,Don Valley East
6632409,STR-2502-GMMHPT,1029 King St W,1022,M6K,Condominium,10,Spadina-Fort York
6632410,STR-2502-GVTHPV,209 Fort York Blvd,556,M5V,Condominium,10,Spadina-Fort York
6632411,STR-2502-HCZHPW,23 Laurentia Cres,,M3H,Single/Semi-detached House,6,York Centre
6632412,STR-2502-HLGHPX,54 Cobbler Cres,,M3N,Single/Semi-detached House,7,Humber River-Black Creek
6632413,STR-2502-HTMHPY,20 John St,621,M5V,Condominium,10,Spadina-Fort York
6632414,STR-2502-FHCVPP,123 Thornbeck Dr,,M1G,Single/Semi-detached House,24,Scarborough-Guildwood
6632415,STR-2502-FXQVPR,832 Bay St,1203,M5S,Condominium,11,University-Rosedale
6632416,STR-2502-GFWVPS,25 Bedford Rd,603,M5R,Apartment,11,University-Rosedale
6632417,STR-2502-GPCVPT,890 Queen St E,B,M4M,Apartment,14,Toronto-Danforth
6632418,STR-2502-GWJVPV,749 Gerrard St E,1,M4M,Townhouse/ Row House,14,Toronto-Danforth
6632419,STR-2502-HDQVPW,103 Madison Ave,3,M5R,Apartment,11,University-Rosedale
6632420,STR-2502-HLWVPX,15 Laidlaw St,608,M6K,Townhouse/ Row House,10,Spadina-Fort York
6632421,STR-2502-HVCVPY,44 De Vere Gdns,,M5M,Single/Semi-detached House,8,Eglinton-Lawrence
6632422,STR-2511-FPZPPQ,744 Coxwell Ave,B,M4C,Single/Semi-detached House,14,Toronto-Danforth
6632423,STR-2502-FHTHPP,300 Front St W,3008,M5V,Condominium,10,Spadina-Fort York
6632424,STR-2502-FQZHPQ,65 Bremner Blvd,3503,M5J,Condominium,10,Spadina-Fort York
6632425,STR-2502-FYGHPR,21 Iceboat Ter,1206,M5V,Condominium,10,Spadina-Fort York
6632426,STR-2502-GWZHPV,12A St Georges Blvd,,M9R,Single/Semi-detached House,1,Etobicoke North
6632427,STR-2502-HMMHPX,7 Golden Lion Hts,N3002,M2M,Condominium,18,Willowdale
6632428,STR-2502-JCZHPZ,188 Cumberland St,1702,M5R,Condominium,11,University-Rosedale
6632429,STR-2502-FJJVPP,38 Dan Leckie Way,1602,M5V,Condominium,10,Spadina-Fort York
6632430,STR-2502-GHCVPS,600 Queens Quay W,1012,M5V,Condominium,10,Spadina-Fort York
6632431,STR-2502-HWJVPY,44 Glenlake Ave,1,M6P,Duplex/Triplex/Fourplex,4,Parkdale-High Park
6632432,STR-2503-JDQVPZ,1655 Keele St,,M6M,Single/Semi-detached House,5,York South-Weston
6632433,STR-2503-FSGHPQ,12 York St,3002,M5J,Condominium,10,Spadina-Fort York
6632434,STR-2503-FZMHPR,43 Blair Athol Cres,,M9A,Single/Semi-detached House,2,Etobicoke Centre
6632435,STR-2503-GYGHPV,4 Newbold Ave,301,M4L,Apartment,19,Beaches-East York
6632436,STR-2511-HTFHPY,2281 Dundas St W,2,M6R,Apartment,4,Parkdale-High Park
6632437,STR-2503-HGMHPW,139 Elmer Ave,,M4L,Single/Semi-detached House,19,Beaches-East York
6632438,STR-2503-HPTHPX,2 Anndale Dr,1704,M2N,Condominium,18,Willowdale
6632439,STR-2503-JFGHPZ,500 Doris Ave,1119,M2N,Condominium,18,Willowdale
6632440,STR-2503-FKQVPP,18 Divadale Dr,,M4G,Single/Semi-detached House,15,Don Valley West
6632441,STR-2503-GBCVPR,161 Chipwood Cres,303,M2J,Single/Semi-detached House,17,Don Valley North
6632442,STR-2503-GJJVPS,1006 Mount Pleasant Rd,,M4P,Single/Semi-detached House,15,Don Valley West
6632443,STR-2503-GRQVPT,730 St Clarens Ave,703,M6H,Apartment,9,Davenport
6632444,STR-2503-GYWVPV,158 Northcliffe Blvd,M,M6E,Duplex/Triplex/Fourplex,9,Davenport
6632445,STR-2503-HHCVPW,20 Blue Jays Way,1106,M5V,Condominium,10,Spadina-Fort York
6632446,STR-2503-JFWVPZ,210 Victoria St,711,M5B,Condominium,13,Toronto Centre
6632447,STR-2503-FLGHPP,120 Homewood Ave,1009,M4Y,Condominium,13,Toronto Centre
6632448,STR-2503-GJZHPS,251 Gerrard St E,A,M5A,Apartment,13,Toronto Centre
6632449,STR-2503-GSGHPT,326 Howland Ave,,M5R,Single/Semi-detached House,12,Toronto-St. Paul's
6632450,STR-2503-GZMHPV,155 Yorkville Ave,715,M5R,Condominium,11,University-Rosedale
6632451,STR-2503-HQZHPX,253 Bedford Park Ave,,M5M,Single/Semi-detached House,8,Eglinton-Lawrence
6632452,STR-2503-JGMHPZ,332 Robina Ave,APT,M6C,Single/Semi-detached House,12,Toronto-St. Paul's
6632453,STR-2503-FDSBPP,50 Eltham Dr,,M8W,Single/Semi-detached House,3,Etobicoke-Lakeshore
6632454,STR-2503-FLYBPQ,259 Albany Ave,,M5R,Single/Semi-detached House,11,University-Rosedale
6632455,STR-2503-FVFBPR,9 Conlins Rd,,M1C,Single/Semi-detached House,25,Scarborough-Rouge Park
6632456,STR-2503-GKSBPT,155 Yorkville Ave,1208,M5R,Condominium,11,University-Rosedale
6632457,STR-2503-HBFBPW,32 Fuller Ave,,M6R,Single/Semi-detached House,4,Parkdale-High Park
6632458,STR-2503-HYYBPZ,54 Peterborough Ave,2,M6H,Duplex/Triplex/Fourplex,9,Davenport
6632459,STR-2503-FMPPPQ,26 Ridgemoor Ave,,M1N,Single/Semi-detached House,20,Scarborough Southwest
6632460,STR-2503-FVVPPR,151 Dan Leckie Way,1811,M5V,Condominium,10,Spadina-Fort York
6632461,STR-2503-GLHPPT,113 Wolseley St,A,M6J,Duplex/Triplex/Fourplex,10,Spadina-Fort York
6632462,STR-2503-HBVPPW,38 Templar Dr,2,M9R,Duplex/Triplex/Fourplex,2,Etobicoke Centre
6632463,STR-2503-HKBPPX,168 Simcoe St,1013,M5H,Condominium,10,Spadina-Fort York
6632464,STR-2503-HSHPPY,197 Maria St,,M6P,Townhouse/ Row House,4,Parkdale-High Park
6632465,STR-2503-HZPPPZ,24 August Ave,,M1L,Single/Semi-detached House,20,Scarborough Southwest
6632466,STR-2503-FFYBPP,321 Lonsdale Rd,H,M4V,Apartment,12,Toronto-St. Paul's
6632467,STR-2503-FPFBPQ,101 Peter St,1611,M5V,Condominium,10,Spadina-Fort York
6632468,STR-2503-GDSBPS,2 Anndale Dr,1403,M2N,Condominium,18,Willowdale
6632469,STR-2503-HCLBPW,251 Jarvis St,1709,M5B,Condominium,13,Toronto Centre
6632470,STR-2503-HKSBPX,1101 Brimley Rd,,M1P,Single/Semi-detached House,21,Scarborough Centre
6632471,STR-2503-HSYBPY,65 Bremner Blvd,4106,M5J,Condominium,10,Spadina-Fort York
6632472,STR-2503-JBFBPZ,18 Yonge St,1202,M5E,Condominium,10,Spadina-Fort York
6632473,STR-2503-FGPPPP,19 Baskerville Cres,,M9C,Single/Semi-detached House,2,Etobicoke Centre
6632474,STR-2503-FXBPPR,284 Melrose St,,M8Z,Single/Semi-detached House,3,Etobicoke-Lakeshore
6632475,STR-2503-GFHPPS,222 Elm St,202,M5T,Apartment,11,University-Rosedale
6632476,STR-2503-GVVPPV,2 Anndale Dr,2403,M2N,Condominium,18,Willowdale
6632477,STR-2503-HDBPPW,22 Turtle Island Rd,,M6A,Townhouse/ Row House,8,Eglinton-Lawrence
6632478,STR-2503-HLHPPX,18 Aspendale Dr,,M1P,Single/Semi-detached House,21,Scarborough Centre
6632479,STR-2503-FHFBPP,356 Riverdale Ave,Lower,M4J,Single/Semi-detached House,14,Toronto-Danforth
6632480,STR-2503-FQLBPQ,32 Cheatham Pl,,M1B,Single/Semi-detached House,23,Scarborough North
6632481,STR-2503-GFYBPS,151 Dan Leckie Way,552,M5V,Apartment,10,Spadina-Fort York
6632482,STR-2503-HLYBPX,2 Anndale Dr,2106,M2N,Condominium,18,Willowdale
6632483,STR-2503-HVFBPY,9 Weston Downs Ave,,M9N,Single/Semi-detached House,5,York South-Weston
6632484,STR-2503-JCLBPZ,23 Cremorne Ave,,M8Z,Single/Semi-detached House,3,Etobicoke-Lakeshore
6632485,STR-2503-FHVPPP,21 Iceboat Ter,1609,M5V,Condominium,10,Spadina-Fort York
6632486,STR-2503-FRBPPQ,136 Silverhill Dr,,M9B,Single/Semi-detached House,3,Etobicoke-Lakeshore
6632487,STR-2503-GXBPPV,795B Manning Ave,,M6G,Single/Semi-detached House,11,University-Rosedale
6632488,STR-2503-HMPPPX,211 Island Rd,,M1C,Single/Semi-detached House,25,Scarborough-Rouge Park
6632489,STR-2503-JDBPPZ,58 Shaver Ave S,,M9B,Single/Semi-detached House,3,Etobicoke-Lakeshore
6632490,STR-2503-FJLBPP,199 Richmond St W,217,M5V,Condominium,10,Spadina-Fort York
6632491,STR-2503-FRSBPQ,68 Burnaby Blvd,1,M5N,Duplex/Triplex/Fourplex,8,Eglinton-Lawrence
6632492,STR-2503-GHFBPS,732 Royal York Rd,,M8Y,Single/Semi-detached House,3,Etobicoke-Lakeshore
6632493,STR-2503-GQLBPT,67 Denison Ave,,M5T,Single/Semi-detached House,10,Spadina-Fort York
6632494,STR-2503-GXSBPV,42 Western Battery Rd,744,M6K,Condominium,10,Spadina-Fort York
6632495,STR-2503-HFYBPW,130 Pemberton Ave,,M2M,Single/Semi-detached House,18,Willowdale
6632496,STR-2503-HPFBPX,181 Huron St,204,M5T,Condominium,11,University-Rosedale
6632497,STR-2503-HWLBPY,12 York St,2702,M5J,Apartment,10,Spadina-Fort York
6632498,STR-2503-FKBPPP,149 Dowling Ave,B,M6K,Apartment,4,Parkdale-High Park
6632499,STR-2503-FSHPPQ,11 Lockmere Terr,Lower Level,M2J,Single/Semi-detached House,17,Don Valley North
6632500,STR-2503-HXBPPY,21 Iceboat Ter,4510,M5V,Condominium,10,Spadina-Fort York
6632501,STR-2503-GBFBPR,21 Baird Ave,,M4J,Single/Semi-detached House,14,Toronto-Danforth
6632502,STR-2503-JFHPPZ,11 Christie St,103,M6G,Apartment,11,University-Rosedale
6632503,STR-2503-FKSBPP,36 BrentCliffe Rd,313,M4G,Apartment,15,Don Valley West
6632504,STR-2503-FSYBPQ,8 Widmer St,812,M5V,Condominium,10,Spadina-Fort York
6632505,STR-2503-GYYBPV,34 Lynmont Rd,,M9V,Single/Semi-detached House,1,Etobicoke North
6632506,STR-2503-HHFBPW,28 St Andrew St,2,M5T,Apartment,11,University-Rosedale
6632507,STR-2503-JFYBPZ,9 Beatrice St,,M6J,Single/Semi-detached House,11,University-Rosedale
6632508,STR-2503-FLHPPP,281 Clinton St,,M6G,Townhouse/ Row House,11,University-Rosedale
6632509,STR-2503-GBVPPR,38 Western Battery Rd,626,M6K,Townhouse/ Row House,10,Spadina-Fort York
6632510,STR-2503-HHVPPW,168 Simcoe St,507,M5H,Condominium,10,Spadina-Fort York
6632511,STR-2503-GKBPPS,101 Peter St,3902,M5V,Condominium,10,Spadina-Fort York
6632512,STR-2503-GSHPPT,1184 Ossington Ave,2,M6G,Duplex/Triplex/Fourplex,9,Davenport
6632513,STR-2503-GZPPPV,749 Richmond St W,,M6J,Single/Semi-detached House,10,Spadina-Fort York
6632514,STR-2503-HRBPPX,637 Wellington St W,,M5V,Duplex/Triplex/Fourplex,10,Spadina-Fort York
6632515,STR-2503-FDTHPP,67 Gustav Cres,,M2M,Single/Semi-detached House,18,Willowdale
6632516,STR-2503-FLZHPQ,101 Peter St,1607,M5V,Condominium,10,Spadina-Fort York
6632517,STR-2503-GCMHPS,300 Front St W,3313,M5V,Condominium,10,Spadina-Fort York
6632518,STR-2503-GKTHPT,61 Northern Dancer Blvd,,M4L,Single/Semi-detached House,19,Beaches-East York
6632519,STR-2503-HBGHPW,29 Bowan Crt,,M2K,Single/Semi-detached House,17,Don Valley North
6632520,STR-2503-HRTHPY,21 Iceboat Ter,3207,M5V,Condominium,10,Spadina-Fort York
6632521,STR-2503-HYZHPZ,17 Wadsworth Blvd,,M9N,Single/Semi-detached House,5,York South-Weston
6632522,STR-2503-FFJVPP,7 Flax Field Lane,,M2N,Townhouse/ Row House,18,Willowdale
6632523,STR-2503-FMQVPQ,149 Brock Ave,,M6K,Single/Semi-detached House,9,Davenport
6632524,STR-2503-FVWVPR,43 Templeton Crt,,M1E,Single/Semi-detached House,24,Scarborough-Guildwood
6632525,STR-2503-GDCVPS,209 Fort York Blvd,762,M5V,Condominium,10,Spadina-Fort York
6632526,STR-2503-GTQVPV,70 Douro St,114,M6K,Townhouse/ Row House,10,Spadina-Fort York
6632527,STR-2503-HBWVPW,9 Spadina Ave,815,M5V,Condominium,10,Spadina-Fort York
6632528,STR-2503-HSJVPY,59 Brawley Ave,,M8Z,Single/Semi-detached House,3,Etobicoke-Lakeshore
6632529,STR-2503-HZQVPZ,39 South Kingsway,,M6S,Single/Semi-detached House,4,Parkdale-High Park
6632530,STR-2503-FFZHPP,31 Phipps St,R611,M4Y,Apartment,13,Toronto Centre
6632531,STR-2503-FPGHPQ,151 Dan Leckie Way,1202,M5V,Condominium,10,Spadina-Fort York
6632532,STR-2503-GDTHPS,3 Kellen St,,M1T,Single/Semi-detached House,22,Scarborough-Agincourt
6632533,STR-2503-GLZHPT,62 Exbury Rd,,M3M,Single/Semi-detached House,6,York Centre
6632534,STR-2503-GVGHPV,300 Front St W,2708,M5V,Condominium,10,Spadina-Fort York
6632535,STR-2503-HCMHPW,55 Bremner Blvd,2211,M5J,Condominium,10,Spadina-Fort York
6632536,STR-2503-HKTHPX,116 Seaton St,unit 2,M5A,Duplex/Triplex/Fourplex,13,Toronto Centre
6632537,STR-2503-HSZHPY,101 Peter St,1906,M5V,Condominium,10,Spadina-Fort York
6632538,STR-2503-JBGHPZ,12 York St,4707,M5J,Condominium,10,Spadina-Fort York
6632539,STR-2503-FGQVPP,715 Lawrence Ave W,18,M6A,Townhouse/ Row House,8,Eglinton-Lawrence
6632540,STR-2503-FPWVPQ,151 Dan Leckie Way,802,M5V,Condominium,10,Spadina-Fort York
6632541,STR-2503-FXCVPR,33 Ovida Ave,,M9B,Single/Semi-detached House,3,Etobicoke-Lakeshore
6632542,STR-2503-HDCVPW,136 Ellins Ave,,M6N,Single/Semi-detached House,5,York South-Weston
6632543,STR-2503-HLJVPX,2B Holmstead Ave,,M4B,Single/Semi-detached House,19,Beaches-East York
6632544,STR-2503-HTQVPY,64 Montrose Ave,,M6J,Single/Semi-detached House,11,University-Rosedale
6632545,STR-2503-JBWVPZ,10 Willison Sq,602,M5T,Condominium,10,Spadina-Fort York
6632546,STR-2503-GPGHPT,29 McMahon Dr,VILLA101,M2K,Townhouse/ Row House,17,Don Valley North
6632547,STR-2503-HDTHPW,1546 Dufferin St,,M6H,Townhouse/ Row House,9,Davenport
6632548,STR-2503-JCMHPZ,12 York St,4202,M5J,Condominium,10,Spadina-Fort York
6632549,STR-2503-FRCVPQ,650 Queens Quay W,210,M5V,Apartment,10,Spadina-Fort York
6632550,STR-2503-FYJVPR,397 Front St W,901,M5V,Apartment,10,Spadina-Fort York
6632551,STR-2503-GGQVPS,105 George St,1907,M5A,Condominium,13,Toronto Centre
6632552,STR-2503-GPWVPT,48 Smithfield Dr,,M8Y,Single/Semi-detached House,3,Etobicoke-Lakeshore
6632553,STR-2503-HFJVPW,163 Manning Ave,UPPER,M6J,Duplex/Triplex/Fourplex,10,Spadina-Fort York
6632554,STR-2503-HVWVPY,103 Charlton Blvd,,M2M,Single/Semi-detached House,18,Willowdale
6632555,STR-2503-FRTHPQ,25 Carnwath Cres,,M2P,Single/Semi-detached House,15,Don Valley West
6632556,STR-2503-FYZHPR,58 Temple Bar Cres,,M1W,Single/Semi-detached House,22,Scarborough-Agincourt
6632557,STR-2503-GHGHPS,3380 Eglinton Ave E,905,M1J,Condominium,24,Scarborough-Guildwood
6632558,STR-2503-GQMHPT,636 Evans Ave,66,M8W,Townhouse/ Row House,3,Etobicoke-Lakeshore
6632559,STR-2503-GXTHPV,12 York St,3005,M5J,Condominium,10,Spadina-Fort York
6632560,STR-2503-HWMHPY,80 Adanac Dr,,M1M,Single/Semi-detached House,20,Scarborough Southwest
6632561,STR-2503-HFZHPW,120 Harrison Garden Blvd,411,M2N,Condominium,18,Willowdale
6632562,STR-2503-HPGHPX,77 Allingham Gdns,,M3H,Single/Semi-detached House,6,York Centre
6632563,STR-2503-JDTHPZ,1818 Lake Shore Blvd E,,M4L,Single/Semi-detached House,19,Beaches-East York
6632564,STR-2503-FKCVPP,215 Fort York Blvd,3610,M5V,Condominium,10,Spadina-Fort York
6632565,STR-2503-FSJVPQ,165 Sunnyside Ave,1,M6R,Single/Semi-detached House,4,Parkdale-High Park
6632566,STR-2503-GHWVPS,209 Fort York Blvd,1362,M5V,Condominium,10,Spadina-Fort York
6632567,STR-2503-GRCVPT,50 William Durie Way,,M2R,Single/Semi-detached House,18,Willowdale
6632568,STR-2503-HXCVPY,120 Harrison Garden Blvd,135,M2N,Condominium,18,Willowdale
6632569,STR-2503-JFJVPZ,21 Iceboat Ter,2608,M5V,Condominium,10,Spadina-Fort York
6632570,STR-2503-FKTHPP,12 York St,1511,M5J,Condominium,10,Spadina-Fort York
6632571,STR-2503-FSZHPQ,600 Queens Quay W,718,M5V,Apartment,10,Spadina-Fort York
6632572,STR-2503-GYZHPV,1314 Dupont St,BSMT,M6H,Townhouse/ Row House,9,Davenport
6632573,STR-2503-HHGHPW,550 Queens Quay W,203,M5V,Apartment,10,Spadina-Fort York
6632574,STR-2503-HQMHPX,23 Cherrystone Dr,,M2H,Single/Semi-detached House,17,Don Valley North
6632575,STR-2503-JFZHPZ,793 Albion Rd,,M9V,Single/Semi-detached House,1,Etobicoke North
6632576,STR-2503-FLJVPP,10 Capreol Crt,223,M5V,Apartment,10,Spadina-Fort York
6632577,STR-2503-FTQVPQ,9 Rankin Cres,,M6P,Townhouse/ Row House,9,Davenport
6632578,STR-2503-GBWVPR,15 Iceboat Ter,333,M5V,Apartment,10,Spadina-Fort York
6632579,STR-2503-GKCVPS,158 Indian Grv,UNIT B2,M6P,Single/Semi-detached House,4,Parkdale-High Park
6632580,STR-2503-HRCVPX,14 York St,3004,M5J,Condominium,10,Spadina-Fort York
6632581,STR-2503-FDVPPP,208 Finch Ave E,,M2N,Single/Semi-detached House,18,Willowdale
6632582,STR-2503-FMBPPQ,300 Front St W,4307,M5V,Condominium,10,Spadina-Fort York
6632583,STR-2503-FVHPPR,103 Ashdale Ave,2,M4L,Duplex/Triplex/Fourplex,14,Toronto-Danforth
6632584,STR-2503-GCPPPS,21 Glen Belle Cres,,M6A,Single/Semi-detached House,8,Eglinton-Lawrence
6632585,STR-2503-GKVPPT,188 Cumberland St,809,M5R,Condominium,11,University-Rosedale
6632586,STR-2503-HJPPPX,251 Jarvis St,2705,M5B,Condominium,13,Toronto Centre
6632587,STR-2503-HRVPPY,251 Jarvis St,317,M5B,Condominium,13,Toronto Centre
6632588,STR-2503-FFLBPP,2 Anndale Dr,809,M2N,Condominium,18,Willowdale
6632589,STR-2504-FMSBPQ,185 Craighurst Ave,,M4R,Single/Semi-detached House,8,Eglinton-Lawrence
6632590,STR-2504-GDFBPS,53 Satok Terr,,M1E,Single/Semi-detached House,25,Scarborough-Rouge Park
6632591,STR-2504-GLLBPT,61 West Lodge Ave,2,M6K,Duplex/Triplex/Fourplex,4,Parkdale-High Park
6632592,STR-2504-HBYBPW,389 Lansdowne Ave,4,M6H,Duplex/Triplex/Fourplex,9,Davenport
6632593,STR-2504-HKFBPX,300 Front St W,508,M5V,Condominium,10,Spadina-Fort York
6632594,STR-2504-HSLBPY,234 Bathurst St,MAIN,M5T,Apartment,10,Spadina-Fort York
6632595,STR-2504-HZSBPZ,577 Bathurst St,1,M5S,Duplex/Triplex/Fourplex,11,University-Rosedale
6632596,STR-2504-FWPPPR,10 Capreol Crt,522,M5V,Apartment,10,Spadina-Fort York
6632597,STR-2504-GDVPPS,140 Simcoe St,906,M5H,Apartment,10,Spadina-Fort York
6632598,STR-2504-GMBPPT,433 Hillsdale Ave E,,M4S,Single/Semi-detached House,15,Don Valley West
6632599,STR-2504-GVHPPV,98 Lillian St,2717,M4S,Condominium,12,Toronto-St. Paul's
6632600,STR-2504-HKVPPX,58 Beverley St,Upper unit,M5T,Duplex/Triplex/Fourplex,10,Spadina-Fort York
6632601,STR-2504-HTBPPY,3091 Dufferin St,1509,M6A,Condominium,8,Eglinton-Lawrence
6632602,STR-2504-JBHPPZ,151 Dan Leckie Way,555,M5V,Condominium,10,Spadina-Fort York
6632603,STR-2504-FXFBPR,55 Bremner Blvd,4302,M5J,Condominium,10,Spadina-Fort York
6632604,STR-2504-GMSBPT,101 Peter St,3605,M5V,Condominium,10,Spadina-Fort York
6632605,STR-2504-HDFBPW,14 York St,711,M5J,Condominium,10,Spadina-Fort York
6632606,STR-2504-HLLBPX,8 Glenelia Ave,,M2M,Single/Semi-detached House,18,Willowdale
6632607,STR-2504-HTSBPY,410A Queen St W,2,M5V,Duplex/Triplex/Fourplex,10,Spadina-Fort York
6632608,STR-2504-HYLBPY,12 York St,5408,M5J,Condominium,10,Spadina-Fort York
6632609,STR-2504-FXVPPR,70 Queens Wharf Rd,2012,M5V,Condominium,10,Spadina-Fort York
6632610,STR-2504-GGBPPS,798 Richmond St W,337,M6J,Apartment,10,Spadina-Fort York
6632611,STR-2504-GPHPPT,25 Nicholas Ave,506,M5A,Apartment,13,Toronto Centre
6632612,STR-2504-HDVPPW,156 The Westway,,M9P,Single/Semi-detached House,2,Etobicoke Centre
6632613,STR-2504-HMBPPX,165 Legion Rd N,2132,M8Y,Apartment,3,Etobicoke-Lakeshore
6632614,STR-2504-HVHPPY,48 Myrtle Ave,,M4M,Single/Semi-detached House,14,Toronto-Danforth
6632615,STR-2504-JCPPPZ,14 York St,2704,M5J,Condominium,10,Spadina-Fort York
6632616,STR-2504-FHYBPP,1042 Davenport Rd,3,M6G,Duplex/Triplex/Fourplex,12,Toronto-St. Paul's
6632617,STR-2504-FRFBPQ,69 Yarrow Rd,,M6M,Single/Semi-detached House,5,York South-Weston
6632618,STR-2504-FYLBPR,156 Glen Park Ave,,M6B,Single/Semi-detached House,8,Eglinton-Lawrence
6632619,STR-2504-GGSBPS,112 George St,1508,M5A,Condominium,13,Toronto Centre
6632620,STR-2504-GXFBPV,50 Bruyeres Mews,810,M5V,Condominium,10,Spadina-Fort York
6632621,STR-2504-HFLBPW,177C Caledonia Rd,,M6E,Single/Semi-detached House,9,Davenport
6632622,STR-2504-HMSBPX,401 Manning Ave,3,M6G,Duplex/Triplex/Fourplex,11,University-Rosedale
6632623,STR-2504-HVYBPY,7 Nickle St,,M6M,Single/Semi-detached House,5,York South-Weston
6632624,STR-2504-FRVPPQ,15 Iceboat Ter,3806,M5V,Condominium,10,Spadina-Fort York
6632625,STR-2504-FZBPPR,61 Riverhead Dr,,M9W,Single/Semi-detached House,1,Etobicoke North
6632626,STR-2504-GHHPPS,57 Cameron St,1,M5T,Duplex/Triplex/Fourplex,10,Spadina-Fort York
6632627,STR-2504-GQPPPT,15 Iceboat Ter,4001,M5V,Condominium,10,Spadina-Fort York
6632628,STR-2504-GXVPPV,209 Fort York Blvd,1660,M5V,Condominium,10,Spadina-Fort York
6632629,STR-2504-HGBPPW,30 Nelson St,809,M5V,Condominium,10,Spadina-Fort York
6632630,STR-2504-HPHPPX,18 Parkview Ave,1211,M2N,Condominium,18,Willowdale
6632631,STR-2504-HWPPPY,286 Runnymede Rd,1,M6S,Single/Semi-detached House,4,Parkdale-High Park
6632632,STR-2504-FKFBPP,151 Dan Leckie Way,1608,M5V,Condominium,10,Spadina-Fort York
6632633,STR-2504-FSLBPQ,55 Sanwood Blvd,,M1V,Single/Semi-detached House,22,Scarborough-Agincourt
6632634,STR-2504-FZSBPR,151 Dan Leckie Way,648,M5V,Apartment,10,Spadina-Fort York
6632635,STR-2504-GHYBPS,1100 King St W,B420,M6K,Apartment,10,Spadina-Fort York
6632636,STR-2504-HGSBPW,1A Lunness Rd,,M8W,Townhouse/ Row House,3,Etobicoke-Lakeshore
6632637,STR-2504-HPYBPX,188 Cumberland St,1804,M5R,Condominium,11,University-Rosedale
6632638,STR-2504-JDGHPZ,300 Front St W,502,M5V,Condominium,10,Spadina-Fort York
6632639,STR-2504-HXFBPY,300 Front St W,1908,M5V,Condominium,10,Spadina-Fort York
6632640,STR-2504-JFLBPZ,89 Dunfield Ave,804,M4S,Condominium,12,Toronto-St. Paul's
6632641,STR-2504-FKVPPP,2 Anndale Dr,2205,M2N,Condominium,18,Willowdale
6632642,STR-2504-FTBPPQ,15 Ellerslie Ave,2806,M2N,Condominium,18,Willowdale
6632643,STR-2504-GRVPPT,8 Wellesley St E,209,M4Y,Condominium,13,Toronto Centre
6632644,STR-2504-GZBPPV,165 Legion Rd N,2830,M8Y,Condominium,3,Etobicoke-Lakeshore
6632645,STR-2504-HXVPPY,242 Perth Ave,,M6P,Single/Semi-detached House,9,Davenport
6632646,STR-2504-JGBPPZ,90 Apache Trl,,M2H,Single/Semi-detached House,17,Don Valley North
6632647,STR-2504-GKFBPS,210 Victoria St,3301,M5B,Condominium,13,Toronto Centre
6632648,STR-2504-GBYBPR,105 George St,404,M5A,Condominium,13,Toronto Centre
6632649,STR-2504-GSLBPT,14 York St,6211,M5J,Condominium,10,Spadina-Fort York
6632650,STR-2504-HHYBPW,169 QUEEN ST E,1,M5A,Apartment,13,Toronto Centre
6632651,STR-2504-HRFBPX,60 Carr St,15,M5T,Condominium,10,Spadina-Fort York
6632652,STR-2504-JGSBPZ,65 Westbourne Ave,,M1L,Single/Semi-detached House,20,Scarborough Southwest
6632653,STR-2504-GCQVPS,21 Markbrook Lane,711,M9V,Condominium,1,Etobicoke North
6632654,STR-2504-GKWVPT,56 Fort York Blvd,G03,M5V,Condominium,10,Spadina-Fort York
6632655,STR-2504-GTCVPV,21 Iceboat Ter,2107,M5V,Condominium,10,Spadina-Fort York
6632656,STR-2504-HBJVPW,65 Bremner Blvd,2509,M5J,Condominium,10,Spadina-Fort York
6632657,STR-2504-HJQVPX,74 Westbourne Ave,Main Fl,M1L,Single/Semi-detached House,20,Scarborough Southwest
6632658,STR-2504-HZCVPZ,25 Lower Simcoe St,1108,M5J,Condominium,10,Spadina-Fort York
6632659,STR-2504-FFMHPP,36 Zorra St,2204,M8Z,Condominium,3,Etobicoke-Lakeshore
6632660,STR-2504-FVZHPR,21 Pirandello St,1234,M6K,Townhouse/ Row House,10,Spadina-Fort York
6632661,STR-2504-GDGHPS,113 The Westway,unit A,M9P,Single/Semi-detached House,2,Etobicoke Centre
6632662,STR-2504-GLMHPT,2654 Lake Shore Blvd W,,M8V,Single/Semi-detached House,3,Etobicoke-Lakeshore
6632663,STR-2504-GTTHPV,2 Valhalla Inn Rd,245,M9B,Condominium,2,Etobicoke Centre
6632664,STR-2504-HBZHPW,16 Foxwell St,Basement,M6N,Single/Semi-detached House,5,York South-Weston
6632665,STR-2504-HKGHPX,478 Winona Dr,1,M6C,Single/Semi-detached House,12,Toronto-St. Paul's
6632666,STR-2504-HZTHPZ,12 York St,2806,M5J,Condominium,10,Spadina-Fort York
6632667,STR-2504-FGCVPP,305 Shaw St,,M6J,Single/Semi-detached House,11,University-Rosedale
6632668,STR-2504-FPJVPQ,163 Bellwoods Ave,Unit B,M6J,Single/Semi-detached House,10,Spadina-Fort York
6632669,STR-2504-FWQVPR,32 Danzig St,,M1E,Single/Semi-detached House,24,Scarborough-Guildwood
6632670,STR-2504-GDWVPS,300 Front St W,3302,M5V,Apartment,10,Spadina-Fort York
6632671,STR-2504-GVJVPV,196 Hillcrest Ave,UN-B,M2N,Single/Semi-detached House,18,Willowdale
6632672,STR-2504-HCQVPW,592 Yonge St,,M4Y,Townhouse/ Row House,13,Toronto Centre
6632673,STR-2504-HKWVPX,251 Jarvis St,1417,M5B,Condominium,13,Toronto Centre
6632674,STR-2504-HTCVPY,759 Wilson Heights Blvd,,M3H,Single/Semi-detached House,6,York Centre
6632675,STR-2504-GFMHPS,30 Nelson St,1407,M5V,Condominium,10,Spadina-Fort York
6632676,STR-2504-HDGHPW,422 Christie St,,M6G,Single/Semi-detached House,12,Toronto-St. Paul's
6632677,STR-2504-HLMHPX,35 Mariner Ter,309,M5V,Condominium,10,Spadina-Fort York
6632678,STR-2504-FHJVPP,171 Elmwood Ave,,M2N,Single/Semi-detached House,18,Willowdale
6632679,STR-2504-FXWVPR,44 St Dunstan Dr,,M1L,Single/Semi-detached House,20,Scarborough Southwest
6632680,STR-2504-GGCVPS,38 ANNIE CRAIG DR,2005,M8V,Condominium,3,Etobicoke-Lakeshore
6632681,STR-2504-HDWVPW,278 McKee Ave,,M2N,Single/Semi-detached House,18,Willowdale
6632682,STR-2504-HVJVPY,304 Cosburn Ave,5,M4J,Duplex/Triplex/Fourplex,14,Toronto-Danforth
6632683,STR-2504-JCQVPZ,62 Stanley Ter,,M6J,Single/Semi-detached House,10,Spadina-Fort York
6632684,STR-2504-FHZHPP,6 Dacotah Ave,,M5J,Single/Semi-detached House,10,Spadina-Fort York
6632685,STR-2504-FRGHPQ,299 Assiniboine Rd,,M3J,Single/Semi-detached House,7,Humber River-Black Creek
6632686,STR-2504-FYMHPR,81 Prairie Dr,,M1L,Single/Semi-detached House,20,Scarborough Southwest
6632687,STR-2504-GGTHPS,10 Morrison St,703,M5V,Condominium,10,Spadina-Fort York
6632688,STR-2504-GPZHPT,219 Fort York Blvd,2710,M5V,Condominium,10,Spadina-Fort York
6632689,STR-2504-HFMHPW,188 Cumberland St,309,M5R,Condominium,11,University-Rosedale
6632690,STR-2504-HMTHPX,135 LOWER SHERBOURNE St,862,M5A,Condominium,13,Toronto Centre
6632691,STR-2504-HVZHPY,251 Jarvis St,3204,M5B,Condominium,13,Toronto Centre
6632692,STR-2504-FJQVPP,36 Zorra St,1101,M8Z,Condominium,3,Etobicoke-Lakeshore
6632693,STR-2504-FRWVPQ,460 Jane St,,M6S,Single/Semi-detached House,4,Parkdale-High Park
6632694,STR-2504-GHJVPS,600 Queens Quay W,307,M5V,Condominium,10,Spadina-Fort York
6632695,STR-2504-HGCVPW,185 Legion Rd N,908,M8Y,Condominium,3,Etobicoke-Lakeshore
6632696,STR-2504-HPJVPX,955 Bay St,3907,M5S,Condominium,13,Toronto Centre
6632697,STR-2504-FKGHPP,47 Chapman Ave,2,M4B,Single/Semi-detached House,19,Beaches-East York
6632698,STR-2504-FSMHPQ,1996 Bathurst St,127,M5P,Apartment,12,Toronto-St. Paul's
6632699,STR-2504-FZTHPR,112 Cornell Ave,,M1N,Single/Semi-detached House,20,Scarborough Southwest
6632700,STR-2504-GRGHPT,21 Iceboat Ter,2009,M5V,Condominium,10,Spadina-Fort York
6632701,STR-2504-GYMHPV,47 Balsam Ave,,M4E,Single/Semi-detached House,19,Beaches-East York
6632702,STR-2504-HGTHPW,14 York St,608,M5J,Condominium,10,Spadina-Fort York
6632703,STR-2504-HPZHPX,251 Jarvis St,4412,M5B,Condominium,13,Toronto Centre
6632704,STR-2504-JFMHPZ,65 Bremner Blvd,4208,M5J,Condominium,10,Spadina-Fort York
6632705,STR-2504-FKWVPP,290 SHUTER ST,UNIT 2,M5A,Duplex/Triplex/Fourplex,13,Toronto Centre
6632706,STR-2504-FTCVPQ,49 Arlstan Dr,,M3H,Single/Semi-detached House,6,York Centre
6632707,STR-2504-GBJVPR,402 Concord Ave,,M6H,Single/Semi-detached House,9,Davenport
6632708,STR-2504-GJQVPS,22 Western Battery Rd,105,M6K,Townhouse/ Row House,10,Spadina-Fort York
6632709,STR-2504-GZCVPV,9 Greenbriar Rd,201,M2K,Condominium,17,Don Valley North
6632710,STR-2504-HHJVPW,188 Cumberland St,711,M5R,Condominium,11,University-Rosedale
6632711,STR-2504-HXWVPY,96 Northdale Rd,,M2L,Single/Semi-detached House,15,Don Valley West
6632712,STR-2504-FLMHPP,17 Pembroke St,16,M5A,Condominium,13,Toronto Centre
6632713,STR-2504-FTTHPQ,235 York Mills Rd,,M2L,Single/Semi-detached House,15,Don Valley West
6632714,STR-2504-GBZHPR,21 Iceboat Ter,1602,M5V,Condominium,10,Spadina-Fort York
6632715,STR-2504-GKGHPS,832 Bay St,508,M5S,Condominium,11,University-Rosedale
6632716,STR-2504-GSMHPT,219 Fort York Blvd,3111,M5V,Condominium,10,Spadina-Fort York
6632717,STR-2504-GZTHPV,300 Front St W,3003,M5V,Condominium,10,Spadina-Fort York
6632718,STR-2504-HDHPPW,318 Carlton St,,M5A,Single/Semi-detached House,13,Toronto Centre
6632719,STR-2504-HHZHPW,37 Grosvenor St,1410,M4Y,Condominium,13,Toronto Centre
6632720,STR-2504-HRGHPX,259 Claremont St,,M6J,Townhouse/ Row House,11,University-Rosedale
6632721,STR-2504-HYMHPY,55 Bremner Blvd,3707,M5J,Condominium,10,Spadina-Fort York
6632722,STR-2504-JGTHPZ,40 Scollard St,602,M5R,Apartment,11,University-Rosedale
6632723,STR-2504-FDYBPP,889 Bay St,701,M5S,Apartment,13,Toronto Centre
6632724,STR-2504-FMFBPQ,300 Front St W,2204,M5V,Condominium,10,Spadina-Fort York
6632725,STR-2504-GCSBPS,787 Pape Ave,,M4K,Single/Semi-detached House,14,Toronto-Danforth
6632726,STR-2504-GKYBPT,12 York St,1205,M5J,Condominium,10,Spadina-Fort York
6632727,STR-2504-GTFBPV,300 Front St W,307,M5V,Condominium,10,Spadina-Fort York
6632728,STR-2504-HJSBPX,215 Fort York Blvd,2703,M5V,Condominium,10,Spadina-Fort York
6632729,STR-2504-HRYBPY,550 Runnymede Rd,,M6S,Single/Semi-detached House,4,Parkdale-High Park
6632730,STR-2504-HZFBPZ,134 Combe Ave,,M3H,Single/Semi-detached House,6,York Centre
6632731,STR-2504-FMVPPQ,1881 McNicoll Ave,110,M1V,Townhouse/ Row House,22,Scarborough-Agincourt
6632732,STR-2504-FWBPPR,9 Emmeline Cres,,M1S,Single/Semi-detached House,22,Scarborough-Agincourt
6632733,STR-2504-GDHPPS,553 McCowan Rd,,M1J,Single/Semi-detached House,21,Scarborough Centre
6632734,STR-2504-GLPPPT,1000 King St W,509,M6K,Condominium,10,Spadina-Fort York
6632735,STR-2504-GTVPPV,10 Sword St,2,M5A,Apartment,13,Toronto Centre
6632736,STR-2504-HCBPPW,38 Western Battery Rd,636,M6K,Townhouse/ Row House,10,Spadina-Fort York
6632737,STR-2504-HKHPPX,55 Bremner Blvd,1601,M5J,Condominium,10,Spadina-Fort York
6632738,STR-2504-HSPPPY,4 Newbold Ave,203,M4L,Apartment,19,Beaches-East York
6632739,STR-2504-FGFBPP,34 Western Battery Rd,419 unit,M6K,Townhouse/ Row House,10,Spadina-Fort York
6632740,STR-2504-FPLBPQ,658 Euclid Ave,Lower Level,M6G,Single/Semi-detached House,11,University-Rosedale
6632741,STR-2504-FWSBPR,31 Goldthread Ter,,M3H,Single/Semi-detached House,6,York Centre
6632742,STR-2504-GVLBPV,27 Hector Ave,Basement,M6G,Duplex/Triplex/Fourplex,12,Toronto-St. Paul's
6632743,STR-2504-HCSBPW,155 Yorkville Ave,413,M5R,Condominium,11,University-Rosedale
6632744,STR-2504-HKYBPX,501 Yonge St,4206,M4Y,Condominium,13,Toronto Centre
6632745,STR-2504-HTFBPY,2 Anndale Dr,2602,M2N,Condominium,18,Willowdale
6632746,STR-2504-JBLBPZ,5 Caravan Dr,,M3B,Single/Semi-detached House,15,Don Valley West
6632747,STR-2504-FGVPPP,21 Carlton St,3605,M5B,Condominium,13,Toronto Centre
6632748,STR-2504-FQBPPQ,33 Sumner Heights Dr,,M2K,Single/Semi-detached House,17,Don Valley North
6632749,STR-2504-GFPPPS,120 Jameson Ave,406,M6K,Apartment,4,Parkdale-High Park
6632750,STR-2504-GMVPPT,14 York St,5110,M5J,Condominium,10,Spadina-Fort York
6632751,STR-2504-GWBPPV,179 O'Connor Dr,,M4J,Single/Semi-detached House,14,Toronto-Danforth
6632752,STR-2504-HTVPPY,130 Fawcett Trl,,M1B,Single/Semi-detached House,25,Scarborough-Rouge Park
6632753,STR-2504-JCBPPZ,55 Triller Ave,1611,M6R,Apartment,4,Parkdale-High Park
6632754,STR-2504-FHLBPP,210 Victoria St,3104,M5B,Apartment,13,Toronto Centre
6632755,STR-2504-FQSBPQ,120 Harrison Garden Blvd,1411,M2N,Condominium,18,Willowdale
6632756,STR-2504-FXYBPR,101 Peter St,3810,M5V,Apartment,10,Spadina-Fort York
6632757,STR-2504-GGFBPS,21 Iceboat Ter,3315,M5V,Condominium,10,Spadina-Fort York
6632758,STR-2504-GPLBPT,15 Maplewood Ave,901,M6C,Condominium,12,Toronto-St. Paul's
6632759,STR-2504-HDYBPW,25 Craigmore Cres,BSMT,M2N,Single/Semi-detached House,18,Willowdale
6632760,STR-2504-HMFBPX,38 Grenville St,907,M4Y,Condominium,13,Toronto Centre
6632761,STR-2504-JCSBPZ,30 Baseball Pl,629,M4M,Condominium,14,Toronto-Danforth
6632762,STR-2504-FJBPPP,87 Lillian St,8,M4S,Townhouse/ Row House,12,Toronto-St. Paul's
6632763,STR-2504-FRHPPQ,215 Spadina Rd,Unit 2,M5R,Duplex/Triplex/Fourplex,11,University-Rosedale
6632764,STR-2505-FYPPPR,300 Front St W,4004,M5V,Condominium,10,Spadina-Fort York
6632765,STR-2505-GGVPPS,300 Front St W,2411,M5V,Condominium,10,Spadina-Fort York
6632766,STR-2505-GXHPPV,1100 King St W,1606,M6K,Apartment,10,Spadina-Fort York
6632767,STR-2505-HMVPPX,200 Boon Ave,,M6E,Single/Semi-detached House,9,Davenport
6632768,STR-2505-HWBPPY,209 Fort York Blvd,1260,M5V,Condominium,10,Spadina-Fort York
6632769,STR-2505-JDHPPZ,5 Jardin Hill Crt,,M2H,Single/Semi-detached House,17,Don Valley North
6632770,STR-2505-GHLBPS,81 Wellesley St E,307,M4Y,Condominium,13,Toronto Centre
6632771,STR-2505-GQSBPT,28 Carr St,,M5T,Townhouse/ Row House,10,Spadina-Fort York
6632772,STR-2505-GXYBPV,1192 Warden Ave,,M1R,Single/Semi-detached House,21,Scarborough Centre
6632773,STR-2505-HGFBPW,21 Iceboat Ter,4311,M5V,Condominium,10,Spadina-Fort York
6632774,STR-2505-HPLBPX,208 Queens Quay W,1010,M5J,Condominium,10,Spadina-Fort York
6632775,STR-2505-HWSBPY,195 McCaul St,617,M5T,Condominium,11,University-Rosedale
6632776,STR-2505-FKHPPP,101 Peter St,2309,M5V,Condominium,10,Spadina-Fort York
6632777,STR-2505-FSPPPQ,84 MacDonald Ave,,M9N,Single/Semi-detached House,5,York South-Weston
6632778,STR-2505-FZVPPR,250 Estelle Ave,A,M2N,Single/Semi-detached House,18,Willowdale
6632779,STR-2505-GRHPPT,251 Jarvis St,5012,M5B,Condominium,13,Toronto Centre
6632780,STR-2505-HGVPPW,81 Wellesley St E,501,M4Y,Condominium,13,Toronto Centre
6632781,STR-2505-HQBPPX,3220 Sheppard Ave E,501,M1T,Condominium,22,Scarborough-Agincourt
6632782,STR-2505-HXHPPY,104 Holmes Ave,,M2N,Single/Semi-detached House,18,Willowdale
6632783,STR-2505-JFPPPZ,6 Lisburn Cres,,M2J,Single/Semi-detached House,17,Don Valley North
6632784,STR-2505-FKYBPP,101 Peter St,12,M5V,Condominium,10,Spadina-Fort York
6632785,STR-2505-FTFBPQ,65 Bremner Blvd,2502,M5J,Apartment,10,Spadina-Fort York
6632786,STR-2505-GZFBPV,143 Wolseley St,,M6J,Townhouse/ Row House,10,Spadina-Fort York
6632787,STR-2505-HQSBPX,2420 Gerrard St E,Unit 5,M4E,Single/Semi-detached House,19,Beaches-East York
6632788,STR-2505-HXYBPY,240 Wellesley St E,1901,M4X,Apartment,13,Toronto Centre
6632789,STR-2505-JGFBPZ,314 Rosemary Rd,,M5P,Single/Semi-detached House,12,Toronto-St. Paul's
6632790,STR-2505-GKHPPS,209 Fort York Blvd,367,M5V,Condominium,10,Spadina-Fort York
6632791,STR-2505-GSPPPT,50 Ordnance St,2907,M6K,Condominium,10,Spadina-Fort York
6632792,STR-2505-HJBPPW,97 Frederick Tisdale Dr,,M3K,Townhouse/ Row House,6,York Centre
6632793,STR-2505-HYPPPY,210 Victoria St,3507,M5B,Condominium,13,Toronto Centre
6632794,STR-2505-HRHPPX,683 Oriole Pkwy,,M4R,Single/Semi-detached House,8,Eglinton-Lawrence
6632795,STR-2505-FDZHPP,33 Holly St,1423,M4S,Apartment,12,Toronto-St. Paul's
6632796,STR-2505-FMGHPQ,20 Lombard St,UPH03,M5C,Condominium,13,Toronto Centre
6632797,STR-2505-GCTHPS,37 Grosvenor St,2706,M4Y,Condominium,13,Toronto Centre
6632798,STR-2505-HBMHPW,45 Silver Springs Blvd,1906,M1V,Condominium,22,Scarborough-Agincourt
6632799,STR-2505-HJTHPX,21 Iceboat Ter,926,M5V,Condominium,10,Spadina-Fort York
6632800,STR-2505-HRZHPY,21 Iceboat Ter,4108,M5V,Apartment,10,Spadina-Fort York
6632801,STR-2505-HZGHPZ,832 Bay St,1201,M5S,Condominium,11,University-Rosedale
6632802,STR-2505-FFQVPP,21 Iceboat Ter,623,M5V,Condominium,10,Spadina-Fort York
6632803,STR-2505-FMWVPQ,6 Alhambra Ave,,M6R,Apartment,4,Parkdale-High Park
6632804,STR-2505-FWCVPR,98 Tecumseth St,,M6J,Townhouse/ Row House,10,Spadina-Fort York
6632805,STR-2505-GDJVPS,169 Poyntz Ave,,M2N,Single/Semi-detached House,18,Willowdale
6632806,STR-2505-HCCVPW,235 Markham St,2,M6J,Single/Semi-detached House,11,University-Rosedale
6632807,STR-2505-GTWVPV,331 Atlas Ave,,M6C,Single/Semi-detached House,12,Toronto-St. Paul's
6632808,STR-2505-HKJVPX,40 Hiltz Ave,,M4L,Single/Semi-detached House,14,Toronto-Danforth
6632809,STR-2505-HSQVPY,231 Fort York Blvd,808,M5V,Condominium,10,Spadina-Fort York
6632810,STR-2505-FWTHPR,181 Huron St,1602,M5T,Condominium,11,University-Rosedale
6632811,STR-2505-GDZHPS,2300 St Clair Ave W,101,M6N,Condominium,5,York South-Weston
6632812,STR-2505-GMGHPT,101 Peter St,3408,M5V,Condominium,10,Spadina-Fort York
6632813,STR-2505-HCTHPW,11 Yorkville Ave,2203,M4W,Condominium,11,University-Rosedale
6632814,STR-2505-HTGHPY,188 Ellerslie Ave,,M2N,Single/Semi-detached House,18,Willowdale
6632815,STR-2505-GFQVPS,16 Brampton Rd,,M9R,Single/Semi-detached House,2,Etobicoke Centre
6632816,STR-2505-GMWVPT,121 Alcorn Ave,2,M4V,Duplex/Triplex/Fourplex,12,Toronto-St. Paul's
6632817,STR-2505-GWCVPV,12 York St,3010,M5J,Condominium,10,Spadina-Fort York
6632818,STR-2505-HDJVPW,68 Willamere Dr,,M1M,Single/Semi-detached House,20,Scarborough Southwest
6632819,STR-2505-FHMHPP,30 Glendale Ave,,M6R,Single/Semi-detached House,4,Parkdale-High Park
6632820,STR-2505-FQTHPQ,16 Sellers Ave,,M6E,Single/Semi-detached House,9,Davenport
6632821,STR-2505-FXZHPR,321 Woodbine Ave,3,M4L,Single/Semi-detached House,19,Beaches-East York
6632822,STR-2505-GGGHPS,151 Broadview Ave,,M4M,Single/Semi-detached House,14,Toronto-Danforth
6632823,STR-2505-GWTHPV,450 Bathurst St,3,M5T,Duplex/Triplex/Fourplex,11,University-Rosedale
6632824,STR-2505-HMGHPX,108 Orchard View Blvd,,M4R,Single/Semi-detached House,8,Eglinton-Lawrence
6632825,STR-2505-HVMHPY,218 River St,,M5A,Townhouse/ Row House,13,Toronto Centre
6632826,STR-2505-JCTHPZ,83 Kalmar Ave,,M1N,Single/Semi-detached House,20,Scarborough Southwest
6632827,STR-2505-FJCVPP,1552 Bathurst St,Unit 1A,M5P,Duplex/Triplex/Fourplex,12,Toronto-St. Paul's
6632828,STR-2505-FRJVPQ,363B Pharmacy Ave,,M1L,Single/Semi-detached House,20,Scarborough Southwest
6632829,STR-2505-GGWVPS,23 Hollyhock Crt,,M3B,Single/Semi-detached House,16,Don Valley East
6632830,STR-2505-HFQVPW,14 York St,1505,M5J,Condominium,10,Spadina-Fort York
6632831,STR-2505-HMWVPX,251 Jarvis St,1033,M5B,Condominium,13,Toronto Centre
6632832,STR-2505-HWCVPY,14 York St,4006,M5J,Condominium,10,Spadina-Fort York
6632833,STR-2505-JDJVPZ,18 McGill St,,M5B,Single/Semi-detached House,13,Toronto Centre
6632834,STR-2505-FJTHPP,10 Capreol Crt,1506,M5V,Condominium,10,Spadina-Fort York
6632835,STR-2505-FZGHPR,115 Saturn Rd,,M9C,Single/Semi-detached House,2,Etobicoke Centre
6632836,STR-2505-GHMHPS,10 Rushbrooke Ave,,M4M,Single/Semi-detached House,14,Toronto-Danforth
6632837,STR-2505-GXZHPV,345 Dufferin St,507,M6K,Apartment,10,Spadina-Fort York
6632838,STR-2505-HPMHPX,772 Marlee Ave,,M6B,Single/Semi-detached House,8,Eglinton-Lawrence
6632839,STR-2505-HWTHPY,890 Queen St E,C,M4M,Apartment,14,Toronto-Danforth
6632840,STR-2505-JDZHPZ,32 Odoardo Di Santo Crcl,,M3L,Townhouse/ Row House,7,Humber River-Black Creek
6632841,STR-2505-FKJVPP,120 Lomar Dr,,M3N,Single/Semi-detached House,7,Humber River-Black Creek
6632842,STR-2505-FSQVPQ,431 Shuter St.,,M5A,Single/Semi-detached House,13,Toronto Centre
6632843,STR-2505-FZWVPR,15 Elmsthorpe Ave,,M5P,Single/Semi-detached House,12,Toronto-St. Paul's
6632844,STR-2505-GJCVPS,301 McNicoll Ave,,M2H,Single/Semi-detached House,17,Don Valley North
6632845,STR-2505-GRJVPT,153 Exbury Rd,,M3M,Single/Semi-detached House,6,York Centre
6632846,STR-2505-HGWVPW,25 Newton Dr,,M2M,Single/Semi-detached House,18,Willowdale
6632847,STR-2505-HQCVPX,85 Bloor St E,1811,M4W,Condominium,11,University-Rosedale
6632848,STR-2505-HXJVPY,26 Corley Ave,,M4E,Single/Semi-detached House,19,Beaches-East York
6632849,STR-2505-JFQVPZ,6 Forest Laneway,410,M2N,Apartment,18,Willowdale
6632850,STR-2505-FKZHPP,2 Westmount Ave,Garden Suite,M6H,Duplex/Triplex/Fourplex,9,Davenport
6632851,STR-2505-FTGHPQ,165 Legion Rd N,T3,M8Y,Condominium,3,Etobicoke-Lakeshore
6632852,STR-2505-GBMHPR,251 Jarvis St,2214,M5B,Condominium,13,Toronto Centre
6632853,STR-2505-GJTHPS,564 Bathurst St,,M5S,Single/Semi-detached House,11,University-Rosedale
6632854,STR-2505-GRZHPT,2 Eva Rd,1928,M9C,Condominium,2,Etobicoke Centre
6632855,STR-2505-GZGHPV,2 Hallam St,2,M6G,Single/Semi-detached House,11,University-Rosedale
6632856,STR-2505-HHMHPW,2300 St Clair Ave W,814,M6N,Condominium,5,York South-Weston
6632857,STR-2505-HXZHPY,26B Loomis Crt,,M3J,Single/Semi-detached House,7,Humber River-Black Creek
6632858,STR-2505-JGGHPZ,20 Bruyeres Mews,325,M5V,Condominium,10,Spadina-Fort York
6632859,STR-2505-FLQVPP,38 Lorraine Dr,,M2N,Single/Semi-detached House,18,Willowdale
6632860,STR-2505-FTWVPQ,130 Macpherson Ave,14,M5R,Apartment,11,University-Rosedale
6632861,STR-2505-GCCVPR,210 Victoria St,3907,M5B,Condominium,13,Toronto Centre
6632862,STR-2505-GKJVPS,209 Fort York Blvd,1355,M5V,Condominium,10,Spadina-Fort York
6632863,STR-2505-GSQVPT,215 Fort York Blvd,2302,M5V,Condominium,10,Spadina-Fort York
6632864,STR-2505-GZWVPV,10 Leith Hill Rd,30,M2J,Townhouse/ Row House,17,Don Valley North
6632865,STR-2505-HJCVPW,4649A Kingston Rd,,M1E,Townhouse/ Row House,25,Scarborough-Rouge Park
6632866,STR-2505-HYQVPY,555 Milverton Blvd,,M4C,Single/Semi-detached House,19,Beaches-East York
6632867,STR-2505-JGWVPZ,127 Clearbrooke Crcl,,M9W,Single/Semi-detached House,1,Etobicoke North
6632868,STR-2505-FFBPPP,40 Gerrard St E,2214,M5B,Apartment,13,Toronto Centre
6632869,STR-2505-FVPPPR,25 Windhill Cres,,M9M,Single/Semi-detached House,7,Humber River-Black Creek
6632870,STR-2505-GCVPPS,37 FOUR WINDS DR,41,M3J,Townhouse/ Row House,7,Humber River-Black Creek
6632871,STR-2505-GLBPPT,359 McRoberts Ave,,M6E,Single/Semi-detached House,9,Davenport
6632872,STR-2505-GTHPPV,209 Fort York Blvd,757,M5V,Condominium,10,Spadina-Fort York
6632873,STR-2505-HBPPPW,377 Sunnyside Ave,,M6R,Single/Semi-detached House,4,Parkdale-High Park
6632874,STR-2505-HSBPPY,300 Front St W,2913,M5V,Condominium,10,Spadina-Fort York
6632875,STR-2505-HZHPPZ,300 Front St W,3403,M5V,Condominium,10,Spadina-Fort York
6632876,STR-2505-FFSBPP,22 Creekwood Dr,,M1E,Single/Semi-detached House,24,Scarborough-Guildwood
6632877,STR-2505-FMYBPQ,100 Harrison Garden Blvd,1305,M2N,Condominium,18,Willowdale
6632878,STR-2505-FWFBPR,210 Victoria St,2201,M5B,Condominium,13,Toronto Centre
6632879,STR-2505-GLSBPT,251 Jarvis St,3305,M5B,Condominium,13,Toronto Centre
6632880,STR-2505-HCFBPW,300 Front St W,3308,M5V,Condominium,10,Spadina-Fort York
6632881,STR-2505-HKLBPX,1029 King St W,841,M6K,Condominium,10,Spadina-Fort York
6632882,STR-2505-HSSBPY,1478 Queen St W,203,M6K,Condominium,4,Parkdale-High Park
6632883,STR-2505-HZYBPZ,300 Front St W,4603,M5V,Apartment,10,Spadina-Fort York
6632884,STR-2505-FPPPPQ,18 Laxton Ave,1,M6K,Duplex/Triplex/Fourplex,4,Parkdale-High Park
6632885,STR-2505-GFBPPS,12 York St,1101,M5J,Condominium,10,Spadina-Fort York
6632886,STR-2505-GMHPPT,3 Dixon Ave,,M4L,Single/Semi-detached House,19,Beaches-East York
6632887,STR-2505-GVPPPV,98 Lillian St,911,M4S,Condominium,12,Toronto-St. Paul's
6632888,STR-2505-HCVPPW,251 Jarvis St,3911,M5B,Condominium,13,Toronto Centre
6632889,STR-2505-HLBPPX,443 Manse Rd,7,M1E,Townhouse/ Row House,25,Scarborough-Rouge Park
6632890,STR-2505-JBPPPZ,166 Albany Ave,,M5R,Townhouse/ Row House,11,University-Rosedale
6632891,STR-2505-FGYBPP,56 Carslake Cres,,M1J,Single/Semi-detached House,21,Scarborough Centre
6632892,STR-2505-FQFBPQ,403 Melita Cres,,M6G,Single/Semi-detached House,12,Toronto-St. Paul's
6632893,STR-2505-FXLBPR,239 Torrens Ave,,M4J,Single/Semi-detached House,14,Toronto-Danforth
6632894,STR-2505-GMYBPT,2101 Islington Ave,312,M9P,Apartment,1,Etobicoke North
6632895,STR-2505-HDLBPW,251 Jarvis St,2713,M5B,Condominium,13,Toronto Centre
6632896,STR-2505-HTYBPY,318 Waverley Rd,,M4L,Single/Semi-detached House,19,Beaches-East York
6632897,STR-2505-JCFBPZ,132 Grace St,BSMT,M6J,Single/Semi-detached House,11,University-Rosedale
6632898,STR-2505-FHPPPP,50 Morecambe Gt,B308,M1W,Townhouse/ Row House,22,Scarborough-Agincourt
6632899,STR-2505-FQVPPQ,14 Fifteenth St,,M8V,Single/Semi-detached House,3,Etobicoke-Lakeshore
6632900,STR-2505-GPPPPT,251 Jarvis St,1716,M5B,Condominium,13,Toronto Centre
6632901,STR-2505-GWVPPV,1195 The Queensway,516,M8Z,Condominium,3,Etobicoke-Lakeshore
6632902,STR-2505-HMHPPX,1356 Warden Ave,,M1R,Single/Semi-detached House,21,Scarborough Centre
6632903,STR-2505-FRLBPQ,51 Trethewey Dr,,M6M,Single/Semi-detached House,5,York South-Weston
6632904,STR-2505-FYSBPR,165 Legion Rd N,2923,M8Y,Condominium,3,Etobicoke-Lakeshore
6632905,STR-2505-GGYBPS,10 Capreol Crt,357,M5V,Condominium,10,Spadina-Fort York
6632906,STR-2505-GQFBPT,397 Concord Ave,,M6H,Single/Semi-detached House,9,Davenport
6632907,STR-2505-GXLBPV,10 Eva Rd,1404,M9C,Condominium,2,Etobicoke Centre
6632908,STR-2505-HFSBPW,21 Iceboat Ter,1106,M5V,Condominium,10,Spadina-Fort York
6632909,STR-2505-HMYBPX,46 Holland Ave,,M4B,Single/Semi-detached House,19,Beaches-East York
6632910,STR-2505-JDLBPZ,297 Augusta Ave,Upper,M5T,Apartment,11,University-Rosedale
6632911,STR-2505-FJVPPP,300 Front St W,311,M5V,Condominium,10,Spadina-Fort York
6632912,STR-2505-FSBPPQ,49 Oriole Pkwy,4,M4V,Duplex/Triplex/Fourplex,12,Toronto-St. Paul's
6632913,STR-2505-FZHPPR,14 Murdock Ave,,M4C,Single/Semi-detached House,19,Beaches-East York
6632914,STR-2505-GHPPPS,195 McCaul St,410,M5T,Condominium,11,University-Rosedale
6632915,STR-2505-GYBPPV,251 Manitoba St,1007,M8Y,Condominium,3,Etobicoke-Lakeshore
6632916,STR-2505-HGHPPW,47 Four Oaks Gt,,M4J,Single/Semi-detached House,14,Toronto-Danforth
6632917,STR-2505-HPPPPX,79 Powell Rd,1,M3K,Duplex/Triplex/Fourplex,6,York Centre
6632918,STR-2505-JFBPPZ,141 Green Gardens Blvd,,M6A,Townhouse/ Row House,8,Eglinton-Lawrence
6632919,STR-2505-FKLBPP,628 Bloor St W,2,M6G,Single/Semi-detached House,11,University-Rosedale
6632920,STR-2505-FZYBPR,48D Crawford St,,M6J,Townhouse/ Row House,10,Spadina-Fort York
6632921,STR-2505-GJFBPS,757 Dovercourt Rd,B,M6H,Apartment,9,Davenport
6632922,STR-2505-GYSBPV,1300 Royal York Rd,,M9A,Single/Semi-detached House,2,Etobicoke Centre
6632923,STR-2505-HQFBPX,1025 Spadina Rd,,M5N,Single/Semi-detached House,8,Eglinton-Lawrence
6632924,STR-2505-HXLBPY,21 Iceboat Ter,1208,M5V,Condominium,10,Spadina-Fort York
6632925,STR-2505-JFSBPZ,233 Boon Ave,,M6E,Single/Semi-detached House,9,Davenport
6632926,STR-2505-FTHPPQ,525 Queen St W,,M5V,Single/Semi-detached House,10,Spadina-Fort York
6632927,STR-2505-FLBPPP,300 Front St W,3609,M5V,Condominium,10,Spadina-Fort York
6632928,STR-2505-GJVPPS,120 Jameson Ave,702,M6K,Apartment,4,Parkdale-High Park
6632929,STR-2505-GZHPPV,94 Wanstead Ave,,M1L,Duplex/Triplex/Fourplex,20,Scarborough Southwest
6632930,STR-2505-HHPPPW,341 Kingsdale Ave,,M2N,Single/Semi-detached House,18,Willowdale
6632931,STR-2505-HQVPPX,12 York St,1606,M5J,Condominium,10,Spadina-Fort York
6632932,STR-2505-HYBPPY,43 Battersea Cres,,M6L,Single/Semi-detached House,5,York South-Weston
6632933,STR-2505-JGHPPZ,67 Teignmouth Ave,,M6E,Single/Semi-detached House,9,Davenport
6632934,STR-2505-FLSBPP,439 Hopewell Ave,,M6E,Single/Semi-detached House,8,Eglinton-Lawrence
6632935,STR-2505-FTYBPQ,104 Chipwood Cres,,M2J,Single/Semi-detached House,17,Don Valley North
6632936,STR-2505-GCFBPR,38 Dan Leckie Way,2610,M5V,Apartment,10,Spadina-Fort York
6632937,STR-2505-GKLBPS,832 Bay St,3904,M5S,Condominium,11,University-Rosedale
6632938,STR-2505-GSSBPT,14 York St,4204,M5J,Condominium,10,Spadina-Fort York
6632939,STR-2505-HJFBPW,251 Jarvis St,4302,M5B,Condominium,13,Toronto Centre
6632940,STR-2505-HRLBPX,57 Big Red Ave,,M1V,Single/Semi-detached House,23,Scarborough North
6632941,STR-2505-HYSBPY,21 Iceboat Ter,826,M5V,Condominium,10,Spadina-Fort York
6632942,STR-2505-FMJVPQ,104 Connaught Ave,,M2M,Single/Semi-detached House,18,Willowdale
6632943,STR-2505-FVQVPR,196 Berkeley St,,M5A,Single/Semi-detached House,13,Toronto Centre
6632944,STR-2505-GLCVPT,210 Victoria St,2411,M5B,Condominium,13,Toronto Centre
6632945,STR-2505-GTJVPV,78 Holmes Ave,,M2N,Single/Semi-detached House,18,Willowdale
6632946,STR-2505-HBQVPW,251 Jarvis St,5002,M5B,Condominium,13,Toronto Centre
6632947,STR-2505-HJWVPX,105 George St,314,M5A,Condominium,13,Toronto Centre
6632948,STR-2505-HSCVPY,38 Dan Leckie Way,2302,M5V,Condominium,10,Spadina-Fort York
6632949,STR-2505-HZJVPZ,58 Chelliah Crt,,M1B,Single/Semi-detached House,25,Scarborough-Rouge Park
6632950,STR-2505-FFTHPP,15 Ferrier Ave,,M4K,Single/Semi-detached House,14,Toronto-Danforth
6632951,STR-2505-FMZHPQ,146 Old Sheppard Ave,,M2J,Single/Semi-detached House,17,Don Valley North
6632952,STR-2506-GDMHPS,65 Ambrose Rd,,M2K,Single/Semi-detached House,17,Don Valley North
6632953,STR-2506-GLTHPT,38 Widmer St,4607,M5V,Apartment,10,Spadina-Fort York
6632954,STR-2506-GTZHPV,251 Jarvis St,516,M5B,Condominium,13,Toronto Centre
6632955,STR-2506-HCGHPW,2 Vena way,806,M9M,Apartment,7,Humber River-Black Creek
6632956,STR-2506-HKMHPX,39 Lonborough Ave,,M6M,Single/Semi-detached House,5,York South-Weston
6632957,STR-2506-HSTHPY,24 Mabelle Ave,17,M9A,Apartment,3,Etobicoke-Lakeshore
6632958,STR-2506-HZZHPZ,20 John St,420,M5V,Condominium,10,Spadina-Fort York
6632959,STR-2506-FGJVPP,284 Renforth Dr,,M9C,Single/Semi-detached House,2,Etobicoke Centre
6632960,STR-2506-FPQVPQ,251 Jarvis St,1632,M5B,Condominium,13,Toronto Centre
6632961,STR-2506-FWWVPR,155 Yorkville Ave,510,M5R,Condominium,11,University-Rosedale
6632962,STR-2506-HCWVPW,19 Evergreen Gdns,,M4G,Single/Semi-detached House,15,Don Valley West
6632963,STR-2506-HLCVPX,955 Bay St,1007,M5S,Condominium,13,Toronto Centre
6632964,STR-2506-HYCVPY,11 Northcote Ave,,M6J,Single/Semi-detached House,9,Davenport
6632965,STR-2506-HTJVPY,21 Iceboat Ter,633,M5V,Condominium,10,Spadina-Fort York
6632966,STR-2506-JBQVPZ,34 Rodda Blvd,,M1E,Single/Semi-detached House,24,Scarborough-Guildwood
6632967,STR-2506-FQGHPQ,174 Island Rd,,M1C,Single/Semi-detached House,25,Scarborough-Rouge Park
6632968,STR-2506-FXMHPR,101 Peter St,1001,M5V,Condominium,10,Spadina-Fort York
6632969,STR-2506-GFTHPS,446 Ruth Ave,,M2M,Single/Semi-detached House,18,Willowdale
6632970,STR-2506-GMZHPT,158 Davisville Ave,,M4S,Single/Semi-detached House,12,Toronto-St. Paul's
6632971,STR-2506-GWGHPV,251 Jarvis St,2310,M5B,Condominium,13,Toronto Centre
6632972,STR-2506-HDMHPW,61 St Lucie Dr,,M9M,Single/Semi-detached House,7,Humber River-Black Creek
6632973,STR-2506-HTZHPY,300 Front St W,PH2,M5V,Condominium,10,Spadina-Fort York
6632974,STR-2506-JCGHPZ,141 Davisville Ave,412,M4S,Apartment,12,Toronto-St. Paul's
6632975,STR-2506-FHQVPP,199 Richmond St W,2208,M5V,Condominium,10,Spadina-Fort York
6632976,STR-2506-FYCVPR,209 Fort York Blvd,469,M5V,Condominium,10,Spadina-Fort York
6632977,STR-2506-GGJVPS,88 Faye Dr,,M2J,Single/Semi-detached House,17,Don Valley North
6632978,STR-2506-GPQVPT,6 Barrett Rd,,M4B,Single/Semi-detached House,19,Beaches-East York
6632979,STR-2506-GWWVPV,251 Jarvis St,1707,M5B,Condominium,13,Toronto Centre
6632980,STR-2506-HFCVPW,251 Jarvis St,3709,M5B,Condominium,13,Toronto Centre
6632981,STR-2506-HVQVPY,832 Bay St,4708,M5S,Condominium,11,University-Rosedale
6632982,STR-2506-JCWVPZ,15 Iceboat Ter,3602,M5V,Condominium,10,Spadina-Fort York
6632983,STR-2506-GGZHPS,715 Indian Rd,Lower,M6P,Single/Semi-detached House,4,Parkdale-High Park
6632984,STR-2506-GQGHPT,4 Chipstead Rd,,M3B,Single/Semi-detached House,15,Don Valley West
6632985,STR-2506-GXMHPV,21 Iceboat Ter,4601,M5V,Condominium,10,Spadina-Fort York
6632986,STR-2506-HFTHPW,836 Manning Ave,,M6G,Single/Semi-detached House,11,University-Rosedale
6632987,STR-2506-HMZHPX,72 West Lynn Ave,,M4C,Single/Semi-detached House,19,Beaches-East York
6632988,STR-2506-JDMHPZ,251 Jarvis St,4515,M5B,Condominium,13,Toronto Centre
6632989,STR-2506-FJWVPP,251 Jarvis St,620,M5B,Condominium,13,Toronto Centre
6632990,STR-2506-FSCVPQ,21 Pirandello St,1206,M6K,Townhouse/ Row House,10,Spadina-Fort York
6632991,STR-2506-GHQVPS,10 Capreol Crt,1609,M5V,Condominium,10,Spadina-Fort York
6632992,STR-2506-GQWVPT,300 Front St W,914,M5V,Condominium,10,Spadina-Fort York
6632993,STR-2506-HPQVPX,38 Dan Leckie Way,1707,M5V,Apartment,10,Spadina-Fort York
6632994,STR-2506-HWWVPY,14 York St,3410,M5J,Condominium,10,Spadina-Fort York
6632995,STR-2506-JFCVPZ,31 Futura Dr,,M3N,Single/Semi-detached House,7,Humber River-Black Creek
6632996,STR-2506-FSTHPQ,101 Peter St,3001,M5V,Condominium,10,Spadina-Fort York
6632997,STR-2506-FZZHPR,219 Fort York Blvd,622,M5V,Condominium,10,Spadina-Fort York
6632998,STR-2506-GRMHPT,100 Glengrove Ave W,,M4R,Single/Semi-detached House,8,Eglinton-Lawrence
6632999,STR-2506-GYTHPV,300 Front St W,2305,M5V,Condominium,10,Spadina-Fort York
6633000,STR-2506-HGZHPW,11 Cromarty Dr,,M9W,Single/Semi-detached House,1,Etobicoke North
6633001,STR-2506-HQGHPX,1043 Logan Ave,,M4K,Single/Semi-detached House,14,Toronto-Danforth
6633002,STR-2506-JFTHPZ,38 Annie Craig Dr,3009,M8V,Condominium,3,Etobicoke-Lakeshore
6633003,STR-2506-FLCVPP,251 Jarvis St,925,M5B,Condominium,13,Toronto Centre
6633004,STR-2506-FTJVPQ,51 Indian Grv,4,M6R,Duplex/Triplex/Fourplex,4,Parkdale-High Park
6633005,STR-2506-GBQVPR,12 York St,5507,M5J,Condominium,10,Spadina-Fort York
6633006,STR-2506-GSCVPT,185 Angus Dr,,M2J,Single/Semi-detached House,17,Don Valley North
6633007,STR-2506-GZJVPV,555 Church St,A2,M4Y,Apartment,13,Toronto Centre
6633008,STR-2506-HHQVPW,36 Sultana Ave,,M6A,Single/Semi-detached House,8,Eglinton-Lawrence
6633009,STR-2506-FLTHPP,101 Peter St,3009,M5V,Condominium,10,Spadina-Fort York
6633010,STR-2506-FTZHPQ,210 Victoria St,808,M5B,Condominium,13,Toronto Centre
6633011,STR-2506-GCGHPR,15 Iceboat Ter,2309,M5V,Condominium,10,Spadina-Fort York
6633012,STR-2506-GKMHPS,55 Larwood Blvd,,M1M,Single/Semi-detached House,20,Scarborough Southwest
6633013,STR-2506-HJGHPW,8 Preston Pl,BSMT,M4N,Duplex/Triplex/Fourplex,15,Don Valley West
6633014,STR-2506-HRMHPX,36 Benlamond Ave,,M4E,Single/Semi-detached House,19,Beaches-East York
6633015,STR-2506-HYTHPY,162 Woodsworth Rd,,M2L,Single/Semi-detached House,15,Don Valley West
6633016,STR-2506-JGZHPZ,300 Front St W,2206,M5V,Condominium,10,Spadina-Fort York
6633017,STR-2506-FDPSBP,200 McLevin Ave,124,M1B,Apartment,23,Scarborough North
6633018,STR-2506-FLVSBQ,92 Marchmount Rd,,M6G,Single/Semi-detached House,12,Toronto-St. Paul's
6633019,STR-2506-FVBSBR,203 Madison Ave,2,M5R,Single/Semi-detached House,11,University-Rosedale
6633020,STR-2506-GCHSBS,15 Summerside Cres,,M2H,Single/Semi-detached House,17,Don Valley North
6633021,STR-2506-GSVSBV,71 Treverton Dr,,M1K,Single/Semi-detached House,21,Scarborough Centre
6633022,STR-2506-HJHSBX,79 Crawford St,,M6J,Single/Semi-detached House,10,Spadina-Fort York
6633023,STR-2506-HRPSBY,78 Tecumseth St,1512,M5V,Apartment,10,Spadina-Fort York
6633024,STR-2506-HYVSBZ,120 Homewood Ave,2807,M4Y,Apartment,13,Toronto Centre
6633025,STR-2506-FMLFBQ,51 Mould Ave,1,M6N,Single/Semi-detached House,5,York South-Weston
6633026,STR-2506-FVSFBR,168 Simcoe St,316,M5H,Condominium,10,Spadina-Fort York
6633027,STR-2506-GLFFBT,59A Cleta Dr,,M1K,Duplex/Triplex/Fourplex,20,Scarborough Southwest
6633028,STR-2506-GTLFBV,49 Amroth Ave,,M4C,Single/Semi-detached House,19,Beaches-East York
6633029,STR-2506-HBSFBW,89 Dunfield Ave,2204,M4S,Condominium,12,Toronto-St. Paul's
6633030,STR-2506-HJYFBX,72 Walmer Rd,2,M5R,Apartment,11,University-Rosedale
6633031,STR-2506-GDPSBS,3 Pherrill Mews,,M1M,Townhouse/ Row House,20,Scarborough Southwest
6633032,STR-2506-GLVSBT,18 Logandale Rd,,M2N,Single/Semi-detached House,18,Willowdale
6633033,STR-2506-GVBSBV,98 Granby St,,M5B,Single/Semi-detached House,13,Toronto Centre
6633034,STR-2506-HCHSBW,6 Hancock Cres,,M1R,Single/Semi-detached House,21,Scarborough Centre
6633035,STR-2506-HKPSBX,100 Morse St,,M4M,Single/Semi-detached House,14,Toronto-Danforth
6633036,STR-2506-JBBSBZ,23 Red Robinway,,M2R,Townhouse/ Row House,6,York Centre
6633037,STR-2506-FGLFBP,12 York st,3607,M5J,Condominium,10,Spadina-Fort York
6633038,STR-2506-GFFFBS,38 Grenville St,3003,M4Y,Condominium,13,Toronto Centre
6633039,STR-2506-GMLFBT,251 Jarvis St,2412,M5B,Condominium,13,Toronto Centre
6633040,STR-2506-GVSFBV,6 Sonic Way,N1705,M3C,Condominium,16,Don Valley East
6633041,STR-2506-HCYFBW,25 Daniels St,,M8Y,Single/Semi-detached House,3,Etobicoke-Lakeshore
6633042,STR-2506-HLFFBX,51 Chiefswood Sq,,M1W,Single/Semi-detached House,22,Scarborough-Agincourt
6633043,STR-2506-HTLFBY,22 Valdor Dr,,M1V,Townhouse/ Row House,23,Scarborough North
6633044,STR-2506-FQHSBQ,15 Iceboat Ter,1616,M5V,Condominium,10,Spadina-Fort York
6633045,STR-2506-GPBSBT,21 Iceboat Ter,1110,M5V,Apartment,10,Spadina-Fort York
6633046,STR-2506-HDPSBW,39 Samson Cres,,M1G,Single/Semi-detached House,24,Scarborough-Guildwood
6633047,STR-2506-HLVSBX,197 Ashworth Ave,Basement,M6G,Duplex/Triplex/Fourplex,12,Toronto-St. Paul's
6633048,STR-2506-JCHSBZ,33 Isabella St,2701,M4Y,Apartment,13,Toronto Centre
6633049,STR-2506-FHSFBP,60 Marchmount Rd,,M6G,Single/Semi-detached House,12,Toronto-St. Paul's
6633050,STR-2506-FQYFBQ,155 Yorkville Ave,719,M5R,Condominium,11,University-Rosedale
6633051,STR-2506-GPSFBT,40 Minnacote Ave,,M1E,Single/Semi-detached House,25,Scarborough-Rouge Park
6633052,STR-2506-GWYFBV,3 Concord Cityplace Way,3307,M5V,Condominium,10,Spadina-Fort York
6633053,STR-2506-HFFFBW,261 Castlefield Ave,,M4R,Single/Semi-detached House,8,Eglinton-Lawrence
6633054,STR-2506-HVSFBY,10 Navy Wharf Crt,2907,M5V,Apartment,10,Spadina-Fort York
6633055,STR-2506-JCYFBZ,506 Crawford St,,M6G,Single/Semi-detached House,11,University-Rosedale
6633056,STR-2506-FJHSBP,104 Wolverleigh Blvd,,M4J,Single/Semi-detached House,14,Toronto-Danforth
6633057,STR-2506-FRPSBQ,25 Lower Simcoe St,1217,M5J,Apartment,10,Spadina-Fort York
6633058,STR-2506-GHBSBS,20 John St,1017,M5V,Condominium,10,Spadina-Fort York
6633059,STR-2506-GQHSBT,1388 Bloor St W,1,M6P,Townhouse/ Row House,9,Davenport
6633060,STR-2506-HFVSBW,133 Times Rd,,M6B,Single/Semi-detached House,8,Eglinton-Lawrence
6633061,STR-2506-HPBSBX,188 Cumberland St,2302,M5R,Condominium,11,University-Rosedale
6633062,STR-2506-JDPSBZ,298 Waverley Rd,,M4L,Single/Semi-detached House,19,Beaches-East York
6633063,STR-2506-HWHSBY,120 Homewood Ave,118,M4Y,Condominium,13,Toronto Centre
6633064,STR-2506-FJYFBP,300 Front St W,2511,M5V,Condominium,10,Spadina-Fort York
6633065,STR-2506-FSFFBQ,93 Ellington Dr,,M1R,Single/Semi-detached House,21,Scarborough Centre
6633066,STR-2506-FZLFBR,35 St Clair Gdns,UN-C,M6E,Single/Semi-detached House,9,Davenport
6633067,STR-2506-GQYFBT,55 Brownlow Ave,1406,M4S,Apartment,12,Toronto-St. Paul's
6633068,STR-2506-GYFFBV,251 Jarvis St,817,M5B,Condominium,13,Toronto Centre
6633069,STR-2506-HGLFBW,723 Dupont St,,M6G,Single/Semi-detached House,11,University-Rosedale
6633070,STR-2506-HPSFBX,150 Marion St,,M6R,Single/Semi-detached House,4,Parkdale-High Park
6633071,STR-2506-HWYFBY,18 Maitland Ter,2209,M4Y,Condominium,13,Toronto Centre
6633072,STR-2506-FKPSBP,300 Front St W,2508,M5V,Condominium,10,Spadina-Fort York
6633073,STR-2506-FSVSBQ,194 Bathurst St,201,M5T,Single/Semi-detached House,10,Spadina-Fort York
6633074,STR-2506-GBBSBR,151 Dan Leckie Way,306,M5V,Apartment,10,Spadina-Fort York
6633075,STR-2506-GJHSBS,210 Victoria St,3711,M5B,Condominium,13,Toronto Centre
6633076,STR-2506-HHBSBW,140 Simcoe St,519,M5H,Condominium,10,Spadina-Fort York
6633077,STR-2506-HQHSBX,65 Bremner Blvd,4807,M5J,Condominium,10,Spadina-Fort York
6633078,STR-2506-HXPSBY,250 Bathurst St,,M5T,Townhouse/ Row House,10,Spadina-Fort York
6633079,STR-2506-JFVSBZ,3 Elsie Lane,51,M6P,Townhouse/ Row House,9,Davenport
6633080,STR-2506-FLFFBP,20 Snaresbrook Dr,,M9W,Single/Semi-detached House,1,Etobicoke North
6633081,STR-2511-JBMPPZ,244 Gerrard St E,103,M5A,Townhouse/ Row House,13,Toronto Centre
6633082,STR-2506-GBSFBR,16 Glenavon Rd,1,M6K,Apartment,4,Parkdale-High Park
6633083,STR-2506-GJYFBS,29 Rosebank Dr,1605,M1B,Townhouse/ Row House,23,Scarborough North
6633084,STR-2506-GZLFBV,70 Queens Wharf Rd,1710,M5V,Condominium,10,Spadina-Fort York
6633085,STR-2506-HHSFBW,72 Hooyo Ter,,M6A,Single/Semi-detached,8,Eglinton-Lawrence
6633086,STR-2506-HQYFBX,11 Freeborn Cres,,M1P,Single/Semi-detached House,21,Scarborough Centre
6633087,STR-2506-HYFFBY,90 Park Lawn Rd,1711,M8Y,Condominium,3,Etobicoke-Lakeshore
6633088,STR-2506-FDQYBP,150 Harlandale Ave,Upper,M2N,Single/Semi-detached House,18,Willowdale
6633089,STR-2506-FLWYBQ,2 Sonic Way,1904,M3C,Condominium,16,Don Valley East
6633090,STR-2506-GCJYBS,251 Jarvis St,1219,M5B,Condominium,13,Toronto Centre
6633091,STR-2506-HBCYBW,41 Cecil St,3,M5T,Duplex/Triplex/Fourplex,11,University-Rosedale
6633092,STR-2506-HJJYBX,710 Humberwood Blvd,1906A,M9W,Condominium,1,Etobicoke North
6633093,STR-2506-HRQYBY,2 Reddins Rd,,M1R,Single/Semi-detached House,21,Scarborough Centre
6633094,STR-2506-HYWYBZ,251 Jarvis St,1727,M5B,Condominium,13,Toronto Centre
6633095,STR-2506-FMMLBQ,77 Elise Ter,,M2R,Single/Semi-detached House,18,Willowdale
6633096,STR-2506-FVTLBR,48 Hooyo Ter,,M6A,Townhouse/ Row House,8,Eglinton-Lawrence
6633097,STR-2506-GLGLBT,1035 Ossington Ave,,M6G,Single/Semi-detached House,11,University-Rosedale
6633098,STR-2506-HZMLBZ,15 Iceboat Ter,3907,M5V,Condominium,10,Spadina-Fort York
6633099,STR-2506-FFWYBP,21 Iceboat Ter,4812,M5V,Condominium,10,Spadina-Fort York
6633100,STR-2506-FWJYBR,8 Charlotte St,307,M5V,Condominium,10,Spadina-Fort York
6633101,STR-2506-GDQYBS,224 St George St,601,M5R,Apartment,11,University-Rosedale
6633102,STR-2506-GLWYBT,30 Nelson St,703,M5V,Condominium,10,Spadina-Fort York
6633103,STR-2506-HCJYBW,25 Silver Springs Blvd,7,M1V,Condominium,22,Scarborough-Agincourt
6633104,STR-2506-HSWYBY,666 Ontario St,1215,M4X,Apartment,13,Toronto Centre
6633105,STR-2506-FGMLBP,114 Leyton Ave,,M1L,Single/Semi-detached House,20,Scarborough Southwest
6633106,STR-2506-FPTLBQ,160 Flemington Rd,708,M6A,Condominium,8,Eglinton-Lawrence
6633107,STR-2506-FWZLBR,25 Brimwood Blvd,73,M1V,Townhouse/ Row House,23,Scarborough North
6633108,STR-2506-GFGLBS,132 Brockley Dr,,M1P,Townhouse/ Row House,21,Scarborough Centre
6633109,STR-2506-GMMLBT,1806 Queen St E,1,M4L,Single/Semi-detached House,19,Beaches-East York
6633110,STR-2506-GVTLBV,915 King St W,203,M6K,Condominium,10,Spadina-Fort York
6633111,STR-2506-HCZLBW,155 Yorkville Ave,2303,M5R,Condominium,11,University-Rosedale
6633112,STR-2506-HLGLBX,58 Hawksbury Dr,,M2K,Single/Semi-detached House,17,Don Valley North
6633113,STR-2506-HTMLBY,354 Euclid Ave,1,M6J,Duplex/Triplex/Fourplex,11,University-Rosedale
6633114,STR-2506-FHCYBP,65 Bremner Blvd,3905,M5J,Condominium,10,Spadina-Fort York
6633115,STR-2506-FQJYBQ,5 Capri Rd,1003,M9B,Apartment,2,Etobicoke Centre
6633116,STR-2506-GFWYBS,101 Peter St,3511,M5V,Condominium,10,Spadina-Fort York
6633117,STR-2506-GWJYBV,94 Kenneth Ave,,M6P,Single/Semi-detached House,4,Parkdale-High Park
6633118,STR-2506-HDQYBW,18 Bridgeview Rd,,M6S,Single/Semi-detached House,4,Parkdale-High Park
6633119,STR-2506-HVCYBY,251 Jarvis St,4608,M5B,Condominium,13,Toronto Centre
6633120,STR-2506-FHTLBP,46 Hollyhedge Dr,,M1J,Single/Semi-detached House,21,Scarborough Centre
6633121,STR-2506-FQZLBQ,251 Jarvis St,1617,M5B,Condominium,13,Toronto Centre
6633122,STR-2506-FYGLBR,155 Yorkville Ave,2710,M5R,Condominium,11,University-Rosedale
6633123,STR-2506-GGMLBS,120 Harrison Garden Blvd,1130,M2N,Condominium,18,Willowdale
6633124,STR-2506-GPTLBT,251 Jarvis St,507,M5B,Condominium,13,Toronto Centre
6633125,STR-2506-GWZLBV,11 Cartwright Ave,Main,M6A,Single/Semi-detached House,8,Eglinton-Lawrence
6633126,STR-2506-HFGLBW,238 Staines Rd,,M1X,Single/Semi-detached House,25,Scarborough-Rouge Park
6633127,STR-2506-HVTLBY,600 Parliament St,,M4X,Apartment,13,Toronto Centre
6633128,STR-2506-JCZLBZ,239 Bingham Ave,B,M4E,Single/Semi-detached House,19,Beaches-East York
6633129,STR-2506-FRQYBQ,51 Castlefield Ave,,M4R,Single/Semi-detached House,8,Eglinton-Lawrence
6633130,STR-2506-FYWYBR,4651C Kingston Rd,1,M1E,Townhouse/ Row House,25,Scarborough-Rouge Park
6633131,STR-2506-GHCYBS,251 Jarvis St,2410,M5B,Condominium,13,Toronto Centre
6633132,STR-2506-GQJYBT,66 Marlow Ave,,M4J,Apartment,14,Toronto-Danforth
6633133,STR-2506-GXQYBV,9 Trailside Dr,,M2J,Single/Semi-detached House,17,Don Valley North
6633134,STR-2506-HPCYBX,10 Gateway Blvd,607,M3C,Condominium,16,Don Valley East
6633135,STR-2506-HWJYBY,446 Horsham Ave,,M2R,Single/Semi-detached House,18,Willowdale
6633136,STR-2506-JDQYBZ,1085 Danforth Rd,201,M1J,Condominium,20,Scarborough Southwest
6633137,STR-2506-FJZLBP,9 Chapman Ave,,M4B,Single/Semi-detached House,19,Beaches-East York
6633138,STR-2506-FSGLBQ,21 Iceboat Ter,4512,M5V,Condominium,10,Spadina-Fort York
6633139,STR-2506-FZMLBR,1057 Davenport Rd,BSMT,M6G,Single/Semi-detached House,12,Toronto-St. Paul's
6633140,STR-2506-GYGLBV,10 Capreol Crt,1056,M5V,Apartment,10,Spadina-Fort York
6633141,STR-2506-HGMLBW,76 Don Valley Dr,,M4K,Single/Semi-detached House,14,Toronto-Danforth
6633142,STR-2506-HPTLBX,96 Morningside Ave,,M6S,Single/Semi-detached House,4,Parkdale-High Park
6633143,STR-2506-HWZLBY,46 Captain Hall Crt,,M1V,Single/Semi-detached House,23,Scarborough North
6633144,STR-2506-JFGLBZ,22 Oakmount Rd,904,M6P,Apartment,4,Parkdale-High Park
6633145,STR-2506-FKQYBP,65 Essex St,,M6G,Single/Semi-detached House,11,University-Rosedale
6633146,STR-2506-FSWYBQ,24 Browning Ave,,M4K,Single/Semi-detached House,14,Toronto-Danforth
6633147,STR-2506-GBCYBR,52 Glen Agar Dr,,M9B,Single/Semi-detached House,2,Etobicoke Centre
6633148,STR-2506-GJJYBS,34 Frey Cres,,M1R,Single/Semi-detached House,21,Scarborough Centre
6633149,STR-2506-GRQYBT,153 Lisgar St,1,M6J,Duplex/Triplex/Fourplex,9,Davenport
6633150,STR-2506-GYWYBV,315 Blantyre Ave,,M1N,Single/Semi-detached House,20,Scarborough Southwest
6633151,STR-2506-HQJYBX,1369 Bloor St W,1316,M6P,Apartment,9,Davenport
6633152,STR-2506-FLGLBP,415 Dundas St E,A,M5A,Single/Semi-detached House,13,Toronto Centre
6633153,STR-2506-FTMLBQ,21 Iceboat Ter,831,M5V,Condominium,10,Spadina-Fort York
6633154,STR-2507-GBTLBR,42 Brookfield Rd,,M2P,Single/Semi-detached House,15,Don Valley West
6633155,STR-2507-GJZLBS,461 Westmount Ave,,M6E,Single/Semi-detached House,12,Toronto-St. Paul's
6633156,STR-2507-GSGLBT,2905 Weston Rd,,M9M,Single/Semi-detached House,7,Humber River-Black Creek
6633157,STR-2507-GZMLBV,19 Delaney Cres,,M6K,Single/Semi-detached House,9,Davenport
6633158,STR-2507-HHTLBW,55 Maitland St,508,M4Y,Apartment,13,Toronto Centre
6633159,STR-2507-HQZLBX,519 Delaware Ave N,Upper,M6H,Townhouse/ Row House,9,Davenport
6633160,STR-2507-HYGLBY,1369 Bloor St W,1302,M6P,Condominium,9,Davenport
6633161,STR-2507-JGMLBZ,91 Runnymede Rd,,M6S,Single/Semi-detached House,4,Parkdale-High Park
6633162,STR-2507-FDSFBP,284 Markham St,,M6J,Single/Semi-detached House,11,University-Rosedale
6633163,STR-2507-FLYFBQ,31 Hamstead Ave,,M4C,Single/Semi-detached House,19,Beaches-East York
6633164,STR-2507-GCLFBS,376 O'Connor Dr,,M4J,Single/Semi-detached House,14,Toronto-Danforth
6633165,STR-2507-GKSFBT,407 Salem Ave N,,M6H,Single/Semi-detached House,9,Davenport
6633166,STR-2507-GSYFBV,48 Panmure Cres,,M1K,Single/Semi-detached House,21,Scarborough Centre
6633167,STR-2507-HBFFBW,18 Coverdale Cres,,M1V,Single/Semi-detached House,22,Scarborough-Agincourt
6633168,STR-2507-HJLFBX,42 Henley Cres,,M9W,Single/Semi-detached House,1,Etobicoke North
6633169,STR-2507-HRSFBY,60 Cummer Ave,,M2M,Single/Semi-detached House,18,Willowdale
6633170,STR-2507-HYYFBZ,175 Pears Ave,1,M5R,Townhouse/ Row House,11,University-Rosedale
6633171,STR-2507-FVVSBR,496A Queen St W,,M5V,Apartment,10,Spadina-Fort York
6633172,STR-2507-GTPSBV,15 Iceboat Ter,2515,M5V,Apartment,10,Spadina-Fort York
6633173,STR-2507-HBVSBW,151 Dan Leckie Way,647,M5V,Condominium,10,Spadina-Fort York
6633174,STR-2507-HKBSBX,300 Front St W,2910,M5V,Condominium,10,Spadina-Fort York
6633175,STR-2507-HZPSBZ,151 Dan Leckie Way,635,M5V,Condominium,10,Spadina-Fort York
6633176,STR-2507-FFYFBP,85 Porchester Dr,Suite Lower,M1J,Single/Semi-detached House,24,Scarborough-Guildwood
6633177,STR-2507-FPFFBQ,472 Margueretta St,Main,M6H,Single/Semi-detached House,9,Davenport
6633178,STR-2507-FWLFBR,5 St Joseph St,4005,M4Y,Condominium,13,Toronto Centre
6633179,STR-2507-GDSFBS,35 Hollywood Ave,2020,M2N,Condominium,18,Willowdale
6633180,STR-2507-GLYFBT,14 York St,2412,M5J,Condominium,10,Spadina-Fort York
6633181,STR-2507-GVFFBV,20 Shore Breeze Dr,508,M8V,Condominium,3,Etobicoke-Lakeshore
6633182,STR-2507-HSYFBY,251 Jarvis St,3908,M5B,Condominium,13,Toronto Centre
6633183,STR-2507-JBFFBZ,251 Jarvis St,303,M5B,Condominium,13,Toronto Centre
6633184,STR-2507-FPVSBQ,284 Thirtieth St,Upper,M8W,Single/Semi-detached House,3,Etobicoke-Lakeshore
6633185,STR-2507-GFHSBS,35 Blackdown Cres,,M9B,Single/Semi-detached House,2,Etobicoke Centre
6633186,STR-2507-GMPSBT,16 Totteridge Rd,,M9A,Single/Semi-detached House,2,Etobicoke Centre
6633187,STR-2507-GVVSBV,29 Camden St,101,M5V,Condominium,10,Spadina-Fort York
6633188,STR-2507-HLHSBX,18 Maitland Ter,905,M4Y,Condominium,13,Toronto Centre
6633189,STR-2507-HTPSBY,9 Model Ave,BSMT,M3H,Duplex/Triplex/Fourplex,6,York Centre
6633190,STR-2507-JBVSBZ,29 Olga St,,M1M,Townhouse/ Row House,20,Scarborough Southwest
6633191,STR-2507-FHFFBP,6 Turtledove Grv,,M1X,Single/Semi-detached House,23,Scarborough North
6633192,STR-2507-FXSFBR,2 Montrose Ave,,M6J,Townhouse/ Row House,11,University-Rosedale
6633193,STR-2507-GFYFBS,1646 Dupont St,1,M6P,Duplex/Triplex/Fourplex,9,Davenport
6633194,STR-2507-GPFFBT,157 Silverhill Dr,,M9B,Single/Semi-detached House,3,Etobicoke-Lakeshore
6633195,STR-2507-GWLFBV,101 Peter St,AP3911,M5V,Apartment,10,Spadina-Fort York
6633196,STR-2507-HDSFBW,15 Iceboat Ter,3808,M5V,Condominium,10,Spadina-Fort York
6633197,STR-2507-HLYFBX,31 Brownstone Lane,,M8X,Townhouse/ Row House,3,Etobicoke-Lakeshore
6633198,STR-2511-GLPVPT,251 Jarvis St,304,M5B,Apartment,13,Toronto Centre
6633199,STR-2507-HVFFBY,14 York St,2906,M5J,Condominium,10,Spadina-Fort York
6633200,STR-2507-JCLFBZ,251 Jarvis St,801,M5B,Condominium,13,Toronto Centre
6633201,STR-2507-FRBSBQ,14 York St,4004,M5J,Condominium,10,Spadina-Fort York
6633202,STR-2507-FYHSBR,49 Poplar Ave,,M9B,Single/Semi-detached House,3,Etobicoke-Lakeshore
6633203,STR-2507-GGPSBS,53 Bankfield Dr,,M9V,Single/Semi-detached House,1,Etobicoke North
6633204,STR-2507-GPVSBT,10 Willison Sq,701,M5T,Apartment,10,Spadina-Fort York
6633205,STR-2507-GXBSBV,65 Bremner Blvd,2307,M5J,Condominium,10,Spadina-Fort York
6633206,STR-2507-HVVSBY,37 Bulwer St,200,M5T,Single/Semi-detached House,10,Spadina-Fort York
6633207,STR-2507-JDBSBZ,2427 WARDEN AVE,2,M1W,Single/Semi-detached House,22,Scarborough-Agincourt
6633208,STR-2507-FJLFBP,231 Fort York Blvd,1010,M5V,Condominium,10,Spadina-Fort York
6633209,STR-2507-FYYFBR,300 Front St W,4012,M5V,Condominium,10,Spadina-Fort York
6633210,STR-2507-GHFFBS,46 Florence Cres,,M6N,Single/Semi-detached House,5,York South-Weston
6633211,STR-2507-HPFFBX,38 Marcelline Cres,,M2K,Single/Semi-detached House,17,Don Valley North
6633212,STR-2507-HWLFBY,151 Dan Leckie Way,756,M5V,Condominium,10,Spadina-Fort York
6633213,STR-2507-FZPSBR,102 Wanless Ave,,M4N,Single/Semi-detached House,15,Don Valley West
6633214,STR-2507-FKBSBP,12 York St,306,M5J,Condominium,10,Spadina-Fort York
6633215,STR-2507-FSHSBQ,157 Harbourview Cres,,M8V,Townhouse/ Row House,3,Etobicoke-Lakeshore
6633216,STR-2507-GHVSBS,20 John St,1121,M5V,Condominium,10,Spadina-Fort York
6633217,STR-2507-GRBSBT,415 Leslie St,,M4M,Single/Semi-detached House,14,Toronto-Danforth
6633218,STR-2507-GYHSBV,98 Lillian St,417,M4S,Condominium,12,Toronto-St. Paul's
6633219,STR-2507-HGPSBW,202 Woodsworth Rd,Upper,M2L,Single/Semi-detached House,15,Don Valley West
6633220,STR-2507-HPVSBX,264 Milan St,Upper,M5A,Single/Semi-detached House,13,Toronto Centre
6633221,STR-2507-HXBSBY,18 Mansfield Ave,,M6J,Single/Semi-detached House,11,University-Rosedale
6633222,STR-2507-JFHSBZ,87 Margaret Ave,Main,M2J,Single/Semi-detached House,17,Don Valley North
6633223,STR-2507-FKSFBP,408 Brown's Line,603,M8W,Condominium,3,Etobicoke-Lakeshore
6633224,STR-2507-FSYFBQ,218 Milverton Blvd,,M4J,Single/Semi-detached House,14,Toronto-Danforth
6633225,STR-2507-GBFFBR,17 Glenheather Ter,,M1B,Single/Semi-detached House,25,Scarborough-Rouge Park
6633226,STR-2507-GRSFBT,116 George St,N1408,M5A,Condominium,13,Toronto Centre
6633227,STR-2507-GJLFBS,438 King St W,917,M5V,Condominium,10,Spadina-Fort York
6633228,STR-2507-GYYFBV,21 Iceboat Ter,2607,M5V,Condominium,10,Spadina-Fort York
6633229,STR-2507-HHFFBW,295 Adelaide St W,4504,M5V,Condominium,10,Spadina-Fort York
6633230,STR-2507-HQLFBX,101 Peter St,3608,M5V,Condominium,10,Spadina-Fort York
6633231,STR-2507-JFYFBZ,251 Jarvis St,3114,M5B,Condominium,13,Toronto Centre
6633232,STR-2507-FLHSBP,36 Zorra St,110,M8Z,Apartment,3,Etobicoke-Lakeshore
6633233,STR-2507-FTPSBQ,41 Lesmar Dr,,M9B,Single/Semi-detached House,2,Etobicoke Centre
6633234,STR-2507-GBVSBR,101 Peter St,4001,M5V,Condominium,10,Spadina-Fort York
6633235,STR-2507-GKBSBS,15 Iceboat Ter,2202,M5V,Condominium,10,Spadina-Fort York
6633236,STR-2507-GSHSBT,477 Lauder Ave,,M6E,Single/Semi-detached House,12,Toronto-St. Paul's
6633237,STR-2507-GZPSBV,151 Dan Leckie Way,715,M5V,Condominium,10,Spadina-Fort York
6633238,STR-2507-HHVSBW,1603 Eglinton Ave W,1605,M6E,Condominium,12,Toronto-St. Paul's
6633239,STR-2507-HRBSBX,39 Harlton Cres,,M6M,Single/Semi-detached House,5,York South-Weston
6633240,STR-2507-HYHSBY,16 York Ave,,M6N,Single/Semi-detached House,5,York South-Weston
6633241,STR-2507-JGPSBZ,5180 Yonge St,1003,M2N,Condominium,18,Willowdale
6633242,STR-2507-FLZLBQ,70 Carr St,6,M5T,Condominium,10,Spadina-Fort York
6633243,STR-2507-FVGLBR,3 Wilmont Dr,,M3N,Single/Semi-detached House,7,Humber River-Black Creek
6633244,STR-2507-GCMLBS,37 Four Winds Dr,85,M3J,Townhouse/ Row House,7,Humber River-Black Creek
6633245,STR-2507-GKTLBT,38 Leafield Dr,,M1W,Single/Semi-detached House,22,Scarborough-Agincourt
6633246,STR-2507-GSZLBV,73 Cannon Rd,,M8Y,Single/Semi-detached House,3,Etobicoke-Lakeshore
6633247,STR-2507-HBGLBW,251 Jarvis St,1525,M5B,Condominium,13,Toronto Centre
6633248,STR-2507-HJMLBX,251 Jarvis St,3812,M5B,Condominium,13,Toronto Centre
6633249,STR-2511-HTXBPY,300 Front St W,901,M5V,Apartment,10,Spadina-Fort York
6633250,STR-2507-HRTLBY,215 Fort York Blvd,409,M5V,Condominium,10,Spadina-Fort York
6633251,STR-2507-HYZLBZ,26 Aspendale Dr,,M1P,Single/Semi-detached House,21,Scarborough Centre
6633252,STR-2507-FMQYBQ,195 Upper Canada Dr,,M2P,Single/Semi-detached House,15,Don Valley West
6633253,STR-2507-FVWYBR,210 Victoria St,3909,M5B,Condominium,13,Toronto Centre
6633254,STR-2507-GDCYBS,66 Crossbow Cres,,M2J,Single/Semi-detached House,17,Don Valley North
6633255,STR-2507-GLJYBT,210 Victoria St,3708,M5B,Condominium,13,Toronto Centre
6633256,STR-2507-GTQYBV,61 Presley Ave,,M1L,Single/Semi-detached House,20,Scarborough Southwest
6633257,STR-2507-HKCYBX,757 Gladstone Ave,2,M6H,Duplex/Triplex/Fourplex,9,Davenport
6633258,STR-2507-HBWYBW,208 Queens Quay W,1812,M5J,Condominium,10,Spadina-Fort York
6633259,STR-2507-HSJYBY,30 Nelson St,318,M5V,Condominium,10,Spadina-Fort York
6633260,STR-2507-FFZLBP,300 Front St W,3708,M5V,Condominium,10,Spadina-Fort York
6633261,STR-2507-FPGLBQ,300 Front St W,714,M5V,Condominium,10,Spadina-Fort York
6633262,STR-2507-FWMLBR,155 Legion Rd N,1803,M8Y,Condominium,3,Etobicoke-Lakeshore
6633263,STR-2507-GDTLBS,151 Dan Leckie Way,1211,M5V,Condominium,10,Spadina-Fort York
6633264,STR-2507-GLZLBT,76 Clissold Rd,,M8Z,Single/Semi-detached House,3,Etobicoke-Lakeshore
6633265,STR-2507-HCMLBW,919 Dufferin St,502,M6H,Apartment,9,Davenport
6633266,STR-2507-JBGLBZ,39 Wolseley St,2,M5T,Apartment,10,Spadina-Fort York
6633267,STR-2507-FXCYBR,251 Jarvis St,1830,M5B,Condominium,13,Toronto Centre
6633268,STR-2507-GFJYBS,251 Jarvis St,2206,M5B,Condominium,13,Toronto Centre
6633269,STR-2507-GVWYBV,57 Cameron St,Bsmt,M5T,Duplex/Triplex/Fourplex,10,Spadina-Fort York
6633270,STR-2507-HDCYBW,135 Lower Sherbourne St,1570,M5A,Condominium,13,Toronto Centre
6633271,STR-2507-HLJYBX,35 Mariner Ter,1601,M5V,Condominium,10,Spadina-Fort York
6633272,STR-2507-HTQYBY,38 Abell St,324,M6J,Condominium,9,Davenport
6633273,STR-2507-JBWYBZ,527 Victoria Park Ave,,M4C,Single/Semi-detached House,20,Scarborough Southwest
6633274,STR-2507-FHGLBP,231 Fort York Blvd,1202,M5V,Condominium,10,Spadina-Fort York
6633275,STR-2507-FQMLBQ,15 McMurrich St,805,M5R,Condominium,11,University-Rosedale
6633276,STR-2507-GFZLBS,14 York St,3804,M5J,Condominium,10,Spadina-Fort York
6633277,STR-2507-GWMLBV,284 Sherbourne St,4,M5A,Townhouse/ Row House,13,Toronto Centre
6633278,STR-2507-HLZLBX,2 Forest Hill Rd,703,M4V,Apartment,12,Toronto-St. Paul's
6633279,STR-2507-HVGLBY,1 Neighbourhood Lane,107,M8Y,Condominium,3,Etobicoke-Lakeshore
6633280,STR-2507-JCMLBZ,6 Kenscott Rd,,M1B,Single/Semi-detached House,25,Scarborough-Rouge Park
6633281,STR-2507-FHWYBP,3740 Don Mills Rd,120,M2H,Townhouse/ Row House,17,Don Valley North
6633282,STR-2507-FYJYBR,16 Arkley Cres,1,M9R,Single/Semi-detached House,2,Etobicoke Centre
6633283,STR-2507-GPWYBT,19 Nuffield Dr,,M1E,Single/Semi-detached House,24,Scarborough-Guildwood
6633284,STR-2507-GXCYBV,97 Moberly Ave,,M4C,Single/Semi-detached House,19,Beaches-East York
6633285,STR-2507-HFJYBW,231 Fort York Blvd,1408,M5V,Condominium,10,Spadina-Fort York
6633286,STR-2507-HMQYBX,300 Front St W,3105,M5V,Condominium,10,Spadina-Fort York
6633287,STR-2507-HVWYBY,174 Kingsview Blvd,,M9R,Single/Semi-detached House,1,Etobicoke North
6633288,STR-2507-JDCYBZ,251 Jarvis St,4203,M5B,Condominium,13,Toronto Centre
6633289,STR-2507-FJMLBP,52 Leahurst Dr,,M1L,Single/Semi-detached House,20,Scarborough Southwest
6633290,STR-2507-FRTLBQ,49 Hillary Ave,1,M6N,Single/Semi-detached House,5,York South-Weston
6633291,STR-2507-FYZLBR,1737 Dufferin St,,M6E,Single/Semi-detached House,9,Davenport
6633292,STR-2507-GHGLBS,26 Bigham Cres,,M9C,Single/Semi-detached House,2,Etobicoke Centre
6633293,STR-2507-GQMLBT,157 Darlingside Dr,,M1E,Single/Semi-detached House,25,Scarborough-Rouge Park
6633294,STR-2507-GXTLBV,28 Westlake Ave,,M4C,Single/Semi-detached House,19,Beaches-East York
6633295,STR-2507-HFZLBW,156 Sussex Mews,1,M5S,Apartment,11,University-Rosedale
6633296,STR-2507-HPGLBX,407 Valermo Dr,,M8W,Single/Semi-detached House,3,Etobicoke-Lakeshore
6633297,STR-2507-HWMLBY,18 Denver Cres,,M2J,Duplex/Triplex/Fourplex,17,Don Valley North
6633298,STR-2507-JDTLBZ,55 Newlin Cres,,M3L,Single/Semi-detached House,6,York Centre
6633299,STR-2507-FKCYBP,231 Fort York Blvd,2013,M5V,Condominium,10,Spadina-Fort York
6633300,STR-2507-FZQYBR,178 Plunkett Rd,Basement,M9L,Duplex/Triplex/Fourplex,7,Humber River-Black Creek
6633301,STR-2507-GRCYBT,14 York St,4904,M5J,Condominium,10,Spadina-Fort York
6633302,STR-2507-GYJYBV,215 Fort York Blvd,912,M5V,Condominium,10,Spadina-Fort York
6633303,STR-2507-HGQYBW,100 Springhouse Sq,,M1W,Single/Semi-detached House,22,Scarborough-Agincourt
6633304,STR-2507-HPWYBX,843 Queen St W,B,M6J,Apartment,10,Spadina-Fort York
6633305,STR-2507-HXCYBY,560 Front St W,615,M5V,Condominium,10,Spadina-Fort York
6633306,STR-2507-FSZLBQ,251 Jarvis St,2904,M5B,Condominium,13,Toronto Centre
6633307,STR-2507-GBGLBR,50 Scarborough Golf Club Rd,99,M1M,Townhouse/ Row House,24,Scarborough-Guildwood
6633308,STR-2507-GJMLBS,21 Iceboat Ter,529,M5V,Condominium,10,Spadina-Fort York
6633309,STR-2507-GRTLBT,251 Jarvis St,706,M5B,Condominium,13,Toronto Centre
6633310,STR-2507-GYZLBV,252 Delaware Ave,,M6H,Single/Semi-detached House,9,Davenport
6633311,STR-2507-HHGLBW,78 Caines Ave,Main Floor,M2R,Single/Semi-detached House,18,Willowdale
6633312,STR-2507-HXTLBY,21 Iceboat Ter,3902,M5V,Condominium,10,Spadina-Fort York
6633313,STR-2507-JFZLBZ,569 Yonge St,3,M4Y,Apartment,13,Toronto Centre
6633314,STR-2507-FTQYBQ,21 Franklin Ave,,M2N,Single/Semi-detached House,18,Willowdale
6633315,STR-2507-GBWYBR,161 Midland Ave,,M1N,Single/Semi-detached House,20,Scarborough Southwest
6633316,STR-2512-GCYLBS,680 Huron St,,M5R,Single/Semi-detached House,11,University-Rosedale
6633317,STR-2507-GKCYBS,761 Bay St,511,M5G,Condominium,11,University-Rosedale
6633318,STR-2507-GSJYBT,150 East Liberty St,811,M6K,Condominium,10,Spadina-Fort York
6633319,STR-2507-HYJYBY,268A Kennedy Rd,,M1N,Single/Semi-detached House,20,Scarborough Southwest
6633320,STR-2507-JGQYBZ,114 Sexton Cres,A,M2H,Single/Semi-detached House,17,Don Valley North
6633321,STR-2507-FMBSBQ,55 Bremner Blvd,2311,M5J,Condominium,10,Spadina-Fort York
6633322,STR-2507-FVHSBR,151 Dan Leckie Way,650,M5V,Condominium,10,Spadina-Fort York
6633323,STR-2507-GCPSBS,591 Durie St,,M6S,Single/Semi-detached House,4,Parkdale-High Park
6633324,STR-2507-GTBSBV,35 Hearth Pl,,M1C,Single/Semi-detached House,25,Scarborough-Rouge Park
6633325,STR-2507-HJPSBX,6 Redland Cres E,,M1M,Single/Semi-detached House,20,Scarborough Southwest
6633326,STR-2507-HRVSBY,77 Huntley St,2203,M4Y,Apartment,13,Toronto Centre
6633327,STR-2507-HZBSBZ,14 Cassels Ave,,M4E,Single/Semi-detached House,19,Beaches-East York
6633328,STR-2507-FFLFBP,1250 Bridletowne Crcl,610,M1W,Apartment,22,Scarborough-Agincourt
6633329,STR-2507-FMSFBQ,84 Massey St,,M6J,Townhouse/ Row House,10,Spadina-Fort York
6633330,STR-2507-FVYFBR,38 Grenville St,3704,M4Y,Condominium,13,Toronto Centre
6633331,STR-2507-GLLFBT,2003 Danforth Ave,,M4C,Apartment,19,Beaches-East York
6633332,STR-2507-HBYFBW,132 D'Arcy St,B,M5T,Single/Semi-detached House,11,University-Rosedale
6633333,STR-2507-HSLFBY,137 Horsham Ave,,M2N,Single/Semi-detached House,18,Willowdale
6633334,STR-2507-FGBSBP,21 Iceboat Ter,4209,M5V,Condominium,10,Spadina-Fort York
6633335,STR-2507-FPHSBQ,300 Front St W,3511,M5V,Condominium,10,Spadina-Fort York
6633336,STR-2507-FWPSBR,577 Bathurst St,Upper Unit,M5S,Duplex/Triplex/Fourplex,11,University-Rosedale
6633337,STR-2507-GDVSBS,2300 St Clair Ave W,306,M6N,Condominium,5,York South-Weston
6633338,STR-2507-GMBSBT,251 Jarvis St,2003,M5B,Condominium,13,Toronto Centre
6633339,STR-2507-GVHSBV,1764 Queen St E,,M4L,Duplex/Triplex/Fourplex,19,Beaches-East York
6633340,STR-2507-HCPSBW,42 Greenbrook Dr,,M6M,Single/Semi-detached House,5,York South-Weston
6633341,STR-2507-HKVSBX,1337 Lansdowne Ave,,M6H,Single/Semi-detached House,9,Davenport
6633342,STR-2507-HTBSBY,14 Allen Ave,,M4M,Single/Semi-detached House,14,Toronto-Danforth
6633343,STR-2507-JBHSBZ,533 Richmond St W,601,M5V,Condominium,10,Spadina-Fort York
6633344,STR-2507-FPYFBQ,5 Shallice Crt,,M1B,Single/Semi-detached House,25,Scarborough-Rouge Park
6633345,STR-2507-FXFFBR,208 Benjamin Boake Trl,,M3J,Single/Semi-detached House,6,York Centre
6633346,STR-2507-GFLFBS,3650 Kingston Rd,214,M1M,Condominium,24,Scarborough-Guildwood
6633347,STR-2507-GMSFBT,17 Olsen Dr,,M3A,Single/Semi-detached House,16,Don Valley East
6633348,STR-2507-GVYFBV,35 Mariner Ter,3707,M5V,Condominium,10,Spadina-Fort York
6633349,STR-2507-HDFFBW,137 Niagara St,,M5V,Single/Semi-detached House,10,Spadina-Fort York
6633350,STR-2507-HLLFBX,77 Jeanette St,1,M1M,Single/Semi-detached House,20,Scarborough Southwest
6633351,STR-2507-HTSFBY,255 St Helens Ave,BSMT,M6H,Single/Semi-detached House,9,Davenport
6633352,STR-2507-JBYFBZ,1173 Dundas St W,1,M6J,Apartment,10,Spadina-Fort York
6633353,STR-2507-FHHSBP,832 Bay St,3004,M5S,Condominium,11,University-Rosedale
6633354,STR-2507-FQPSBQ,110 Victor Ave,,M4K,Single/Semi-detached House,14,Toronto-Danforth
6633355,STR-2507-FXVSBR,38 Annie Craig Dr,1801,M8V,Condominium,3,Etobicoke-Lakeshore
6633356,STR-2507-GGBSBS,21 Iceboat Ter,923,M5V,Condominium,10,Spadina-Fort York
6633357,STR-2507-HDVSBW,565 Markham St,2,M6G,Duplex/Triplex/Fourplex,11,University-Rosedale
6633358,STR-2507-HVHSBY,44 Watney Cres,Upper,M3L,Single/Semi-detached House,7,Humber River-Black Creek
6633359,STR-2507-FHYFBP,757 Gladstone Ave,4,M6H,Duplex/Triplex/Fourplex,9,Davenport
6633360,STR-2507-FRFFBQ,210 Victoria St,3203,M5B,Condominium,13,Toronto Centre
6633361,STR-2507-FYLFBR,370 Queens Quay W,1005,M5V,Condominium,10,Spadina-Fort York
6633362,STR-2507-HMSFBX,106 Gates Ave,A,M4C,Single/Semi-detached House,19,Beaches-East York
6633363,STR-2507-JDFFBZ,55 Twenty Fourth St,Main,M8V,Single/Semi-detached House,3,Etobicoke-Lakeshore
6633364,STR-2507-FRVSBQ,17 Tordale Cres,,M1P,Single/Semi-detached House,21,Scarborough Centre
6633365,STR-2507-FZBSBR,45 Madawaska Ave,,M2M,Single/Semi-detached House,18,Willowdale
6633366,STR-2507-GHHSBS,151 Dan Leckie Way,342,M5V,Apartment,10,Spadina-Fort York
6633367,STR-2507-GQPSBT,151 Dan Leckie Way,601,M5V,Apartment,10,Spadina-Fort York
6633368,STR-2507-GXVSBV,187 Manning Ave,1,M6J,Duplex/Triplex/Fourplex,10,Spadina-Fort York
6633369,STR-2507-HWPSBY,479 Glenlake Ave,,M6P,Single/Semi-detached House,4,Parkdale-High Park
6633370,STR-2507-FKFFBP,783 Bathurst St,611,M5S,Condominium,11,University-Rosedale
6633371,STR-2507-FSLFBQ,21 Iceboat Ter,4806,M5V,Condominium,10,Spadina-Fort York
6633372,STR-2507-FZSFBR,16 Cobblestone Dr,,M2J,Apartment,17,Don Valley North
6633373,STR-2507-GRFFBT,32 Florence Ave,,M2N,Single/Semi-detached House,18,Willowdale
6633374,STR-2507-HGSFBW,501 Yonge St,1103,M4Y,Condominium,13,Toronto Centre
6633375,STR-2507-HPYFBX,149 Langley Ave,BSMT,M4K,Single/Semi-detached House,14,Toronto-Danforth
6633376,STR-2507-HXFFBY,251 Jarvis St,2001,M5B,Condominium,13,Toronto Centre
6633377,STR-2507-JFLFBZ,65 Bremner Blvd,4802,M5J,Condominium,10,Spadina-Fort York
6633378,STR-2507-FKVSBP,32 Brookridge Dr,,M1P,Single/Semi-detached House,21,Scarborough Centre
6633379,STR-2507-GBHSBR,1639 Eglinton Ave W,1A,M6E,Apartment,12,Toronto-St. Paul's
6633380,STR-2507-GJPSBS,76 Historic Ter,,M1V,Single/Semi-detached House,23,Scarborough North
6633381,STR-2507-GRVSBT,869 Wilson Ave,38,M3K,Condominium,6,York Centre
6633382,STR-2507-GZBSBV,45 Burrard Rd,A,M9W,Single/Semi-detached House,1,Etobicoke North
6633383,STR-2507-HHHSBW,80 Harrison Garden Blvd,1318,M2N,Condominium,18,Willowdale
6633384,STR-2507-HQPSBX,151 Dan Leckie Way,553,M5V,Condominium,10,Spadina-Fort York
6633385,STR-2507-HXVSBY,28 Rainbow Ridge Ave,A,M1B,Single/Semi-detached House,25,Scarborough-Rouge Park
6633386,STR-2507-JGBSBZ,4 Newbold Ave,202,M4L,Apartment,19,Beaches-East York
6633387,STR-2507-FLLFBP,2369 Danforth Ave,216,M4C,Condominium,19,Beaches-East York
6633388,STR-2507-FTSFBQ,9 Swiss Crt,,M2M,Single/Semi-detached House,18,Willowdale
6633389,STR-2507-GBYFBR,590 Sewells Rd,,M1B,Single/Semi-detached House,25,Scarborough-Rouge Park
6633390,STR-2507-GSLFBT,32 Florence Cres,,M6N,Single/Semi-detached House,5,York South-Weston
6633391,STR-2508-GZSFBV,210 victoria st,3401,M5B,Condominium,13,Toronto Centre
6633392,STR-2508-HHYFBW,12 Trophy Dr,,M4A,Single/Semi-detached House,16,Don Valley East
6633393,STR-2508-HRFFBX,151 Dan Leckie Way,1610,M5V,Condominium,10,Spadina-Fort York
6633394,STR-2508-HYLFBY,215 Fort York Blvd,2402,M5V,Condominium,10,Spadina-Fort York
6633395,STR-2508-JGSFBZ,222 Elm St,1505,M5T,Apartment,11,University-Rosedale
6633396,STR-2508-FDWYBP,1205 Queen St W,208,M5V,Condominium,10,Spadina-Fort York
6633397,STR-2508-FVJYBR,73 Clouston Ave,,M9N,Single/Semi-detached House,5,York South-Weston
6633398,STR-2508-GCQYBS,300 Front St W,913,M5V,Condominium,10,Spadina-Fort York
6633399,STR-2508-GKWYBT,50 Greenwin Village Rd,Main,M2R,Duplex/Triplex/Fourplex,18,Willowdale
6633400,STR-2508-GTCYBV,62 Seminoff St,,M1L,Single/Semi-detached House,20,Scarborough Southwest
6633401,STR-2508-HBJYBW,300 Front St W,2410,M5V,Condominium,10,Spadina-Fort York
6633402,STR-2508-HJQYBX,101 Peter St,2505,M5V,Apartment,10,Spadina-Fort York
6633403,STR-2508-HZCYBZ,11 St Joseph St,1803,M4Y,Condominium,13,Toronto Centre
6633404,STR-2508-FFMLBP,251 Jarvis St,1921,M5B,Condominium,13,Toronto Centre
6633405,STR-2508-FMTLBQ,27 Brimstone Cres,,M1V,Single/Semi-detached House,23,Scarborough North
6633406,STR-2508-GLMLBT,25 Laidlaw St,518,M6K,Townhouse/ Row House,10,Spadina-Fort York
6633407,STR-2508-GTTLBV,199 Richmond St W,2403,M5V,Condominium,10,Spadina-Fort York
6633408,STR-2508-HBZLBW,14A Ottawa St,,M4T,Townhouse/ Row House,11,University-Rosedale
6633409,STR-2508-HKGLBX,251 Jarvis St,1534,M5B,Condominium,13,Toronto Centre
6633410,STR-2508-HZTLBZ,1020 Mount Pleasant Rd,,M4P,Single/Semi-detached House,15,Don Valley West
6633411,STR-2508-FGCYBP,23R Atlantic Ave,Unit 2,M6K,Duplex/Triplex/Fourplex,10,Spadina-Fort York
6633412,STR-2508-FWQYBR,4 Draper St,,M5V,Single/Semi-detached House,10,Spadina-Fort York
6633413,STR-2508-GMCYBT,5 Strathgowan Cres,BSMT,M4N,Single/Semi-detached House,15,Don Valley West
6633414,STR-2508-GVJYBV,436 Symington Ave,MN-FL,M6N,Single/Semi-detached House,9,Davenport
6633415,STR-2508-HCQYBW,130 Annette St,BSMT,M6P,Single/Semi-detached House,4,Parkdale-High Park
6633416,STR-2508-HKWYBX,300 Front St W,2704,M5V,Condominium,10,Spadina-Fort York
6633417,STR-2508-HTCYBY,89 Concord Ave,,M6H,Single/Semi-detached House,9,Davenport
6633418,STR-2508-JBJYBZ,140 Simcoe St,303,M5H,Condominium,10,Spadina-Fort York
6633419,STR-2508-FSPSBQ,16 Abbottswood Rd,,M1P,Single/Semi-detached House,21,Scarborough Centre
6633420,STR-2508-FGTLBP,219 Fort York Blvd,804,M5V,Condominium,10,Spadina-Fort York
6633421,STR-2508-FPZLBQ,15 Richardson St,324,M5A,Condominium,10,Spadina-Fort York
6633422,STR-2508-GMTLBT,81 Laurel Ave,,M1K,Single/Semi-detached House,20,Scarborough Southwest
6633423,STR-2508-GVZLBV,98 Lillian St,526,M4S,Condominium,12,Toronto-St. Paul's
6633424,STR-2508-HDGLBW,118 Booth Ave,1,M4M,Single/Semi-detached House,14,Toronto-Danforth
6633425,STR-2508-HLMLBX,251 Jarvis St,1510,M5B,Condominium,13,Toronto Centre
6633426,STR-2508-HTTLBY,107 Otter Cres,,M5N,Single/Semi-detached House,8,Eglinton-Lawrence
6633427,STR-2508-JBZLBZ,30 Samuel Wood Way,805,M9B,Condominium,3,Etobicoke-Lakeshore
6633428,STR-2508-FHJYBP,163 Northland Ave,,M6N,Single/Semi-detached House,5,York South-Weston
6633429,STR-2508-FQQYBQ,300 Front St W,2703,M5V,Condominium,10,Spadina-Fort York
6633430,STR-2508-FXWYBR,219 Pemberton Ave,,M2M,Single/Semi-detached House,18,Willowdale
6633431,STR-2508-GPJYBT,20 Carnation Ave,42,M8V,Townhouse/ Row House,3,Etobicoke-Lakeshore
6633432,STR-2508-GWQYBV,21 Iceboat Ter,331,M5V,Condominium,10,Spadina-Fort York
6633433,STR-2508-HDWYBW,560 Front St W,220,M5V,Condominium,10,Spadina-Fort York
6633434,STR-2508-HMCYBX,251 Jarvis St,1432,M5B,Condominium,13,Toronto Centre
6633435,STR-2508-JCQYBZ,15 Iceboat Ter,2701,M5V,Condominium,10,Spadina-Fort York
6633436,STR-2508-FHZLBP,210 Victoria St,4004,M5B,Condominium,13,Toronto Centre
6633437,STR-2508-FYMLBR,101 Peter St,4011,M5V,Condominium,10,Spadina-Fort York
6633438,STR-2508-GPZLBT,15 Iceboat Ter,2116,M5V,Condominium,10,Spadina-Fort York
6633439,STR-2508-GXGLBV,94 Gothic Ave,Main,M6P,Single/Semi-detached House,4,Parkdale-High Park
6633440,STR-2508-HMTLBX,210 Victoria St,4009,M5B,Apartment,13,Toronto Centre
6633441,STR-2508-JDGLBZ,21 Iceboat Ter,4210,M5V,Condominium,10,Spadina-Fort York
6633442,STR-2508-FRWYBQ,17 Claude Ave,1,M6R,Single/Semi-detached House,4,Parkdale-High Park
6633443,STR-2508-FZCYBR,15 Iceboat Ter,2912,M5V,Apartment,10,Spadina-Fort York
6633444,STR-2508-GHJYBS,617 Adelaide St W,,M6J,Townhouse/ Row House,10,Spadina-Fort York
6633445,STR-2508-GQQYBT,288 Dunview Ave,,M2N,Single/Semi-detached House,18,Willowdale
6633446,STR-2508-GXWYBV,577 Clinton St,,M6G,Single/Semi-detached House,11,University-Rosedale
6633447,STR-2508-HPJYBX,85 Montgomery Ave,,M4R,Single/Semi-detached House,8,Eglinton-Lawrence
6633448,STR-2508-JDWYBZ,38 Judy Sgro Ave,,M3L,Townhouse/ Row House,7,Humber River-Black Creek
6633449,STR-2508-FKGLBP,83 Byng Ave,,M1L,Single/Semi-detached House,20,Scarborough Southwest
6633450,STR-2508-FSMLBQ,21 Iceboat Ter,2807,M5V,Apartment,10,Spadina-Fort York
6633451,STR-2508-GHZLBS,25 Henderson Ave,,M6J,Single/Semi-detached House,11,University-Rosedale
6633452,STR-2508-GYMLBV,145 Kitchener Rd,1,M1E,Single/Semi-detached House,24,Scarborough-Guildwood
6633453,STR-2508-HGTLBW,823 Adelaide St W,1,M6J,Duplex/Triplex/Fourplex,10,Spadina-Fort York
6633454,STR-2508-HPZLBX,98 King Edward Ave,,M4C,Single/Semi-detached House,19,Beaches-East York
6633455,STR-2508-FKWYBP,22 Ninth St,,M8V,Single/Semi-detached House,3,Etobicoke-Lakeshore
6633456,STR-2508-FTCYBQ,7 Frances Cres,,M1S,Single/Semi-detached House,23,Scarborough North
6633457,STR-2508-GBJYBR,165 Legion Rd N,2021,M8Y,Condominium,3,Etobicoke-Lakeshore
6633458,STR-2508-GJQYBS,21 Iceboat Ter,2512,M5V,Condominium,10,Spadina-Fort York
6633459,STR-2508-GZCYBV,375 King St W,1809,M5V,Condominium,10,Spadina-Fort York
6633460,STR-2508-HHJYBW,46 Cynthia Rd,,M6N,Single/Semi-detached House,5,York South-Weston
6633461,STR-2508-HQQYBX,155 Yorkville Ave,2601,M5R,Condominium,11,University-Rosedale
6633462,STR-2508-HXWYBY,210 Victoria St,4102,M5B,Apartment,13,Toronto Centre
6633463,STR-2508-JGCYBZ,21 Iceboat Ter,3807,M5V,Condominium,10,Spadina-Fort York
6633464,STR-2508-FTTLBQ,12 York St,708,M5J,Condominium,10,Spadina-Fort York
6633465,STR-2508-GBZLBR,215 Fort York Blvd,2102,M5V,Condominium,10,Spadina-Fort York
6633466,STR-2508-GKGLBS,15 Iceboat Ter,4015,M5V,Condominium,10,Spadina-Fort York
6633467,STR-2508-GZTLBV,30 Baseball Pl,303,M4M,Condominium,14,Toronto-Danforth
6633468,STR-2508-HRGLBX,25 Lower Simcoe St,1215,M5J,Condominium,10,Spadina-Fort York
6633469,STR-2508-HYMLBY,15 Iceboat Ter,3308,M5V,Condominium,10,Spadina-Fort York
6633470,STR-2508-FMFFBQ,297 Warden Ave,,M1N,Single/Semi-detached House,20,Scarborough Southwest
6633471,STR-2508-FDYFBP,11 Yorkville Ave,614,M4W,Apartment,11,University-Rosedale
6633472,STR-2508-FVLFBR,153 Dovercourt Rd,Main,M6J,Duplex/Triplex/Fourplex,10,Spadina-Fort York
6633473,STR-2508-GCSFBS,634 Woodbine Ave,,M4E,Single/Semi-detached House,19,Beaches-East York
6633474,STR-2508-GKYFBT,36 Courcelette Rd,,M1N,Single/Semi-detached House,20,Scarborough Southwest
6633475,STR-2508-GTFFBV,8D Leaside Park Dr,,M4H,Townhouse/ Row House,15,Don Valley West
6633476,STR-2508-HBLFBW,26 Rochelle Cres,,M2J,Single/Semi-detached House,17,Don Valley North
6633477,STR-2508-HJSFBX,560 Front St W,112,M5V,Condominium,10,Spadina-Fort York
6633478,STR-2508-HRYFBY,251 Jarvis St,3607,M5B,Condominium,13,Toronto Centre
6633479,STR-2508-HZFFBZ,955 Bay St,3009,M5S,Condominium,13,Toronto Centre
6633480,STR-2508-FFPSBP,136 Regina Ave,A,M6A,Single/Semi-detached House,8,Eglinton-Lawrence
6633481,STR-2508-FMVSBQ,151 Dan Leckie Way,903,M5V,Apartment,10,Spadina-Fort York
6633482,STR-2508-FWBSBR,42 Moore Park Ave,,M2M,Single/Semi-detached House,18,Willowdale
6633483,STR-2508-GDHSBS,312 Churchill Ave,,M2R,Single/Semi-detached House,18,Willowdale
6633484,STR-2508-GLPSBT,459B Jones Ave,UPPER LVL,M4J,Duplex/Triplex/Fourplex,14,Toronto-Danforth
6633485,STR-2508-GTVSBV,155 Yorkville Ave,3016,M5R,Apartment,11,University-Rosedale
6633486,STR-2508-HCBSBW,36 Wilson Park Rd,1,M6K,Duplex/Triplex/Fourplex,4,Parkdale-High Park
6633487,STR-2508-HKHSBX,38 Weatherell St,,M6S,Single/Semi-detached House,4,Parkdale-High Park
6633488,STR-2508-HSPSBY,41 Neilson Ave,,M1M,Single/Semi-detached House,20,Scarborough Southwest
6633489,STR-2508-HZVSBZ,20 Blue Jays Way,1502,M5V,Condominium,10,Spadina-Fort York
6633490,STR-2508-FGFFBP,30 Nelson St,220,M5V,Condominium,10,Spadina-Fort York
6633491,STR-2508-FPLFBQ,43 Kensington Ave,,M5T,Townhouse/ Row House,11,University-Rosedale
6633492,STR-2508-FWSFBR,188 Cumberland St,2401,M5R,Condominium,11,University-Rosedale
6633493,STR-2508-GDYFBS,388D Manning Ave,,M6G,Townhouse/ Row House,11,University-Rosedale
6633494,STR-2508-HKYFBX,50 Charles St E,1603,M4Y,Apartment,11,University-Rosedale
6633495,STR-2508-HTFFBY,59 Bellevue Ave,MAIN FL/BSMT,M5T,Duplex/Triplex/Fourplex,11,University-Rosedale
6633496,STR-2508-JBLFBZ,57 Melbourne Ave,,M6K,Single/Semi-detached House,4,Parkdale-High Park
6633497,STR-2508-FQBSBQ,251 Jarvis St,3705,M5B,Condominium,13,Toronto Centre
6633498,STR-2508-GFPSBS,251 Jarvis St,2103,M5B,Condominium,13,Toronto Centre
6633499,STR-2508-GMVSBT,88A Greensides Ave,,M6G,Single/Semi-detached House,12,Toronto-St. Paul's
6633500,STR-2508-GWBSBV,198 Braymore Blvd,1,M1B,Single/Semi-detached House,25,Scarborough-Rouge Park
6633501,STR-2508-HDHSBW,203 Fern Ave,B,M6R,Single/Semi-detached House,4,Parkdale-High Park
6633502,STR-2508-HTVSBY,832 Bay St,4703,M5S,Condominium,11,University-Rosedale
6633503,STR-2508-JCBSBZ,376 Northcliffe Blvd,,M6E,Single/Semi-detached House,9,Davenport
6633504,STR-2508-FQSFBQ,394 Euclid Ave,203,M6G,Condominium,11,University-Rosedale
6633505,STR-2508-GGFFBS,2115 Codlin Cres,Upper,M9W,Single/Semi-detached House,1,Etobicoke North
6633506,STR-2508-GPLFBT,80 Harrison Garden Blvd,2221,M2N,Condominium,18,Willowdale
6633507,STR-2508-GWSFBV,55 Bremner Blvd,4110,M5J,Condominium,10,Spadina-Fort York
6633508,STR-2508-HDYFBW,65 Bremner Blvd,2706,M5J,Condominium,10,Spadina-Fort York
6633509,STR-2508-HMFFBX,22 Wayne Ave,,M1R,Single/Semi-detached House,21,Scarborough Centre
6633510,STR-2508-HVLFBY,276 Wallace Ave,,M6P,Single/Semi-detached House,9,Davenport
6633511,STR-2508-JCSFBZ,25 Tamerlane Crt,,M9B,Single/Semi-detached House,3,Etobicoke-Lakeshore
6633512,STR-2508-FJBSBP,7 Seymour Ave,,M4J,Single/Semi-detached House,14,Toronto-Danforth
6633513,STR-2508-GJCYBS,350 Concord Ave,A,M6H,Apartment,9,Davenport
6633514,STR-2508-FRHSBQ,176 South Kingsway,,M6S,Single/Semi-detached House,4,Parkdale-High Park
6633515,STR-2508-FYPSBR,1177 Ossington Ave,,M6G,Single/Semi-detached House,12,Toronto-St. Paul's
6633516,STR-2508-GGVSBS,251 Jarvis St,2208,M5B,Condominium,13,Toronto Centre
6633517,STR-2508-GQBSBT,129 Bathurst St,,M5V,Single/Semi-detached House,10,Spadina-Fort York
6633518,STR-2508-GXHSBV,30 Nelson St,1110,M5V,Condominium,10,Spadina-Fort York
6633519,STR-2508-HMVSBX,569 Ossington Ave,3,M6G,Duplex/Triplex/Fourplex,11,University-Rosedale
6633520,STR-2508-HWBSBY,564 Sentinel Rd,,M3J,Townhouse/ Row House,7,Humber River-Black Creek
6633521,STR-2508-JDHSBZ,8 Burritt Rd,,M1R,Duplex/Triplex/Fourplex,21,Scarborough Centre
6633522,STR-2508-FJSFBP,143 Silver Springs Blvd,,M1V,Single/Semi-detached House,22,Scarborough-Agincourt
6633523,STR-2508-FRYFBQ,11 Yorkville Ave,1912,M4W,Condominium,11,University-Rosedale
6633524,STR-2508-FZFFBR,64 Lippincott St,1,M5T,Single/Semi-detached House,11,University-Rosedale
6633525,STR-2508-GHLFBS,614 Logan Ave,,M4K,Single/Semi-detached House,14,Toronto-Danforth
6633526,STR-2508-GQSFBT,199 Humberside Ave,2,M6P,Single/Semi-detached House,4,Parkdale-High Park
6633527,STR-2508-GXYFBV,23 Dunvegan Rd,,M4V,Single/Semi-detached House,12,Toronto-St. Paul's
6633528,STR-2508-HGFFBW,116 Goulding Ave,,M2M,Single/Semi-detached House,18,Willowdale
6633529,STR-2508-HPLFBX,21 Iceboat Ter,4807,M5V,Condominium,10,Spadina-Fort York
6633530,STR-2508-HWSFBY,10 Capreol Crt,356,M5V,Condominium,10,Spadina-Fort York
6633531,STR-2508-JDYFBZ,364 Huron St,301,M5S,Single/Semi-detached House,11,University-Rosedale
6633532,STR-2508-FKHSBP,2939 St Clair Ave E,,M4B,Single/Semi-detached House,19,Beaches-East York
6633533,STR-2508-FZVSBR,8 Osborne Ave,,M4E,Single/Semi-detached House,19,Beaches-East York
6633534,STR-2508-GJBSBS,101 Peter St,3712,M5V,Apartment,10,Spadina-Fort York
6633535,STR-2508-GRHSBT,110 Franklin Ave,,M2N,Single/Semi-detached House,18,Willowdale
6633536,STR-2508-GYPSBV,10 Falmouth Ave,,M1K,Single/Semi-detached House,20,Scarborough Southwest
6633537,STR-2508-HGVSBW,47 Linnsmore Cres,,M4J,Single/Semi-detached House,14,Toronto-Danforth
6633538,STR-2508-HQBSBX,1195 The Queensway,303,M8Z,Apartment,3,Etobicoke-Lakeshore
6633539,STR-2508-HXHSBY,24 Goodwill Ave,,M3H,Single/Semi-detached House,6,York Centre
6633540,STR-2508-FKYFBP,12 Kilpatrick Pl,,M1R,Single/Semi-detached House,21,Scarborough Centre
6633541,STR-2508-FTFFBQ,12 Ted Wray Crcl,,M3L,Townhouse/ Row House,7,Humber River-Black Creek
6633542,STR-2508-GBLFBR,33 Madawaska Ave,Main,M2M,Single/Semi-detached House,18,Willowdale
6633543,STR-2508-GJSFBS,28 Yorkdale Cres,,M9M,Single/Semi-detached House,7,Humber River-Black Creek
6633544,STR-2508-GRYFBT,37 Cliffside Dr,,M1N,Single/Semi-detached House,20,Scarborough Southwest
6633545,STR-2508-GZFFBV,101 Peter St,2410,M5V,Condominium,10,Spadina-Fort York
6633546,STR-2508-HHLFBW,15 Iceboat Ter,3807,M5V,Condominium,10,Spadina-Fort York
6633547,STR-2508-HQSFBX,101 Peter St,3901,M5V,Condominium,10,Spadina-Fort York
6633548,STR-2508-JGFFBZ,27 Olga St,,M1M,Townhouse/ Row House,20,Scarborough Southwest
6633549,STR-2508-GCBSBR,707 Dovercourt Rd,418,M6H,Apartment,9,Davenport
6633550,STR-2508-GSPSBT,600 Queens Quay W,1010,M5V,Condominium,10,Spadina-Fort York
6633551,STR-2508-GZVSBV,550 Queens Quay W,1107,M5V,Condominium,10,Spadina-Fort York
6633552,STR-2508-FDZLBP,120 Jameson Ave,509,M6K,Apartment,4,Parkdale-High Park
6633553,STR-2508-FMGLBQ,101 Peter St,3811,M5V,Condominium,10,Spadina-Fort York
6633554,STR-2508-GCTLBS,650 Queens Quay W,1217,M5V,Condominium,10,Spadina-Fort York
6633555,STR-2508-GKZLBT,15 Iceboat Ter,1511,M5V,Condominium,10,Spadina-Fort York
6633556,STR-2508-HBMLBW,1 Shaw St,711,M6K,Condominium,10,Spadina-Fort York
6633557,STR-2508-HJTLBX,231 Fort York Blvd,1903,M5V,Condominium,10,Spadina-Fort York
6633558,STR-2508-HRZLBY,71 Madelaine Ave,,M1L,Single/Semi-detached House,20,Scarborough Southwest
6633559,STR-2508-HZGLBZ,54A Butterworth Ave,,M1L,Single/Semi-detached House,20,Scarborough Southwest
6633560,STR-2508-FFQYBP,241 Drewry Ave,,M2M,Single/Semi-detached House,18,Willowdale
6633561,STR-2508-FWCYBR,300 Front St W,4208,M5V,Condominium,10,Spadina-Fort York
6633562,STR-2508-GDJYBS,155 Yorkville Ave,2308,M5R,Condominium,11,University-Rosedale
6633563,STR-2508-GLQYBT,65 Bremner Blvd,5103,M5J,Condominium,10,Spadina-Fort York
6633564,STR-2508-HCCYBW,35 Winchester St,,M4X,Single/Semi-detached House,13,Toronto Centre
6633565,STR-2508-HKJYBX,386 Yonge St,5105,M5B,Condominium,11,University-Rosedale
6633566,STR-2508-HSQYBY,21 Carlton St,3904,M5B,Condominium,13,Toronto Centre
6633567,STR-2508-FGGLBP,730 Dovercourt Rd,1119,M6H,Apartment,9,Davenport
6633568,STR-2508-FPMLBQ,14 York St,5704,M5J,Condominium,10,Spadina-Fort York
6633569,STR-2508-FWTLBR,18 Page Ave,,M6S,Single/Semi-detached House,4,Parkdale-High Park
6633570,STR-2508-GDZLBS,251 Manitoba St,1407,M8Y,Condominium,3,Etobicoke-Lakeshore
6633571,STR-2508-GMGLBT,700 Ontario St,1112,M4X,Apartment,13,Toronto Centre
6633572,STR-2508-GVMLBV,17 Monarch Park Ave,Main,M4J,Single/Semi-detached House,14,Toronto-Danforth
6633573,STR-2508-HCTLBW,104 Manning Ave,,M6J,Single/Semi-detached House,10,Spadina-Fort York
6633574,STR-2508-HKZLBX,28 Clarkhill St,,M2R,Single/Semi-detached House,18,Willowdale
6633575,STR-2508-HTGLBY,210 Victoria St,3010,M5B,Condominium,13,Toronto Centre
6633576,STR-2508-JBMLBZ,3330 Bayview Ave,4,M2M,Townhouse/ Row House,18,Willowdale
6633577,STR-2508-FGWYBP,2360 Dundas St W,2809,M6P,Condominium,4,Parkdale-High Park
6633578,STR-2508-GFQYBS,251 Jarvis St,4214,M5B,Condominium,13,Toronto Centre
6633579,STR-2508-FXJYBR,83 Greenbrook Dr,BSMT,M6M,Single/Semi-detached House,5,York South-Weston
6633580,STR-2508-GMWYBT,231 Old Weston Rd,,M6N,Townhouse/ Row House,9,Davenport
6633581,STR-2508-GWCYBV,11 Yorkville Ave,4601,M4W,Apartment,11,University-Rosedale
6633582,STR-2508-HLQYBX,7 Eastgate Cres,,M1L,Single/Semi-detached House,20,Scarborough Southwest
6633583,STR-2508-HTWYBY,126 Ridgewood Rd,,M1C,Single/Semi-detached House,25,Scarborough-Rouge Park
6633584,STR-2508-JCCYBZ,146 Pleasant Ave,,M2M,Single/Semi-detached House,18,Willowdale
6633585,STR-2508-FHMLBP,16 Glen Rd,,M4X,Single/Semi-detached House,13,Toronto Centre
6633586,STR-2508-FQTLBQ,7 Jeanette St,,M1M,Single/Semi-detached House,20,Scarborough Southwest
6633587,STR-2508-FXZLBR,169 Queen St E,3,M5A,Apartment,13,Toronto Centre
6633588,STR-2508-GPMLBT,251 Jarvis St,601,M5B,Condominium,13,Toronto Centre
6633589,STR-2508-HMGLBX,71 Plum Treeway,,M2R,Townhouse/ Row House,6,York Centre
6633590,STR-2508-JCTLBZ,680 Queen St W,1,M6J,Apartment,10,Spadina-Fort York
6633591,STR-2508-FJCYBP,83 Empire Ave,,M4M,Single/Semi-detached House,14,Toronto-Danforth
6633592,STR-2508-FRJYBQ,26 Devondale Ave,,M2R,Duplex/Triplex/Fourplex,18,Willowdale
6633593,STR-2508-FYQYBR,69 Curlew Dr,119,M3A,Townhouse/ Row House,16,Don Valley East
6633594,STR-2508-GQCYBT,807 Indian Rd,,M6P,Single/Semi-detached House,4,Parkdale-High Park
6633595,STR-2508-GXJYBV,251 Jarvis St,1706,M5B,Condominium,13,Toronto Centre
6633596,STR-2508-HFQYBW,251 Jarvis St,3509,M5B,Condominium,13,Toronto Centre
6633597,STR-2508-HMWYBX,2256 Queen St E,FL2,M4E,Apartment,19,Beaches-East York
6633598,STR-2508-HWCYBY,15 Iceboat Ter,3606,M5V,Condominium,10,Spadina-Fort York
6633599,STR-2508-JDJYBZ,188 First Ave,R,M4M,Townhouse/ Row House,14,Toronto-Danforth
6633600,STR-2508-FJTLBP,216 Mavety St,,M6P,Single/Semi-detached House,4,Parkdale-High Park
6633601,STR-2508-FRZLBQ,30 Oakley Blvd,B,M1P,Single/Semi-detached House,21,Scarborough Centre
6633602,STR-2508-FZGLBR,30 Nelson St,2805,M5V,Condominium,10,Spadina-Fort York
6633603,STR-2508-GHMLBS,251 Jarvis St,5010,M5B,Condominium,13,Toronto Centre
6633604,STR-2508-GQTLBT,55 Triller Ave,2308,M6R,Apartment,4,Parkdale-High Park
6633605,STR-2508-GXZLBV,30 Nelson St,3701,M5V,Condominium,10,Spadina-Fort York
6633606,STR-2508-HPMLBX,978 Carlaw Ave,,M4K,Single/Semi-detached House,14,Toronto-Danforth
6633607,STR-2508-HWTLBY,350 Albany Ave,,M5R,Single/Semi-detached House,12,Toronto-St. Paul's
6633608,STR-2508-FKJYBP,10 Navy Wharf Crt,4303,M5V,Condominium,10,Spadina-Fort York
6633609,STR-2508-FSQYBQ,300 Front St W,2110,M5V,Condominium,10,Spadina-Fort York
6633610,STR-2508-FZWYBR,70 Byng Ave,33,M2N,Townhouse/ Row House,18,Willowdale
6633611,STR-2508-GYQYBV,74 Oxford St,Ground,M5T,Townhouse/ Row House,11,University-Rosedale
6633612,STR-2508-HXJYBY,155 Yorkville Ave,2605,M5R,Condominium,11,University-Rosedale
6633613,STR-2508-JFQYBZ,251 Jarvis St,1419,M5B,Condominium,13,Toronto Centre
6633614,STR-2508-GJTLBS,28 Linden St,1808,M4Y,Condominium,13,Toronto Centre
6633615,STR-2508-GRZLBT,83 Shendale Dr,,M9W,Single/Semi-detached House,1,Etobicoke North
6633616,STR-2508-GZGLBV,111 Sandown Ave,Main,M1N,Single/Semi-detached House,20,Scarborough Southwest
6633617,STR-2508-HHMLBW,215 Fort York Blvd,3812,M5V,Condominium,10,Spadina-Fort York
6633618,STR-2508-HQTLBX,80 Granby St,,M5B,Condominium,13,Toronto Centre
6633619,STR-2508-HXZLBY,85 Letchworth Cres,,M3M,Single/Semi-detached House,6,York Centre
6633620,STR-2508-JGGLBZ,17 Avening Dr,,M9V,Single/Semi-detached House,1,Etobicoke North
6633621,STR-2508-FLQYBP,179 Varsity Rd,2,M6S,Apartment,4,Parkdale-High Park
6633622,STR-2508-FTWYBQ,396 College St,4,M5T,Apartment,11,University-Rosedale
6633623,STR-2508-GCCYBR,433 Manning Ave,,M6G,Single/Semi-detached House,11,University-Rosedale
6633624,STR-2508-GKJYBS,251 Jarvis St,1426,M5B,Condominium,13,Toronto Centre
6633625,STR-2508-GSQYBT,25 Nicholas Ave,2004,M5A,Condominium,13,Toronto Centre
6633626,STR-2509-GTYFBV,847 Glencairn Ave,,M6B,Single/Semi-detached House,8,Eglinton-Lawrence
6633627,STR-2508-GZWYBV,33 King St,1104,M9N,Apartment,5,York South-Weston
6633628,STR-2508-HJCYBW,1000 Broadview Ave,304,M4K,Apartment,14,Toronto-Danforth
6633629,STR-2508-HRJYBX,57 Shanly St,1,M6H,Duplex/Triplex/Fourplex,9,Davenport
6633630,STR-2508-HYQYBY,426 Whitmore Ave,,M6E,Single/Semi-detached House,8,Eglinton-Lawrence
6633631,STR-2508-JGWYBZ,81 Navy Wharf Crt,201,M5V,Condominium,10,Spadina-Fort York
6633632,STR-2508-FFBSBP,1 Falaise Rd,505,M1E,Condominium,24,Scarborough-Guildwood
6633633,STR-2508-FMHSBQ,701 Lansdowne Ave,,M6H,Single/Semi-detached House,9,Davenport
6633634,STR-2508-FVPSBR,21 Iceboat Ter,4010,M5V,Condominium,10,Spadina-Fort York
6633635,STR-2509-GCVSBS,300 Front St W,2311,M5V,Condominium,10,Spadina-Fort York
6633636,STR-2509-GLBSBT,2202 Queen St E,,M4E,Single/Semi-detached House,19,Beaches-East York
6633637,STR-2509-GTHSBV,66 Douro St,110,M6K,Townhouse/ Row House,10,Spadina-Fort York
6633638,STR-2509-HBPSBW,1328 Birchmount Rd,1806,M1R,Condominium,21,Scarborough Centre
6633639,STR-2509-HJVSBX,2059 Weston Rd,38,M9N,Townhouse/ Row House,5,York South-Weston
6633640,STR-2509-HSBSBY,38 Keon Pl,A,M1B,Single/Semi-detached House,25,Scarborough-Rouge Park
6633641,STR-2509-HZHSBZ,231 Fort York Blvd,733,M5V,Condominium,10,Spadina-Fort York
6633642,STR-2509-FFSFBP,52 Lawrence Ave E,,M4N,Single/Semi-detached House,15,Don Valley West
6633643,STR-2509-FMYFBQ,21 Humbert St,,M6J,Single/Semi-detached House,10,Spadina-Fort York
6633644,STR-2509-FWFFBR,387 Shuter St,,M5A,Single/Semi-detached House,13,Toronto Centre
6633645,STR-2509-GDLFBS,30 Shore Breeze Dr,535,M8V,Condominium,3,Etobicoke-Lakeshore
6633646,STR-2509-GLSFBT,35 Troutbrooke Dr,B,M3M,Single/Semi-detached House,6,York Centre
6633647,STR-2509-HCFFBW,78 Bideford Ave,,M3H,Single/Semi-detached House,6,York Centre
6633648,STR-2509-HKLFBX,86 Valdor Dr,,M1V,Townhouse/ Row House,23,Scarborough North
6633649,STR-2509-HSSFBY,76 La Rose Ave,2,M9P,Single/Semi-detached House,2,Etobicoke Centre
6633650,STR-2509-HZYFBZ,270 Wellington St W,1102,M5V,Condominium,10,Spadina-Fort York
6633651,STR-2509-FGHSBP,2191 Yonge St,3211,M4S,Condominium,12,Toronto-St. Paul's
6633652,STR-2509-FPPSBQ,10 Watson St,,M1C,Single/Semi-detached House,25,Scarborough-Rouge Park
6633653,STR-2509-FWVSBR,251 Jarvis St,1409,M5B,Apartment,13,Toronto Centre
6633654,STR-2509-GFBSBS,15 Iceboat Ter,1509,M5V,Condominium,10,Spadina-Fort York
6633655,STR-2509-GMHSBT,21 East Rd,,M1N,Single/Semi-detached House,20,Scarborough Southwest
6633656,STR-2509-GVPSBV,101 Peter St,1608,M5V,Condominium,10,Spadina-Fort York
6633657,STR-2509-HCVSBW,135 Bathurst St,1,M5V,Duplex/Triplex/Fourplex,10,Spadina-Fort York
6633658,STR-2509-HLBSBX,89 Church St,4605,M5C,Condominium,13,Toronto Centre
6633659,STR-2509-HTHSBY,155 Yorkville Ave,2104,M5R,Condominium,11,University-Rosedale
6633660,STR-2509-JBPSBZ,30 Melchior Dr,,M1E,Single/Semi-detached House,25,Scarborough-Rouge Park
6633661,STR-2509-FGYFBP,16 Bonnycastle St,1211,M5A,Condominium,10,Spadina-Fort York
6633662,STR-2509-FQFFBQ,151 Dan Leckie Way,1009,M5V,Condominium,10,Spadina-Fort York
6633663,STR-2509-GFSFBS,65 Bremner Blvd,2201,M5J,Condominium,10,Spadina-Fort York
6633664,STR-2509-GMYFBT,28 Eastern Ave,114,M5A,Townhouse/ Row House,13,Toronto Centre
6633665,STR-2509-GWFFBV,955 Bay St,1309,M5S,Condominium,13,Toronto Centre
6633666,STR-2509-HDLFBW,43 Kecala Rd,Garden Suite,M1P,Single/Semi-detached House,21,Scarborough Centre
6633667,STR-2509-HLSFBX,28 Maynard Ave,202,M6K,Apartment,4,Parkdale-High Park
6633668,STR-2509-HTYFBY,120 Jameson Ave,514,M6K,Apartment,4,Parkdale-High Park
6633669,STR-2509-JCFFBZ,30 Nelson St,4101,M5V,Apartment,10,Spadina-Fort York
6633670,STR-2509-FQVSBQ,27 George Webster Rd,1,M4B,Single/Semi-detached House,19,Beaches-East York
6633671,STR-2509-GGHSBS,44 Gerrard St W,1501,M5G,Apartment,11,University-Rosedale
6633672,STR-2509-HFBSBW,65 Bremner Blvd,3008,M5J,Condominium,10,Spadina-Fort York
6633673,STR-2509-HMHSBX,90 Crayford Dr,,M1W,Single/Semi-detached House,22,Scarborough-Agincourt
6633674,STR-2509-HVPSBY,10 Coleridge Ave,Main,M4C,Duplex/Triplex/Fourplex,19,Beaches-East York
6633675,STR-2509-JCVSBZ,18 Greenbriar Rd,5,M2K,Townhouse/ Row House,17,Don Valley North
6633676,STR-2509-FRLFBQ,95 Howland Ave,,M5R,Single/Semi-detached House,11,University-Rosedale
6633677,STR-2509-GXLFBV,155 Yorkville Ave,604,M5R,Condominium,11,University-Rosedale
6633678,STR-2509-HFSFBW,300 Front St W,602,M5V,Condominium,10,Spadina-Fort York
6633679,STR-2509-HMYFBX,28 Rotary Dr,Upper,M1B,Duplex/Triplex/Fourplex,25,Scarborough-Rouge Park
6633680,STR-2509-JDLFBZ,209 Bowie Ave,,M6E,Single/Semi-detached House,8,Eglinton-Lawrence
6633681,STR-2509-FJVSBP,58 Landfair Cres,,M1J,Single/Semi-detached House,24,Scarborough-Guildwood
6633682,STR-2509-FSBSBQ,1369 Bloor St W,513,M6P,Apartment,9,Davenport
6633683,STR-2509-FZHSBR,140 Springhurst Ave,43,M6K,Condominium,4,Parkdale-High Park
6633684,STR-2509-GHPSBS,95 Jameson Ave,704,M6K,Apartment,4,Parkdale-High Park
6633685,STR-2509-GQVSBT,14 York St,6504,M5J,Condominium,10,Spadina-Fort York
6633686,STR-2509-GYBSBV,19 Castlebar Rd,,M8Z,Single/Semi-detached House,3,Etobicoke-Lakeshore
6633687,STR-2509-HGHSBW,188 Jameson Ave,604,M6K,Apartment,4,Parkdale-High Park
6633688,STR-2509-HPPSBX,219 Fort York Blvd,3503,M5V,Condominium,10,Spadina-Fort York
6633689,STR-2509-FSSFBQ,300 Front St W,3203,M5V,Condominium,10,Spadina-Fort York
6633690,STR-2509-FZYFBR,321 Betty Ann Dr,,M2R,Single/Semi-detached House,18,Willowdale
6633691,STR-2509-GJFFBS,35 Hamilton St,,M4M,Single/Semi-detached House,14,Toronto-Danforth
6633692,STR-2509-GRLFBT,25 Howard St,Apt 1,M4X,Apartment,13,Toronto Centre
6633693,STR-2509-GYSFBV,13 Pinewood Ave,2,M6C,Apartment,12,Toronto-St. Paul's
6633694,STR-2509-HGYFBW,8 Winterset Cres,,M9R,Single/Semi-detached House,1,Etobicoke North
6633695,STR-2509-FRPVPQ,501 Yonge St,3804,M4Y,Apartment,13,Toronto Centre
6633696,STR-2509-HQFFBX,10 Park Lawn Rd,4301,M8V,Condominium,3,Etobicoke-Lakeshore
6633697,STR-2509-HXLFBY,108 Wincott Dr,,M9R,Single/Semi-detached House,2,Etobicoke Centre
6633698,STR-2509-JFSFBZ,52 Fifteenth St,,M8V,Single/Semi-detached House,3,Etobicoke-Lakeshore
6633699,STR-2509-FLBSBP,832 Bay St,2208,M5S,Condominium,11,University-Rosedale
6633700,STR-2509-GBPSBR,1030 Castlefield Ave,401,M6B,Apartment,8,Eglinton-Lawrence
6633701,STR-2509-GJVSBS,401 Albion Rd,,M9W,Single/Semi-detached House,1,Etobicoke North
6633702,STR-2509-GSBSBT,657 Evans Ave,2,M8W,Duplex/Triplex/Fourplex,3,Etobicoke-Lakeshore
6633703,STR-2509-HHPSBW,40 Edmund Ave,Main,M9N,Single/Semi-detached House,5,York South-Weston
6633704,STR-2509-HYBSBY,21 Ruttan St,141,M6P,Townhouse/ Row House,9,Davenport
6633705,STR-2509-JGHSBZ,96 Tecumseth St,2ND FLR,M6J,Townhouse/ Row House,10,Spadina-Fort York
6633706,STR-2509-FLSFBP,155 Yorkville Ave,2906,M5R,Condominium,11,University-Rosedale
6633707,STR-2509-GCFFBR,118 Lisgar St,BSMT,M6J,Townhouse/ Row House,9,Davenport
6633708,STR-2509-GKLFBS,98 Lillian St,202,M4S,Condominium,12,Toronto-St. Paul's
6633709,STR-2509-GSSFBT,60 Beacham Cres,,M1T,Single/Semi-detached House,22,Scarborough-Agincourt
6633710,STR-2509-GZYFBV,313 Richmond St E,554,M5A,Condominium,13,Toronto Centre
6633711,STR-2509-HJFFBW,2300 St Clair Ave W,530,M6N,Condominium,5,York South-Weston
6633712,STR-2509-HRLFBX,288 Connaught Ave,Unit A,M2R,Single/Semi-detached House,18,Willowdale
6633713,STR-2509-HYSFBY,209 Fort York Blvd,164,M5V,Condominium,10,Spadina-Fort York
6633714,STR-2509-JGYFBZ,251 Jarvis St,2514,M5B,Condominium,13,Toronto Centre
6633715,STR-2509-FMJYBQ,15 Third St,,M8V,Single/Semi-detached House,3,Etobicoke-Lakeshore
6633716,STR-2509-FVQYBR,155 Yorkville Ave,412,M5R,Condominium,11,University-Rosedale
6633717,STR-2509-GTJYBV,6 Stoney Brooke Dr,,M6N,Single/Semi-detached House,5,York South-Weston
6633718,STR-2509-GLCYBT,14 Byng Ave,,M9W,Single/Semi-detached House,1,Etobicoke North
6633719,STR-2509-HBQYBW,277 Pleasant Ave,,M2M,Single/Semi-detached House,18,Willowdale
6633720,STR-2509-HJWYBX,151 Dan Leckie Way,1810,M5V,Condominium,10,Spadina-Fort York
6633721,STR-2509-HZJYBZ,40 Cobden St,,M2R,Single/Semi-detached House,18,Willowdale
6633722,STR-2509-HSCYBY,30 Grand Trunk Cres,3903,M5J,Condominium,10,Spadina-Fort York
6633723,STR-2509-FFTLBP,12 York St,4002,M5J,Condominium,10,Spadina-Fort York
6633724,STR-2509-FMZLBQ,83 Sullivan St,,M5T,Townhouse/ Row House,10,Spadina-Fort York
6633725,STR-2509-FWGLBR,15 Penhale Dr,,M9P,Single/Semi-detached House,2,Etobicoke Centre
6633726,STR-2509-GDMLBS,463 St Clarens Ave,Upper,M6H,Single/Semi-detached House,9,Davenport
6633727,STR-2509-GLTLBT,4955 Yonge St,3206,M2N,Condominium,18,Willowdale
6633728,STR-2509-HKMLBX,65 Bremner Blvd,5007,M5J,Condominium,10,Spadina-Fort York
6633729,STR-2509-HZZLBZ,469 Bathurst St,A1,M5T,Townhouse/ Row House,11,University-Rosedale
6633730,STR-2509-FGJYBP,23 Wythenshawe Wood,,M1E,Single/Semi-detached House,24,Scarborough-Guildwood
6633731,STR-2509-FPQYBQ,244 Wilmington Ave,2,M3H,Apartment,6,York Centre
6633732,STR-2509-FWWYBR,58 Earlsdale Ave,,M6C,Single/Semi-detached House,9,Davenport
6633733,STR-2509-GFCYBS,105 George St,1814,M5A,Condominium,13,Toronto Centre
6633734,STR-2509-GMJYBT,32 McGill St,,M5B,Single/Semi-detached House,13,Toronto Centre
6633735,STR-2509-GVQYBV,409 Huron St,301,M5S,Apartment,11,University-Rosedale
6633736,STR-2509-HCWYBW,14 Crowfoot Pl,,M1W,Single/Semi-detached House,22,Scarborough-Agincourt
6633737,STR-2509-HLCYBX,20 Bruyeres Mews,2508,M5V,Condominium,10,Spadina-Fort York
6633738,STR-2509-HTJYBY,210 Victoria St,1811,M5B,Condominium,13,Toronto Centre
6633739,STR-2509-JBQYBZ,11 Duffield Rd,A,M9P,Single/Semi-detached House,2,Etobicoke Centre
6633740,STR-2509-FGZLBP,99A Trethewey Dr,,M6M,Single/Semi-detached House,5,York South-Weston
6633741,STR-2509-FQGLBQ,18 Linton Ave,,M1N,Single/Semi-detached House,20,Scarborough Southwest
6633742,STR-2509-FXMLBR,19 Hilldale Rd,,M6N,Single/Semi-detached House,5,York South-Weston
6633743,STR-2509-GFTLBS,60 Laurel Ave,,M1K,Single/Semi-detached House,20,Scarborough Southwest
6633744,STR-2509-GWGLBV,91 Bannatyne Dr,,M2L,Single/Semi-detached House,15,Don Valley West
6633745,STR-2509-HDMLBW,99 Kitchener Rd,,M1E,Single/Semi-detached House,24,Scarborough-Guildwood
6633746,STR-2509-HLTLBX,21 Iceboat Ter,3511,M5V,Condominium,10,Spadina-Fort York
6633747,STR-2509-FHQYBP,138 Falstaff ave,,M6L,Single/Semi-detached House,5,York South-Weston
6633748,STR-2509-FQWYBQ,1 Gwynne Ave,BSMT,M6K,Townhouse/ Row House,4,Parkdale-High Park
6633749,STR-2509-GGJYBS,20 Mac Frost Way,,M1X,Single/Semi-detached House,23,Scarborough North
6633750,STR-2509-GPQYBT,185 Legion Rd N,1906,M8Y,Condominium,3,Etobicoke-Lakeshore
6633751,STR-2509-GWWYBV,21 Carlton St,3404,M5B,Condominium,13,Toronto Centre
6633752,STR-2509-HFCYBW,25 Clarkhill St,,M2R,Single/Semi-detached House,18,Willowdale
6633753,STR-2509-HMJYBX,295 Dufferin St,212,M6K,Apartment,10,Spadina-Fort York
6633754,STR-2509-HVQYBY,936 Gerrard St E,3,M4M,Apartment,14,Toronto-Danforth
6633755,STR-2509-JCWYBZ,251 Jarvis St,4409,M5B,Condominium,13,Toronto Centre
6633756,STR-2509-FYTLBR,251 Jarvis St,1422,M5B,Condominium,13,Toronto Centre
6633757,STR-2509-GGZLBS,2654 Bayview Ave,Unit A,M2L,Single/Semi-detached House,15,Don Valley West
6633758,STR-2509-GQGLBT,181 Sterling Rd,718,M6R,Condominium,9,Davenport
6633759,STR-2509-GXMLBV,65 Bremner Blvd,4101,M5J,Apartment,10,Spadina-Fort York
6633760,STR-2509-HFTLBW,15 Eldora Ave,32,M2M,Townhouse/ Row House,18,Willowdale
6633761,STR-2509-HMZLBX,219 Fort York Blvd,205,M5V,Condominium,10,Spadina-Fort York
6633762,STR-2509-HWGLBY,97 Deloraine Ave,,M5M,Single/Semi-detached House,8,Eglinton-Lawrence
6633763,STR-2509-JDMLBZ,181 Sterling Rd,817,M6R,Condominium,9,Davenport
6633764,STR-2509-FJWYBP,155 Yorkville Ave,2811,M5R,Condominium,11,University-Rosedale
6633765,STR-2509-FSCYBQ,469 Eglinton Ave W,3B,M5N,Apartment,12,Toronto-St. Paul's
6633766,STR-2509-FZJYBR,15 Ellsworth Ave,2,M6G,Duplex/Triplex/Fourplex,12,Toronto-St. Paul's
6633767,STR-2509-GHQYBS,26 Dairy Dr,,M1L,Single/Semi-detached House,20,Scarborough Southwest
6633768,STR-2509-GQWYBT,231 Fort York Blvd,1702,M5V,Condominium,10,Spadina-Fort York
6633769,STR-2509-GYCYBV,276 Earlscourt Ave,,M6E,Single/Semi-detached House,9,Davenport
6633770,STR-2509-HGJYBW,20 Bridesburg Dr,Lower Unit,M9R,Duplex/Triplex/Fourplex,1,Etobicoke North
6633771,STR-2509-HPQYBX,86 Deep Dene Dr,,M1C,Single/Semi-detached House,25,Scarborough-Rouge Park
6633772,STR-2509-HWWYBY,90 Queens Wharf Rd,712,M5V,Condominium,10,Spadina-Fort York
6633773,STR-2509-JFCYBZ,228 Riverdale Ave,Main,M4K,Single/Semi-detached House,14,Toronto-Danforth
6633774,STR-2509-FSTLBQ,49 Oriole Pkwy,3,M4V,Apartment,12,Toronto-St. Paul's
6633775,STR-2509-FZZLBR,158 Indian Grv,2,M6P,Duplex/Triplex/Fourplex,4,Parkdale-High Park
6633776,STR-2509-GRMLBT,14 York St,4510,M5J,Condominium,10,Spadina-Fort York
6633777,STR-2509-HGZLBW,244 Gerrard St E,101,M5A,Duplex/Triplex/Fourplex,13,Toronto Centre
6633778,STR-2509-HQGLBX,329 Brunswick Ave,,M5R,Single/Semi-detached House,11,University-Rosedale
6633779,STR-2509-HXMLBY,18 Maitland Ter,405,M4Y,Condominium,13,Toronto Centre
6633780,STR-2509-JFTLBZ,265 High Park Ave,3S,M6P,Apartment,4,Parkdale-High Park
6633781,STR-2509-FTJYBQ,6382 Kingston Rd,,M1C,Single/Semi-detached House,25,Scarborough-Rouge Park
6633782,STR-2509-GJWYBS,955 Bay St,3208,M5S,Condominium,13,Toronto Centre
6633783,STR-2509-GSCYBT,200 Victoria St,1317,M5B,Condominium,13,Toronto Centre
6633784,STR-2509-HHQYBW,471 Clendenan Ave,,M6P,Single/Semi-detached House,4,Parkdale-High Park
6633785,STR-2509-GZJYBV,28 Kimberley Ave,,M4E,Single/Semi-detached House,19,Beaches-East York
6633786,STR-2509-HQWYBX,2300 St Clair Ave W,717,M6N,Condominium,5,York South-Weston
6633787,STR-2509-HYCYBY,2300 St Clair Ave W,1009,M6N,Condominium,5,York South-Weston
6633788,STR-2509-JGJYBZ,801 The Queensway,418,M8Z,Condominium,3,Etobicoke-Lakeshore
6633789,STR-2509-FLTLBP,205 Oakmount Rd,,M6P,Single/Semi-detached House,4,Parkdale-High Park
6633790,STR-2509-FTZLBQ,221 Shawnee Cir,,M2H,Single/Semi-detached House,17,Don Valley North
6633791,STR-2509-GCGLBR,439 Parliament St,301,M5A,Apartment,13,Toronto Centre
6633792,STR-2509-GKMLBS,27 Yatesbury Rd,Lower,M2H,Single/Semi-detached House,17,Don Valley North
6633793,STR-2509-GSTLBT,36 Poplar Ave,,M9B,Single/Semi-detached House,3,Etobicoke-Lakeshore
6633794,STR-2509-GZZLBV,219 Fort York Blvd,2108,M5V,Condominium,10,Spadina-Fort York
6633795,STR-2509-HJGLBW,21 Iceboat Ter,4107,M5V,Apartment,10,Spadina-Fort York
6633796,STR-2509-HRMLBX,55 Dorward Dr,,M9V,Single/Semi-detached House,1,Etobicoke North
6633797,STR-2509-HYTLBY,209 Fort York Blvd,480,M5V,Condominium,10,Spadina-Fort York
6633798,STR-2509-JGZLBZ,151 Dan Leckie Way,206,M5V,Condominium,10,Spadina-Fort York
6633799,STR-2509-FDPVPP,21 Iceboat Ter,3109,M5V,Condominium,10,Spadina-Fort York
6633800,STR-2509-FVBVPR,300 Front St W,3709,M5V,Condominium,10,Spadina-Fort York
6633801,STR-2509-GCHVPS,200 Victoria St,1315,M5B,Condominium,13,Toronto Centre
6633802,STR-2601-HCMSBW,169 Queen St E,4,M5A,Apartment,13,Toronto Centre
6633803,STR-2509-GSVVPV,101 Peter St,405,M5V,Condominium,10,Spadina-Fort York
6633804,STR-2509-HBBVPW,1A Middleton St,,M6K,Single/Semi-detached House,9,Davenport
6633805,STR-2509-HJHVPX,395 Crawford St,Main,M6J,Single/Semi-detached House,11,University-Rosedale
6633806,STR-2509-HRPVPY,165 Borden St,,M5S,Single/Semi-detached House,11,University-Rosedale
6633807,STR-2509-HYVVPZ,209 Fort York Blvd,1562,M5V,Condominium,10,Spadina-Fort York
6633808,STR-2509-FFFHPP,251 Jarvis St,1628,M5B,Condominium,13,Toronto Centre
6633809,STR-2509-FVSHPR,101 Peter St,1008,M5V,Condominium,10,Spadina-Fort York
6633810,STR-2509-GCYHPS,600 Fleet St,2407,M5V,Condominium,10,Spadina-Fort York
6633811,STR-2509-GLFHPT,42 Western Battery Rd,719,M6K,Condominium,10,Spadina-Fort York
6633812,STR-2509-GTLHPV,272 Torrens Ave,,M4J,Single/Semi-detached House,14,Toronto-Danforth
6633813,STR-2509-HBSHPW,23 Cardiff Rd,,M4P,Single/Semi-detached House,15,Don Valley West
6633814,STR-2509-HJYHPX,165 Legion Rd N,3027,M8Y,Condominium,3,Etobicoke-Lakeshore
6633815,STR-2509-HSFHPY,251 Jarvis St,704,M5B,Condominium,13,Toronto Centre
6633816,STR-2509-HZLHPZ,21 Iceboat Ter,1710,M5V,Condominium,10,Spadina-Fort York
6633817,STR-2509-FFVVPP,1239 Dundas St W,605,M6J,Apartment,10,Spadina-Fort York
6633818,STR-2510-GJKBPS,11 Lister Dr,,M2R,Single/Semi-detached House,18,Willowdale
6633819,STR-2509-FPBVPQ,245 Dalesford Rd,321,M8Y,Condominium,3,Etobicoke-Lakeshore
6633820,STR-2509-FWHVPR,7 Mark St,,M5A,Townhouse/ Row House,13,Toronto Centre
6633821,STR-2509-GDPVPS,955 Bay St,1318,M5S,Condominium,13,Toronto Centre
6633822,STR-2509-GLVVPT,3905 Bathurst St,305,M3H,Apartment,6,York Centre
6633823,STR-2509-GVBVPV,2015 Sheppard Ave E,3702,M2J,Condominium,17,Don Valley North
6633824,STR-2509-HCHVPW,33 Barkwin Dr,A,M9V,Single/Semi-detached House,1,Etobicoke North
6633825,STR-2509-HKPVPX,9 Goulden Cres,,M1L,Single/Semi-detached House,20,Scarborough Southwest
6633826,STR-2509-JBBVPZ,19 Deering Cres,,M2M,Single/Semi-detached House,18,Willowdale
6633827,STR-2509-FWYHPR,251 Jarvis St,422,M5B,Condominium,13,Toronto Centre
6633828,STR-2509-FGLHPP,251 Jarvis St,4307,M5B,Condominium,13,Toronto Centre
6633829,STR-2509-FPSHPQ,1029 King St W,808,M6K,Condominium,10,Spadina-Fort York
6633830,STR-2509-GFFHPS,251 Jarvis St,404,M5B,Condominium,13,Toronto Centre
6633831,STR-2509-GMLHPT,155 Yorkville Ave,3117,M5R,Condominium,11,University-Rosedale
6633832,STR-2509-HCYHPW,215 Queen St W,2002,M5V,Condominium,10,Spadina-Fort York
6633833,STR-2509-HLFHPX,210 Victoria St,2601,M5B,Apartment,13,Toronto Centre
6633834,STR-2509-HTLHPY,251 Jarvis St,1518,M5B,Condominium,13,Toronto Centre
6633835,STR-2509-JBSHPZ,725 King St W,6,M5V,Condominium,10,Spadina-Fort York
6633836,STR-2509-FQHVPQ,343 Prince Edward Dr N,Main,M8X,Single/Semi-detached House,3,Etobicoke-Lakeshore
6633837,STR-2509-FHBVPP,30 Nelson St,3603,M5V,Condominium,10,Spadina-Fort York
6633838,STR-2509-GFVVPS,210 Victoria St,3801,M5B,Condominium,13,Toronto Centre
6633839,STR-2509-GPBVPT,181 Huron St,206,M5T,Apartment,11,University-Rosedale
6633840,STR-2509-GWHVPV,2 Prust Ave,Lower,M4L,Single/Semi-detached House,14,Toronto-Danforth
6633841,STR-2509-HDPVPW,38 Widmer St,1007,M5V,Condominium,10,Spadina-Fort York
6633842,STR-2509-JCHVPZ,3 Concord Cityplace Way,1701,M5V,Condominium,10,Spadina-Fort York
6633843,STR-2509-FHSHPP,8 Charlotte St,2507,M5V,Condominium,10,Spadina-Fort York
6633844,STR-2509-FQYHPQ,510 Ellerslie Ave,,M2R,Townhouse/ Row House,18,Willowdale
6633845,STR-2509-FYFHPR,28 Maher Ave,B,M6P,Single/Semi-detached House,4,Parkdale-High Park
6633846,STR-2509-GGLHPS,34 Rockwood Dr,2,M1M,Single/Semi-detached House,20,Scarborough Southwest
6633847,STR-2509-GPSHPT,44 Lynnbrook Dr,BSMT,M1H,Single/Semi-detached House,24,Scarborough-Guildwood
6633848,STR-2509-GWYHPV,185 High Park Ave,,M6P,Single/Semi-detached House,4,Parkdale-High Park
6633849,STR-2509-HFFHPW,88 Sheppard Ave E,1007,M2N,Condominium,18,Willowdale
6633850,STR-2509-HMLHPX,224 King St W,1301,M5H,Condominium,10,Spadina-Fort York
6633851,STR-2509-HVSHPY,210 Victoria St,4309,M5B,Condominium,13,Toronto Centre
6633852,STR-2509-JCYHPZ,251 Jarvis St,1415,M5B,Condominium,13,Toronto Centre
6633853,STR-2509-FYVVPR,251 Jarvis St,719,M5B,Condominium,13,Toronto Centre
6633854,STR-2509-GHBVPS,18 Erskine Ave,2010,M4P,Apartment,15,Don Valley West
6633855,STR-2509-GQHVPT,11 Yorkville Ave,3806,M4W,Condominium,11,University-Rosedale
6633856,STR-2509-GXPVPV,14 York St,6207,M5J,Condominium,10,Spadina-Fort York
6633857,STR-2509-HFVVPW,500 Doris Ave,1826,M2N,Condominium,18,Willowdale
6633858,STR-2509-HPBVPX,40 Larchmere Ave,A,M9L,Single/Semi-detached House,7,Humber River-Black Creek
6633859,STR-2509-HWHVPY,2 Anndale Dr,1302,M2N,Condominium,18,Willowdale
6633860,STR-2509-JDPVPZ,295 Robina Ave,,M6C,Single/Semi-detached House,12,Toronto-St. Paul's
6633861,STR-2509-FJYHPP,50 Driftwood Ave,304,M3N,Apartment,7,Humber River-Black Creek
6633862,STR-2509-FSFHPQ,188 Cumberland St,1509,M5R,Condominium,11,University-Rosedale
6633863,STR-2509-GHSHPS,560 Front St W,406,M5V,Condominium,10,Spadina-Fort York
6633864,STR-2509-GQYHPT,60 Rainsford Rd N,,M4L,Single/Semi-detached House,19,Beaches-East York
6633865,STR-2509-HGLHPW,5 Oates Dr,,M1L,Single/Semi-detached House,20,Scarborough Southwest
6633866,STR-2509-HWYHPY,151 Dan Leckie Way,1047,M5V,Condominium,10,Spadina-Fort York
6633867,STR-2509-JFFHPZ,832 Bay St,4302,M5S,Condominium,11,University-Rosedale
6633868,STR-2509-FKPVPP,2300 St Clair Ave W,725,M6N,Condominium,5,York South-Weston
6633869,STR-2509-FSVVPQ,2300 St Clair Ave W,323,M6N,Condominium,5,York South-Weston
6633870,STR-2509-GYVVPV,56 Huntington Ave,,M1K,Single/Semi-detached House,20,Scarborough Southwest
6633871,STR-2509-HHBVPW,1121 College St,,M6H,Townhouse/ Row House,9,Davenport
6633872,STR-2509-HQHVPX,12 Cathy Jean Cres,,M9V,Single/Semi-detached House,1,Etobicoke North
6633873,STR-2509-HXPVPY,151 Dan Leckie Way,301,M5V,Apartment,10,Spadina-Fort York
6633874,STR-2510-FLFHPP,14 York St,6009,M5J,Condominium,10,Spadina-Fort York
6633875,STR-2510-GJYHPS,155 Yorkville Ave,1613,M5R,Condominium,11,University-Rosedale
6633876,STR-2510-GSFHPT,3 Concord Cityplace,7603,M5V,Condominium,10,Spadina-Fort York
6633877,STR-2510-GZLHPV,637 Lake Shore Blvd W,814,M5V,Condominium,10,Spadina-Fort York
6633878,STR-2510-HHSHPW,1 Concord CityPlace way,4103,M5V,Apartment,10,Spadina-Fort York
6633879,STR-2510-HQYHPX,10 Capreol Crt,301,M5V,Apartment,10,Spadina-Fort York
6633880,STR-2510-HYFHPY,21 Iceboat Ter,PH08,M5V,Condominium,10,Spadina-Fort York
6633881,STR-2510-JGLHPZ,24 Wichey Rd,,M1C,Single/Semi-detached House,25,Scarborough-Rouge Park
6633882,STR-2510-FDRBPP,36 Zorra St,318,M8Z,Apartment,3,Etobicoke-Lakeshore
6633883,STR-2510-FLXBPQ,1195 The Queensway,604,M8Z,Apartment,3,Etobicoke-Lakeshore
6633884,STR-2510-FVDBPR,859 The Queensway,1001,M8Z,Apartment,3,Etobicoke-Lakeshore
6633885,STR-2510-GCKBPS,1185 The Queensway,111,M8Z,Apartment,3,Etobicoke-Lakeshore
6633886,STR-2510-GKRBPT,25 Ravine Park Cres,,M1C,Single/Semi-detached House,25,Scarborough-Rouge Park
6633887,STR-2510-GSXBPV,21 Ypres Rd,,M6M,Single/Semi-detached House,5,York South-Weston
6633888,STR-2510-HJKBPX,55 Bremner Blvd,4709,M5J,Condominium,10,Spadina-Fort York
6633889,STR-2510-HRRBPY,34 Glenwood Cres,,M4B,Single/Semi-detached House,19,Beaches-East York
6633890,STR-2510-HYXBPZ,832 Bay St,3003,M5S,Apartment,11,University-Rosedale
6633891,STR-2510-FMMPPQ,547C Parliament St,,M4X,Townhouse/ Row House,13,Toronto Centre
6633892,STR-2510-FVTPPR,30 Nelson St,20,M5V,Condominium,10,Spadina-Fort York
6633893,STR-2510-GCZPPS,144 Shuter St,2,M5A,Townhouse/ Row House,13,Toronto Centre
6633894,STR-2510-GLGPPT,22 Applewood Lane,36,M9C,Townhouse/ Row House,2,Etobicoke Centre
6633895,STR-2510-GTMPPV,36 Zorra St,102,M8Z,Apartment,3,Etobicoke-Lakeshore
6633896,STR-2510-HBTPPW,832 Bay St,208,M5S,Apartment,11,University-Rosedale
6633897,STR-2510-HSGPPY,251 Jarvis St,417,M5B,Apartment,13,Toronto Centre
6633898,STR-2510-HZMPPZ,36 Zorra St,608,M8Z,Apartment,3,Etobicoke-Lakeshore
6633899,STR-2510-FWKBPR,754 Queen St E,2,M4M,Apartment,14,Toronto-Danforth
6633900,STR-2510-GDRBPS,36 Zorra St,2511,M8Z,Condominium,3,Etobicoke-Lakeshore
6633901,STR-2510-GLXBPT,1269 King St W,1,M6K,Duplex/Triplex/Fourplex,4,Parkdale-High Park
6633902,STR-2510-GVDBPV,650 Queens Quay W,609,M5V,Apartment,10,Spadina-Fort York
6633903,STR-2510-HCKBPW,832 Bay St,708,M5S,Apartment,11,University-Rosedale
6633904,STR-2510-HKRBPX,2300 St Clair Ave W,809,M6N,Condominium,5,York South-Weston
6633905,STR-2510-JBDBPZ,11 Yorkville Ave,3601,M4W,Condominium,11,University-Rosedale
6633906,STR-2510-FGMPPP,77 Wales Ave,,M5T,Townhouse/ Row House,11,University-Rosedale
6633907,STR-2510-FPTPPQ,50 Castleton Ave,4,M6N,Duplex/Triplex/Fourplex,5,York South-Weston
6633908,STR-2510-FWZPPR,14 York St,3904,M5J,Condominium,10,Spadina-Fort York
6633909,STR-2510-GFGPPS,137 Springhurst Ave,B,M6K,Single/Semi-detached House,4,Parkdale-High Park
6633910,STR-2510-GVTPPV,1195 The Queensway,701,M8Z,Condominium,3,Etobicoke-Lakeshore
6633911,STR-2510-HCZPPW,103 Browning Ave,,M4K,Single/Semi-detached House,14,Toronto-Danforth
6633912,STR-2510-HTMPPY,151 Dan Leckie Way,538,M5V,Condominium,10,Spadina-Fort York
6633913,STR-2510-JBTPPZ,33 Applefield Dr,,M1P,Single/Semi-detached House,21,Scarborough Centre
6633914,STR-2510-FHDBPP,20 Euclid Ave,,M6J,Single/Semi-detached House,10,Spadina-Fort York
6633915,STR-2510-FQKBPQ,1927 Gerrard St E,1/2,M4L,Apartment,19,Beaches-East York
6633916,STR-2510-FXRBPR,231 Fort York Blvd,2704,M5V,Condominium,10,Spadina-Fort York
6633917,STR-2510-GFXBPS,151 Dan Leckie Way,801,M5V,Condominium,10,Spadina-Fort York
6633918,STR-2510-GPDBPT,442 Pharmacy Ave,,M1L,Single/Semi-detached House,20,Scarborough Southwest
6633919,STR-2510-GWKBPV,270 Wellington St W,902,M5V,Condominium,10,Spadina-Fort York
6633920,STR-2510-HLXBPX,68 Carr St,10,M5T,Apartment,10,Spadina-Fort York
6633921,STR-2510-HVDBPY,155 Yorkville Ave,1803,M5R,Condominium,11,University-Rosedale
6633922,STR-2510-FHTPPP,114 Victor Ave,,M4K,Townhouse/ Row House,14,Toronto-Danforth
6633923,STR-2510-FQZPPQ,255 Finch Ave E,G2,M2N,Single/Semi-detached House,18,Willowdale
6633924,STR-2510-FYGPPR,1C Woodstock Pl,,M4X,Single/Semi-detached House,13,Toronto Centre
6633925,STR-2510-GGMPPS,126 Sandown Ave,,M1N,Single/Semi-detached House,20,Scarborough Southwest
6633926,STR-2510-GPTPPT,1048 Roselawn Ave,,M6B,Single/Semi-detached House,8,Eglinton-Lawrence
6633927,STR-2510-GWZPPV,12 York St,407,M5J,Condominium,10,Spadina-Fort York
6633928,STR-2510-HFGPPW,832 Bay St,3907,M5S,Condominium,11,University-Rosedale
6633929,STR-2510-HMMPPX,121 Lower Sherbourne St,751,M5A,Condominium,13,Toronto Centre
6633930,STR-2510-HVTPPY,33 Shore Breeze Dr,3007,M8V,Condominium,3,Etobicoke-Lakeshore
6633931,STR-2510-FJKBPP,104 Carlaw Ave,,M4M,Townhouse/ Row House,14,Toronto-Danforth
6633932,STR-2510-FYXBPR,65 Bremner Blvd,3006,M5J,Condominium,10,Spadina-Fort York
6633933,STR-2510-GQKBPT,42 Riverview Hts,,M9P,Single/Semi-detached House,1,Etobicoke North
6633934,STR-2510-GXRBPV,639C The Queensway,Unit 2,M8Y,Duplex/Triplex/Fourplex,3,Etobicoke-Lakeshore
6633935,STR-2510-HFXBPW,18 Greenbriar Rd,8,M2K,Townhouse/ Row House,17,Don Valley North
6633936,STR-2510-HPDBPX,193 Newton Dr,,M2M,Single/Semi-detached House,18,Willowdale
6633937,STR-2510-HWKBPY,77 Neilson Ave,,M1M,Duplex/Triplex/Fourplex,20,Scarborough Southwest
6633938,STR-2510-JDRBPZ,225 Delaware Ave,1,M6H,Duplex/Triplex/Fourplex,9,Davenport
6633939,STR-2510-FJZPPP,192 Audrey Ave,,M1N,Single/Semi-detached House,20,Scarborough Southwest
6633940,STR-2510-FSGPPQ,369 Lawson Rd,,M1C,Single/Semi-detached House,25,Scarborough-Rouge Park
6633941,STR-2510-FZMPPR,60 Bathurst St,405,M5V,Condominium,10,Spadina-Fort York
6633942,STR-2510-GHTPPS,251 Jarvis St,3314,M5B,Condominium,13,Toronto Centre
6633943,STR-2510-GQZPPT,155 Church St,203,M5B,Apartment,13,Toronto Centre
6633944,STR-2510-GYGPPV,215 Fort York Blvd,707,M5V,Condominium,10,Spadina-Fort York
6633945,STR-2510-HGMPPW,18 Valley Woods Rd,1013,M3A,Condominium,16,Don Valley East
6633946,STR-2510-HWZPPY,284 Maria St,,M6P,Single/Semi-detached House,4,Parkdale-High Park
6633947,STR-2510-JFGPPZ,710 Humberwood Blvd,2705,M9W,Condominium,1,Etobicoke North
6633948,STR-2510-FKRBPP,754 Queen St E,4,M4M,Apartment,14,Toronto-Danforth
6633949,STR-2510-FSXBPQ,12 York St,1307,M5J,Condominium,10,Spadina-Fort York
6633950,STR-2510-GBDBPR,15 Iceboat Ter,4311,M5V,Apartment,10,Spadina-Fort York
6633951,STR-2510-GRRBPT,1185 The Queensway,320,M8Z,Apartment,3,Etobicoke-Lakeshore
6633952,STR-2510-GYXBPV,352 Front St W,1515,M5V,Apartment,10,Spadina-Fort York
6633953,STR-2510-HHDBPW,43 Hoseyhill Cres,Unit A,M1S,Single/Semi-detached House,23,Scarborough North
6633954,STR-2510-HQKBPX,15 Iceboat Ter,735,M5V,Condominium,10,Spadina-Fort York
6633955,STR-2510-JFXBPZ,17 Muir Ave,1,M6H,Apartment,9,Davenport
6633956,STR-2510-HXRBPY,210 Victoria St,4205,M5B,Apartment,13,Toronto Centre
6633957,STR-2510-FLGPPP,555 College St,608,M6G,Apartment,11,University-Rosedale
6633958,STR-2510-FTMPPQ,550 Queens Quay W,903,M5V,Apartment,10,Spadina-Fort York
6633959,STR-2510-GBTPPR,31 Robingrove Rd,,M2R,Single/Semi-detached House,6,York Centre
6633960,STR-2510-GJZPPS,888 Queen St E,B,M4M,Apartment,14,Toronto-Danforth
6633961,STR-2510-GSGPPT,9 Logstone Cres,,M1E,Single/Semi-detached House,24,Scarborough-Guildwood
6633962,STR-2510-GZMPPV,55 Bremner Blvd,2701,M5J,Condominium,10,Spadina-Fort York
6633963,STR-2510-HHTPPW,832 Bay St,1902,M5S,Condominium,11,University-Rosedale
6633964,STR-2510-HQZPPX,101 Peter St,2208,M5V,Condominium,10,Spadina-Fort York
6633965,STR-2510-HYGPPY,8 Wellesley St E,511,M4Y,Condominium,13,Toronto Centre
6633966,STR-2510-JGMPPZ,55 Bremner Blvd,3302,M5J,Condominium,10,Spadina-Fort York
6633967,STR-2510-FDSHPP,70 Byng Ave,8,M2N,Townhouse/ Row House,18,Willowdale
6633968,STR-2510-FVFHPR,139 Citation Dr,,M2K,Single/Semi-detached House,17,Don Valley North
6633969,STR-2510-GCLHPS,3260 SHEPPARD AVE E,807,M1T,Condominium,22,Scarborough-Agincourt
6633970,STR-2510-GKSHPT,251 Jarvis St,4509,M5B,Apartment,13,Toronto Centre
6633971,STR-2510-GSYHPV,50 Ashbury Ave,1,M6E,Single/Semi-detached House,12,Toronto-St. Paul's
6633972,STR-2510-HBFHPW,101 Peter St,3706,M5V,Condominium,10,Spadina-Fort York
6633973,STR-2510-HJLHPX,2300 St Clair Ave W,915,M6N,Condominium,5,York South-Weston
6633974,STR-2510-HRSHPY,151 Dan Leckie Way,548,M5V,Condominium,10,Spadina-Fort York
6633975,STR-2510-HYYHPZ,101 Peter St,2401,M5V,Condominium,10,Spadina-Fort York
6633976,STR-2510-FFHVPP,15 Durie St,,M6S,Single/Semi-detached House,4,Parkdale-High Park
6633977,STR-2510-FVVVPR,14 York St,5203,M5J,Condominium,10,Spadina-Fort York
6633978,STR-2510-GDBVPS,260 St George St,,M5R,Single/Semi-detached House,11,University-Rosedale
6633979,STR-2510-GLHVPT,117 Kingsview Blvd,,M9R,Single/Semi-detached House,1,Etobicoke North
6633980,STR-2510-GTPVPV,300 Front St W,1614,M5V,Condominium,10,Spadina-Fort York
6633981,STR-2510-HBVVPW,33 Morland Rd,,M6S,Single/Semi-detached House,4,Parkdale-High Park
6633982,STR-2510-HKBVPX,57 Finch Ave W,17,M2N,Townhouse/ Row House,18,Willowdale
6633983,STR-2510-HZPVPZ,36 Zorra St,603,M8Z,Condominium,3,Etobicoke-Lakeshore
6633984,STR-2510-FFYHPP,15 Maplewood Ave,704,M6C,Condominium,12,Toronto-St. Paul's
6633985,STR-2510-FWLHPR,28 Haslam St,,M1N,Single/Semi-detached House,20,Scarborough Southwest
6633986,STR-2510-GDSHPS,86 Pendrith St,,M6G,Single/Semi-detached House,11,University-Rosedale
6633987,STR-2510-GLYHPT,50 Aveline Cres,,M1H,Single/Semi-detached House,24,Scarborough-Guildwood
6633988,STR-2510-HCLHPW,42 Marchmount Rd,,M6G,Single/Semi-detached House,12,Toronto-St. Paul's
6633989,STR-2510-HSYHPY,21 Iceboat Ter,3010,M5V,Condominium,10,Spadina-Fort York
6633990,STR-2510-JBFHPZ,10 Wyndham St,,M6K,Single/Semi-detached House,9,Davenport
6633991,STR-2510-FGPVPP,4 Newbold Ave,101,M4L,Apartment,19,Beaches-East York
6633992,STR-2510-FXBVPR,227 Rusholme Rd,2,M6H,Single/Semi-detached House,9,Davenport
6633993,STR-2510-GFHVPS,21 Torrens Ave,B,M4K,Single/Semi-detached House,14,Toronto-Danforth
6633994,STR-2510-GMPVPT,138 Glenwood Cres,,M4B,Single/Semi-detached House,19,Beaches-East York
6633995,STR-2510-GVVVPV,57 Marsh Rd,,M1K,Single/Semi-detached House,20,Scarborough Southwest
6633996,STR-2510-HDBVPW,73 Cowan Ave,3,M6K,Duplex/Triplex/Fourplex,4,Parkdale-High Park
6633997,STR-2510-HLHVPX,401 Albion Rd,1,M9W,Single/Semi-detached House,1,Etobicoke North
6633998,STR-2510-HTPVPY,357 Glen Park Ave,,M6B,Single/Semi-detached House,8,Eglinton-Lawrence
6633999,STR-2510-JBVVPZ,20 Palmerston Grds,,M6G,Single/Semi-detached House,11,University-Rosedale
6634000,STR-2510-FHFHPP,801 the Queensway,720,M8Z,Condominium,3,Etobicoke-Lakeshore
6634001,STR-2510-FQLHPQ,10 Bellevue Ave,,M5T,Single/Semi-detached House,11,University-Rosedale
6634002,STR-2510-FXSHPR,249 Claremont St,,M6J,Townhouse/ Row House,11,University-Rosedale
6634003,STR-2510-GFYHPS,119 Zaph Ave,,M1C,Single/Semi-detached House,25,Scarborough-Rouge Park
6634004,STR-2510-GPFHPT,148 Glenlake Ave,5,M6P,Duplex/Triplex/Fourplex,4,Parkdale-High Park
6634005,STR-2510-GWLHPV,169 Chambers Ave,1,M6N,Duplex/Triplex/Fourplex,9,Davenport
6634006,STR-2510-HLYHPX,955 Bay St,2114,M5S,Condominium,13,Toronto Centre
6634007,STR-2510-HVFHPY,754 Queen St E,3,M4M,Apartment,14,Toronto-Danforth
6634008,STR-2510-JCLHPZ,250 Wellington St W,427,M5V,Condominium,10,Spadina-Fort York
6634009,STR-2510-FHVVPP,38 Grenville St,805,M4Y,Condominium,13,Toronto Centre
6634010,STR-2510-FRBVPQ,32 Lionhead Trl,,M1B,Townhouse/ Row House,25,Scarborough-Rouge Park
6634011,STR-2510-FYHVPR,955 Bay St,3608,M5S,Condominium,13,Toronto Centre
6634012,STR-2510-GGPVPS,501 Yonge St,1304,M4Y,Condominium,13,Toronto Centre
6634013,STR-2510-GPVVPT,38 Grenville St,4502,M4Y,Condominium,13,Toronto Centre
6634014,STR-2510-GXBVPV,91 Pettibone Sq,,M1W,Single/Semi-detached House,22,Scarborough-Agincourt
6634015,STR-2510-HFHVPW,209 Fort York Blvd,457,M5V,Condominium,10,Spadina-Fort York
6634016,STR-2510-HMPVPX,605 Runnymede Rd,,M6S,Single/Semi-detached House,4,Parkdale-High Park
6634017,STR-2510-HVVVPY,69 Albani St,3,M8V,Apartment,3,Etobicoke-Lakeshore
6634018,STR-2510-JDBVPZ,111 Blackthorn Ave,,M6N,Single/Semi-detached House,9,Davenport
6634019,STR-2510-FJLHPP,64 Brampton Rd,,M9R,Single/Semi-detached House,2,Etobicoke Centre
6634020,STR-2510-FRSHPQ,203 Markham St,,M6J,Single/Semi-detached House,11,University-Rosedale
6634021,STR-2510-FYYHPR,90 Warren Rd,403,M4V,Apartment,12,Toronto-St. Paul's
6634022,STR-2510-GHFHPS,200 Dufferin St,311,M6K,Apartment,4,Parkdale-High Park
6634023,STR-2510-GQLHPT,30 Nelson St,301,M5V,Condominium,10,Spadina-Fort York
6634024,STR-2510-GXSHPV,300 Front St W,4113,M5V,Condominium,10,Spadina-Fort York
6634025,STR-2510-HFYHPW,550 Queens Quay W,610,M5V,Apartment,10,Spadina-Fort York
6634026,STR-2510-HPFHPX,36 Zorra St,417,M8Z,Apartment,3,Etobicoke-Lakeshore
6634027,STR-2510-JDSHPZ,30 Nelson St,305,M5V,Apartment,10,Spadina-Fort York
6634028,STR-2510-FKBVPP,11 Elton Cres,,M8W,Single/Semi-detached House,3,Etobicoke-Lakeshore
6634029,STR-2510-FZPVPR,200 Maxome Ave,,M2M,Single/Semi-detached House,18,Willowdale
6634030,STR-2510-GHVVPS,3 Gloucester St,4805,M4Y,Condominium,13,Toronto Centre
6634031,STR-2510-GRBVPT,101 Peter St,2803,M5V,Condominium,10,Spadina-Fort York
6634032,STR-2510-GYHVPV,832 Bay St,5003,M5S,Condominium,11,University-Rosedale
6634033,STR-2510-HGPVPW,38 Grenville St,3206,M4Y,Condominium,13,Toronto Centre
6634034,STR-2510-HPVVPX,151 Dan Leckie Way,1907,M5V,Condominium,10,Spadina-Fort York
6634035,STR-2510-HXBVPY,21 Iceboat Ter,2208,M5V,Condominium,10,Spadina-Fort York
6634036,STR-2510-JFHVPZ,101 Peter St,1908,M5V,Condominium,10,Spadina-Fort York
6634037,STR-2510-FKSHPP,151 Dan Leckie Way,750,M5V,Condominium,10,Spadina-Fort York
6634038,STR-2510-FSYHPQ,832 Bay St,1803,M5S,Condominium,11,University-Rosedale
6634039,STR-2510-GBFHPR,101 Peter St,3602,M5V,Condominium,10,Spadina-Fort York
6634040,STR-2510-GJLHPS,21 Iceboat Ter,1107,M5V,Condominium,10,Spadina-Fort York
6634041,STR-2510-GRSHPT,124 Glenwood Cres,,M4B,Single/Semi-detached House,19,Beaches-East York
6634042,STR-2510-GYYHPV,759 Richmond St W,B,M6J,Duplex/Triplex/Fourplex,10,Spadina-Fort York
6634043,STR-2510-HHFHPW,101 Reiner Rd,,M3H,Single/Semi-detached House,6,York Centre
6634044,STR-2510-HQLHPX,57 Rusholme Park Cres,A,M6J,Duplex/Triplex/Fourplex,9,Davenport
6634045,STR-2510-HXSHPY,576 College St,2,M6G,Apartment,11,University-Rosedale
6634046,STR-2510-JFYHPZ,2300 St Clair Ave W,718,M6N,Condominium,5,York South-Weston
6634047,STR-2510-FLHVPP,44 Valley Woods Rd,2205,M3A,Apartment,16,Don Valley East
6634048,STR-2510-GBVVPR,219 Fort York Blvd,2512,M5V,Condominium,10,Spadina-Fort York
6634049,STR-2510-GKBVPS,21 Iceboat Ter,1111,M5V,Condominium,10,Spadina-Fort York
6634050,STR-2510-GSHVPT,501 Yonge St,2502,M4Y,Condominium,13,Toronto Centre
6634051,STR-2510-GZPVPV,1 Avondale Ave,1008,M2N,Condominium,18,Willowdale
6634052,STR-2510-HHVVPW,2 Anndale Dr,502,M2N,Condominium,18,Willowdale
6634053,STR-2510-HRBVPX,3 Marcella St,,M1G,Single/Semi-detached House,24,Scarborough-Guildwood
6634054,STR-2510-JGPVPZ,88 Corporate Dr,1905,M1H,Condominium,24,Scarborough-Guildwood
6634055,STR-2510-FDTPPP,64 Malamute Cres,,M1T,Apartment,22,Scarborough-Agincourt
6634056,STR-2510-FVGPPR,360 Shaw St,,M6J,Single/Semi-detached House,11,University-Rosedale
6634057,STR-2510-GCMPPS,595 Bathurst St,4,M5S,Single/Semi-detached House,11,University-Rosedale
6634058,STR-2510-GKTPPT,830 Lawrence Ave W,240,M6A,Condominium,8,Eglinton-Lawrence
6634059,STR-2510-GSZPPV,10 Craigton Dr,18,M1L,Apartment,21,Scarborough Centre
6634060,STR-2510-HJMPPX,105 George St,PH4,M5A,Condominium,13,Toronto Centre
6634061,STR-2510-HRTPPY,42 Western Battery Rd,725,M6K,Townhouse/ Row House,10,Spadina-Fort York
6634062,STR-2510-HYZPPZ,65 Struthers St,,M8V,Single/Semi-detached House,3,Etobicoke-Lakeshore
6634063,STR-2510-FFKBPP,11 Yorkville Ave,3807,M4W,Condominium,11,University-Rosedale
6634064,STR-2510-FVXBPR,730 Dovercourt Rd,611,M6H,Apartment,9,Davenport
6634065,STR-2510-GLKBPT,1195 The Queensway,307,M8Z,Apartment,3,Etobicoke-Lakeshore
6634066,STR-2510-GTRBPV,352 Front St W,412,M5V,Apartment,10,Spadina-Fort York
6634067,STR-2510-HBXBPW,36 Shank St,B,M6J,Townhouse/ Row House,10,Spadina-Fort York
6634068,STR-2510-HKDBPX,519 Delaware Ave N,BSMT,M6H,Townhouse/ Row House,9,Davenport
6634069,STR-2510-HSKBPY,36 Zorra St,114,M8Z,Apartment,3,Etobicoke-Lakeshore
6634070,STR-2510-HZRBPZ,859 The Queensway,218,M8Z,Apartment,3,Etobicoke-Lakeshore
6634071,STR-2510-FPGPPQ,20 John St,1224,M5V,Condominium,10,Spadina-Fort York
6634072,STR-2510-FWMPPR,2300 St Clair Ave W,523,M6N,Condominium,5,York South-Weston
6634073,STR-2510-GDTPPS,2191 Yonge St,L1,M4S,Condominium,12,Toronto-St. Paul's
6634074,STR-2510-GLZPPT,46 East Liberty St,524,M6K,Townhouse/ Row House,10,Spadina-Fort York
6634075,STR-2510-GVGPPV,298 Poyntz Ave,,M2N,Single/Semi-detached House,18,Willowdale
6634076,STR-2510-HCMPPW,89 Thistle Down Blvd,,M9V,Single/Semi-detached House,1,Etobicoke North
6634077,STR-2510-HKTPPX,21 Iceboat Ter,4506,M5V,Apartment,10,Spadina-Fort York
6634078,STR-2510-HSZPPY,442 Queen St W,2,M5V,Apartment,10,Spadina-Fort York
6634079,STR-2510-JBGPPZ,395 Bloor St E,4406,M4W,Apartment,13,Toronto Centre
6634080,STR-2510-FGRBPP,215 Fort York Blvd,2606,M5V,Apartment,10,Spadina-Fort York
6634081,STR-2510-FPXBPQ,14 York St,4707,M5J,Condominium,10,Spadina-Fort York
6634082,STR-2510-FXDBPR,35 Mariner Ter,2809,M5V,Condominium,10,Spadina-Fort York
6634083,STR-2510-GFKBPS,21 Iceboat Ter,4012,M5V,Condominium,10,Spadina-Fort York
6634084,STR-2510-GMRBPT,85 Huron Street,2,M5T,Duplex/Triplex/Fourplex,11,University-Rosedale
6634085,STR-2510-GVXBPV,251 Jarvis St,1002,M5B,Apartment,13,Toronto Centre
6634086,STR-2510-HDDBPW,21 Iceboat Ter,4706,M5V,Condominium,10,Spadina-Fort York
6634087,STR-2510-HLKBPX,57 Weir Cres,UPPER,M1E,Duplex/Triplex/Fourplex,24,Scarborough-Guildwood
6634088,STR-2510-HTRBPY,533 Richmond St W,608,M5V,Condominium,10,Spadina-Fort York
6634089,STR-2510-FHGPPP,223 Jameson Ave,303,M6K,Apartment,4,Parkdale-High Park
6634090,STR-2510-FQMPPQ,11 Macduff Cres,,M1M,Single/Semi-detached House,20,Scarborough Southwest
6634091,STR-2510-FXTPPR,388 Ruth Ave,,M2M,Single/Semi-detached House,18,Willowdale
6634092,STR-2510-GFZPPS,116 George St,N1404,M5A,Condominium,13,Toronto Centre
6634093,STR-2510-GPGPPT,14 Connie St,,M6L,Single/Semi-detached House,5,York South-Weston
6634094,STR-2510-GWMPPV,77 Huntley St,818,M4Y,Apartment,13,Toronto Centre
6634095,STR-2510-HDTPPW,18 Oxford St,1,M5T,Apartment,11,University-Rosedale
6634096,STR-2510-HLZPPX,101 Peter St,3209,M5V,Condominium,10,Spadina-Fort York
6634097,STR-2510-HVGPPY,300 Front St W,2908,M5V,Condominium,10,Spadina-Fort York
6634098,STR-2510-JCMPPZ,108 Woodmount Ave,,M4C,Single/Semi-detached House,19,Beaches-East York
6634099,STR-2510-FHXBPP,9 Valhalla Inn Rd,2210,M9B,Condominium,2,Etobicoke Centre
6634100,STR-2510-FRDBPQ,300 Front St W,1911,M5V,Condominium,10,Spadina-Fort York
6634101,STR-2510-FYKBPR,137 Roebuck Dr,,M1K,Single/Semi-detached House,20,Scarborough Southwest
6634102,STR-2510-GGRBPS,45 DUNFIELD AVENUE,2710,M4S,Apartment,12,Toronto-St. Paul's
6634103,STR-2510-GPXBPT,17 Malta St,,M1N,Single/Semi-detached House,20,Scarborough Southwest
6634104,STR-2510-GXDBPV,21 Iceboat Ter,1027,M5V,Condominium,10,Spadina-Fort York
6634105,STR-2510-HMRBPX,36 Zorra St,506,M8Z,Apartment,3,Etobicoke-Lakeshore
6634106,STR-2510-HVXBPY,15 Iceboat Ter,1103,M5V,Condominium,10,Spadina-Fort York
6634107,STR-2510-JDDBPZ,58 Chalkfarm Dr,,M3L,Single/Semi-detached House,7,Humber River-Black Creek
6634108,STR-2510-FJMPPP,15 Iceboat Ter,1908,M5V,Apartment,10,Spadina-Fort York
6634109,STR-2510-FRTPPQ,116 George St,N707,M5A,Condominium,13,Toronto Centre
6634110,STR-2510-FYZPPR,13 Neilson Ave,,M1M,Single/Semi-detached House,20,Scarborough Southwest
6634111,STR-2510-GHGPPS,186 Pearson Ave,R,M6R,Single/Semi-detached House,4,Parkdale-High Park
6634112,STR-2510-GQMPPT,2 Anndale Dr,1509,M2N,Condominium,18,Willowdale
6634113,STR-2510-GXTPPV,560 Front St W,1101,M5V,Condominium,10,Spadina-Fort York
6634114,STR-2510-HFZPPW,1 Concord CityPlace Way,6702,M5V,Condominium,10,Spadina-Fort York
6634115,STR-2510-HPGPPX,41 Holcolm Rd,,M2N,Single/Semi-detached House,18,Willowdale
6634116,STR-2510-HWMPPY,564 Parliament St,2,M4X,Duplex/Triplex/Fourplex,13,Toronto Centre
6634117,STR-2510-JDTPPZ,14 York St,1008,M5J,Condominium,10,Spadina-Fort York
6634118,STR-2510-FKDBPP,197 Finch Ave E,,M2N,Single/Semi-detached House,18,Willowdale
6634119,STR-2510-FZRBPR,47 Benlight Cres,,M1H,Single/Semi-detached House,24,Scarborough-Guildwood
6634120,STR-2510-FSKBPQ,300 Front St W,304,M5V,Condominium,10,Spadina-Fort York
6634121,STR-2510-GHXBPS,98 Natal Ave,,M1N,Single/Semi-detached House,20,Scarborough Southwest
6634122,STR-2510-GRDBPT,88 Treelawn Pkwy,,M6L,Single/Semi-detached House,5,York South-Weston
6634123,STR-2510-HGRBPW,151 Dan Leckie Way,941,M5V,Condominium,10,Spadina-Fort York
6634124,STR-2510-HPXBPX,146 Apache Trl,,M2H,Single/Semi-detached House,17,Don Valley North
6634125,STR-2510-HXDBPY,40 Homewood Ave,2116,M4Y,Condominium,13,Toronto Centre
6634126,STR-2510-JFKBPZ,251 Jarvis St,1014,M5B,Condominium,13,Toronto Centre
6634127,STR-2510-FKTPPP,16 Paragon Rd,,M9R,Single/Semi-detached House,2,Etobicoke Centre
6634128,STR-2510-FSZPPQ,20 John St,919,M5V,Condominium,10,Spadina-Fort York
6634129,STR-2510-GBGPPR,24 Marlebon Rd,,M9V,Single/Semi-detached House,1,Etobicoke North
6634130,STR-2510-GRTPPT,101 Peter St,2607,M5V,Condominium,10,Spadina-Fort York
6634131,STR-2510-GYZPPV,15 Iceboat Ter,640,M5V,Condominium,10,Spadina-Fort York
6634132,STR-2510-HHGPPW,251 Jarvis St,614,M5B,Condominium,13,Toronto Centre
6634133,STR-2510-HXTPPY,33 Wood St,2805,M4Y,Apartment,13,Toronto Centre
6634134,STR-2510-FLKBPP,35 Foxley St,,M6J,Townhouse/ Row House,10,Spadina-Fort York
6634135,STR-2510-FTRBPQ,12 Crane Ave,,M9P,Single/Semi-detached House,2,Etobicoke Centre
6634136,STR-2510-GBXBPR,237 Pellatt Ave,,M9N,Single/Semi-detached House,5,York South-Weston
6634137,STR-2510-GKDBPS,53 Jay St,,M6L,Single/Semi-detached House,5,York South-Weston
6634138,STR-2510-GSKBPT,7 Robinson St,B,M6J,Duplex/Triplex/Fourplex,10,Spadina-Fort York
6634139,STR-2510-GZRBPV,37 Grosvenor St,1402,M4Y,Condominium,13,Toronto Centre
6634140,STR-2510-HHXBPW,588 Runnymede Rd,,M6S,Single/Semi-detached House,4,Parkdale-High Park
6634141,STR-2510-HRDBPX,38 Beaconsfield Ave,,M6J,Single/Semi-detached House,9,Davenport
6634142,STR-2510-HYKBPY,251 Jarvis St,2207,M5B,Apartment,13,Toronto Centre
6634143,STR-2510-JGRBPZ,251 Jarvis St,4109,M5B,Condominium,13,Toronto Centre
6634144,STR-2510-FDVVPP,832 Bay St,606,M5S,Apartment,11,University-Rosedale
6634145,STR-2510-FMBVPQ,405 Blackthorn Ave,,M6M,Single/Semi-detached House,5,York South-Weston
6634146,STR-2510-FVHVPR,8 Charlotte St,606,M5V,Condominium,10,Spadina-Fort York
6634147,STR-2510-GCPVPS,101 Peter St,2003,M5V,Condominium,10,Spadina-Fort York
6634148,STR-2510-GKVVPT,231 Fort York Blvd,305,M5V,Condominium,10,Spadina-Fort York
6634149,STR-2510-GTBVPV,11 Yorkville Ave,3102,M4W,Condominium,11,University-Rosedale
6634150,STR-2510-HBHVPW,101 Peter St,3212,M5V,Condominium,10,Spadina-Fort York
6634151,STR-2510-HJPVPX,254 Milan St,,M5A,Townhouse/ Row House,13,Toronto Centre
6634152,STR-2510-HZBVPZ,465 Shaw St,A,M6G,Single/Semi-detached House,11,University-Rosedale
6634153,STR-2510-FFLHPP,273 Hastings Ave,,M4L,Single/Semi-detached House,14,Toronto-Danforth
6634154,STR-2510-FMSHPQ,151 Dan Leckie Way,1015,M5V,Condominium,10,Spadina-Fort York
6634155,STR-2510-FVYHPR,5294 Lawrence Ave E,BSMNT,M1C,Single/Semi-detached House,25,Scarborough-Rouge Park
6634156,STR-2510-GDFHPS,317 O'Connor Dr,Upper,M4J,Duplex/Triplex/Fourplex,14,Toronto-Danforth
6634157,STR-2510-GLLHPT,20 Shore Breeze Dr,5B,M8V,Condominium,3,Etobicoke-Lakeshore
6634158,STR-2510-GTSHPV,19 Treeland Way,,M3M,Townhouse/ Row House,6,York Centre
6634159,STR-2510-HBYHPW,251 Jarvis St,907,M5B,Condominium,13,Toronto Centre
6634160,STR-2510-HKFHPX,723 Carlaw Ave,1,M4K,Townhouse/ Row House,14,Toronto-Danforth
6634161,STR-2510-HSLHPY,170 Sumach St,719,M5A,Condominium,13,Toronto Centre
6634162,STR-2510-HZSHPZ,410A Queen St W,3,M5V,Townhouse/ Row House,10,Spadina-Fort York
6634163,STR-2510-FGBVPP,25 Baseball Pl,1301,M4M,Condominium,14,Toronto-Danforth
6634164,STR-2510-FPHVPQ,36 Ashbury Ave,3,M6E,Apartment,12,Toronto-St. Paul's
6634165,STR-2510-FWPVPR,43 Twenty Fourth St,,M8V,Single/Semi-detached House,3,Etobicoke-Lakeshore
6634166,STR-2510-GDVVPS,524 Eastern Ave,2,M4M,Duplex/Triplex/Fourplex,14,Toronto-Danforth
6634167,STR-2510-GMBVPT,151 Dan Leckie Way,736,M5V,Condominium,10,Spadina-Fort York
6634168,STR-2510-GVHVPV,87 Lippincott St,,M5S,Single/Semi-detached House,11,University-Rosedale
6634169,STR-2510-HCPVPW,356 Dupont St,1,M5R,Duplex/Triplex/Fourplex,11,University-Rosedale
6634170,STR-2510-HKVVPX,20 John St,1120,M5V,Apartment,10,Spadina-Fort York
6634171,STR-2510-HTBVPY,8 Lakewood Ave,Basement,M1N,Single/Semi-detached House,20,Scarborough Southwest
6634172,STR-2510-JBHVPZ,70 Douro St,269,M6K,Condominium,10,Spadina-Fort York
6634173,STR-2510-FGSHPP,21 Pirandello St,1223,M6K,Townhouse/ Row House,10,Spadina-Fort York
6634174,STR-2510-FXFHPR,101 Peter St,2810,M5V,Condominium,10,Spadina-Fort York
6634175,STR-2510-GFLHPS,403 Brunswick Ave,2,M5R,Townhouse/ Row House,11,University-Rosedale
6634176,STR-2510-GMSHPT,68 Burnaby Blvd,2,M5N,Duplex/Triplex/Fourplex,8,Eglinton-Lawrence
6634177,STR-2510-HLLHPX,15 Zorra St,904,M8Z,Apartment,3,Etobicoke-Lakeshore
6634178,STR-2510-HTSHPY,1040 The Queensway,217,M8Z,Apartment,3,Etobicoke-Lakeshore
6634179,STR-2510-JBYHPZ,15 Iceboat Ter,1112,M5V,Apartment,10,Spadina-Fort York
6634180,STR-2510-FHHVPP,560 Front St W,727,M5V,Condominium,10,Spadina-Fort York
6634181,STR-2510-FQPVPQ,171 Montrose Ave,,M6J,Single/Semi-detached House,11,University-Rosedale
6634182,STR-2510-FXVVPR,251 Manitoba St,1112,M8Y,Condominium,3,Etobicoke-Lakeshore
6634183,STR-2510-GPHVPT,441 Horsham Ave,,M2R,Single/Semi-detached House,18,Willowdale
6634184,STR-2510-GWPVPV,12 York St,1409,M5J,Condominium,10,Spadina-Fort York
6634185,STR-2510-HDVVPW,151 Dan Leckie Way,201,M5V,Condominium,10,Spadina-Fort York
6634186,STR-2510-HMBVPX,11 Denton Ave,,M4C,Single/Semi-detached House,19,Beaches-East York
6634187,STR-2510-HVHVPY,12 York St,4409,M5J,Condominium,10,Spadina-Fort York
6634188,STR-2511-JCPVPZ,5 Benstrow Ave,,M9V,Single/Semi-detached House,1,Etobicoke North
6634189,STR-2511-FRFHPQ,58 Aquila Crt,,M9W,Single/Semi-detached House,1,Etobicoke North
6634190,STR-2511-FYLHPR,955 Bay St,2212,M5S,Condominium,13,Toronto Centre
6634191,STR-2511-GGSHPS,251 Jarvis St,1129,M5B,Condominium,13,Toronto Centre
6634192,STR-2511-GPYHPT,1273 Lansdowne Ave,1,M6H,Single/Semi-detached House,9,Davenport
6634193,STR-2511-GXFHPV,4 Andes Rd,,M1T,Single/Semi-detached House,22,Scarborough-Agincourt
6634194,STR-2511-HFLHPW,800 King St W,212,M5V,Condominium,10,Spadina-Fort York
6634195,STR-2511-HMSHPX,12 Sawden Ave,2,M4L,Duplex/Triplex/Fourplex,14,Toronto-Danforth
6634196,STR-2511-HVYHPY,120 Homewood Ave,3808,M4Y,Condominium,13,Toronto Centre
6634197,STR-2511-JDFHPZ,11 Yorkville Ave,5906,M4W,Condominium,11,University-Rosedale
6634198,STR-2511-FRVVPQ,2300 St Clair Ave W,726,M6N,Condominium,5,York South-Weston
6634199,STR-2511-GHHVPS,800 King St W,416,M5V,Condominium,10,Spadina-Fort York
6634200,STR-2511-GQPVPT,646 Queen St W,UPPER,M6J,Apartment,10,Spadina-Fort York
6634201,STR-2511-GXVVPV,15 Iceboat Ter,2608,M5V,Condominium,10,Spadina-Fort York
6634202,STR-2511-HGBVPW,30 Shore Breeze Dr,5506,M8V,Apartment,3,Etobicoke-Lakeshore
6634203,STR-2511-HPHVPX,188 Cumberland St,2505,M5R,Condominium,11,University-Rosedale
6634204,STR-2511-HWPVPY,436 Clinton St,B,M6G,Single/Semi-detached House,11,University-Rosedale
6634205,STR-2511-JDVVPZ,463 St Clarens Ave,BSMT,M6H,Single/Semi-detached House,9,Davenport
6634206,STR-2511-FKFHPP,169 Glenmount Park Rd,,M4E,Single/Semi-detached House,19,Beaches-East York
6634207,STR-2511-FSLHPQ,33 Cartwright Ave,,M6A,Single/Semi-detached House,8,Eglinton-Lawrence
6634208,STR-2511-GHYHPS,560 Front St W,1002,M5V,Condominium,10,Spadina-Fort York
6634209,STR-2511-GRFHPT,1121 Bay St,1008,M5S,Condominium,13,Toronto Centre
6634210,STR-2511-GYLHPV,45 Dunfield Ave,805,M4S,Apartment,12,Toronto-St. Paul's
6634211,STR-2511-HGSHPW,251 Jarvis St,4003,M5B,Apartment,13,Toronto Centre
6634212,STR-2511-HXFHPY,361 Front St W,1510,M5V,Condominium,10,Spadina-Fort York
6634213,STR-2511-JFLHPZ,30 Ordnance St,1112,M6K,Condominium,10,Spadina-Fort York
6634214,STR-2511-FKVVPP,251 Jarvis St,1619,M5B,Condominium,13,Toronto Centre
6634215,STR-2511-FTBVPQ,209 Fort York Blvd,1664,M5V,Condominium,10,Spadina-Fort York
6634216,STR-2511-GBHVPR,300 Front St W,1601,M5V,Condominium,10,Spadina-Fort York
6634217,STR-2511-GJPVPS,119 Bellwoods Ave,2,M6J,Duplex/Triplex/Fourplex,10,Spadina-Fort York
6634218,STR-2511-GRVVPT,21 Iceboat Ter,2606,M5V,Apartment,10,Spadina-Fort York
6634219,STR-2511-GZBVPV,210 Victoria St,2004,M5B,Condominium,13,Toronto Centre
6634220,STR-2511-HHHVPW,300 Front St W,3910,M5V,Condominium,10,Spadina-Fort York
6634221,STR-2511-HQPVPX,34 Kiskadee Dr,,M9V,Single/Semi-detached House,1,Etobicoke North
6634222,STR-2511-HXVVPY,251 Jarvis St,713,M5B,Condominium,13,Toronto Centre
6634223,STR-2511-JGBVPZ,231 Fort York Blvd,1713,M5V,Condominium,10,Spadina-Fort York
6634224,STR-2511-FLLHPP,20 John St,1024,M5V,Condominium,10,Spadina-Fort York
6634225,STR-2511-FTSHPQ,1290 Bloor St W,3,M6H,Apartment,9,Davenport
6634226,STR-2511-GBYHPR,20 John St,1124,M5V,Condominium,10,Spadina-Fort York
6634227,STR-2511-GSLHPT,181 Sterling Rd,1117,M6R,Condominium,9,Davenport
6634228,STR-2511-GZSHPV,270 Wellington St W,821,M5V,Condominium,10,Spadina-Fort York
6634229,STR-2511-HHYHPW,165 Legion Rd N,922,M8Y,Apartment,3,Etobicoke-Lakeshore
6634230,STR-2511-HRFHPX,33 Empress Ave,712,M2N,Condominium,18,Willowdale
6634231,STR-2511-HYLHPY,317 Monarch Park Ave,,M4J,Single/Semi-detached House,14,Toronto-Danforth
6634232,STR-2511-JGSHPZ,27 Rensburg Dr,,M1K,Single/Semi-detached House,21,Scarborough Centre
6634233,STR-2511-FMDBPQ,111 Glenforest Rd,,M4N,Single/Semi-detached House,15,Don Valley West
6634234,STR-2511-GCRBPS,101 Peter St,2206,M5V,Condominium,10,Spadina-Fort York
6634235,STR-2511-GTDBPV,55 Bremner Blvd,3803,M5J,Condominium,10,Spadina-Fort York
6634236,STR-2511-HBKBPW,300 Front St W,4802,M5V,Condominium,10,Spadina-Fort York
6634237,STR-2511-HRXBPY,55 Bremner Blvd,1202,M5J,Condominium,10,Spadina-Fort York
6634238,STR-2511-FFMPPP,213 Roncesvalles Ave,1,M6R,Apartment,4,Parkdale-High Park
6634239,STR-2511-FMTPPQ,955 Bay St,1415,M5S,Condominium,13,Toronto Centre
6634240,STR-2511-FVZPPR,67 Curlew Dr,174,M3A,Townhouse/ Row House,16,Don Valley East
6634241,STR-2511-GDGPPS,20 John St,1117,M5V,Condominium,10,Spadina-Fort York
6634242,STR-2511-GLMPPT,89 Dunfield Ave,2005,M4S,Condominium,12,Toronto-St. Paul's
6634243,STR-2511-GTTPPV,251 Jarvis St,1811,M5B,Condominium,13,Toronto Centre
6634244,STR-2511-HKGPPX,690 Woodbine Ave,,M4E,Apartment,19,Beaches-East York
6634245,STR-2511-HSMPPY,551 Kennedy Rd,A,M1K,Apartment,20,Scarborough Southwest
6634246,STR-2511-HZTPPZ,15 Currie Ave,B,M4C,Single/Semi-detached House,19,Beaches-East York
6634247,STR-2511-FGDBPP,106 Phillip Ave,,M1N,Single/Semi-detached House,20,Scarborough Southwest
6634248,STR-2511-FPKBPQ,55 Maher Ave,Main,M6P,Single/Semi-detached House,4,Parkdale-High Park
6634249,STR-2511-GDXBPS,1479 O'Connor Dr,8,M4B,Townhouse/ Row House,0,-
6634250,STR-2511-GMDBPT,231 Fort York Blvd,2603,M5V,Condominium,10,Spadina-Fort York
6634251,STR-2511-HCRBPW,286 Coxwell Ave,1,M4L,Duplex/Triplex/Fourplex,14,Toronto-Danforth
6634252,STR-2511-HKXBPX,36 Pinemeadow Blvd,,M1W,Single/Semi-detached House,22,Scarborough-Agincourt
6634253,STR-2511-HTDBPY,11 Glen Muir Dr,,M1M,Single/Semi-detached House,20,Scarborough Southwest
6634254,STR-2511-JBKBPZ,55 Kingslake Rd,,M2J,Single/Semi-detached House,17,Don Valley North
6634255,STR-2511-FGTPPP,28 Linden St,803,M4Y,Apartment,13,Toronto Centre
6634256,STR-2511-FXGPPR,832 Bay St,607,M5S,Condominium,11,University-Rosedale
6634257,STR-2511-GFMPPS,37 Grosvenor St,3001,M4Y,Condominium,13,Toronto Centre
6634258,STR-2511-GMTPPT,210 Victoria St,2309,M5B,Condominium,13,Toronto Centre
6634259,STR-2511-HDGPPW,54 Indian Road Cres,1,M6P,Duplex/Triplex/Fourplex,4,Parkdale-High Park
6634260,STR-2511-HLMPPX,77 Browning Ave,,M4K,Single/Semi-detached House,14,Toronto-Danforth
6634261,STR-2511-HTTPPY,215 Fort York Blvd,3507,M5V,Condominium,10,Spadina-Fort York
6634262,STR-2511-FHKBPP,66 Claywood Rd,,M2N,Single/Semi-detached House,18,Willowdale
6634263,STR-2511-FQRBPQ,212 Maria St,1,M6P,Duplex/Triplex/Fourplex,4,Parkdale-High Park
6634264,STR-2511-GGDBPS,7 Peveril Hill S,,M6C,Single/Semi-detached House,12,Toronto-St. Paul's
6634265,STR-2511-GPKBPT,151 Dan Leckie Way,2306,M5V,Condominium,10,Spadina-Fort York
6634266,STR-2511-GWRBPV,15 Iceboat Ter,536,M5V,Condominium,10,Spadina-Fort York
6634267,STR-2511-HDXBPW,229 Lisgar St,,M6J,Townhouse/ Row House,9,Davenport
6634268,STR-2511-HVKBPY,251 Jarvis St,209,M5B,Condominium,13,Toronto Centre
6634269,STR-2511-JCRBPZ,42 Craigmore Cres,,M2N,Single/Semi-detached House,18,Willowdale
6634270,STR-2511-FHZPPP,300 Front St W,3103,M5V,Condominium,10,Spadina-Fort York
6634271,STR-2511-FRGPPQ,832 Bay St,2102,M5S,Condominium,11,University-Rosedale
6634272,STR-2511-FYMPPR,300 Front St W,2010,M5V,Condominium,10,Spadina-Fort York
6634273,STR-2511-GGTPPS,96 Jenkinson Way,,M1P,Single/Semi-detached House,21,Scarborough Centre
6634274,STR-2511-GPZPPT,155 Yorkville Ave,1617,M5R,Condominium,11,University-Rosedale
6634275,STR-2511-GXGPPV,11 Yorkville Ave,3805,M4W,Condominium,11,University-Rosedale
6634276,STR-2511-HFMPPW,101 Pearson Ave,,M6R,Single/Semi-detached House,4,Parkdale-High Park
6634277,STR-2511-HMTPPX,2 Anndale Dr,3103,M2N,Condominium,18,Willowdale
6634278,STR-2511-HVZPPY,212 Keele St,,M6P,Duplex/Triplex/Fourplex,4,Parkdale-High Park
6634279,STR-2511-JDGPPZ,43 Major St,,M5S,Townhouse/ Row House,11,University-Rosedale
6634280,STR-2511-FJRBPP,101 Peter St,1807,M5V,Condominium,10,Spadina-Fort York
6634281,STR-2511-FRXBPQ,101 Peter St,2606,M5V,Condominium,10,Spadina-Fort York
6634282,STR-2511-GQRBPT,37 Citation Dr,Suite Bsmt,M2K,Single/Semi-detached House,17,Don Valley North
6634283,STR-2511-GHKBPS,475 Jones Ave,,M4J,Single/Semi-detached House,14,Toronto-Danforth
6634284,STR-2511-GXXBPV,3 Linden St,,M4Y,Duplex/Triplex/Fourplex,13,Toronto Centre
6634285,STR-2511-HGDBPW,26 Marathon Cres,,M2R,Single/Semi-detached House,18,Willowdale
6634286,STR-2511-HPKBPX,251 Jarvis St,828,M5B,Condominium,13,Toronto Centre
6634287,STR-2511-HWRBPY,425 Front St E,612,M5A,Condominium,13,Toronto Centre
6634288,STR-2511-JDXBPZ,65 Bremner Blvd,4010,M5J,Condominium,10,Spadina-Fort York
6634289,STR-2511-FKGPPP,165 Legion Rd N,1934,M8Y,Condominium,3,Etobicoke-Lakeshore
6634290,STR-2511-FSMPPQ,39 Huntley St,,M4Y,Single/Semi-detached House,13,Toronto Centre
6634291,STR-2511-FZTPPR,830 Lawrence Ave W,2101,M6A,Condominium,8,Eglinton-Lawrence
6634292,STR-2511-GHZPPS,740 Kennedy Rd,105,M1K,Townhouse/ Row House,20,Scarborough Southwest
6634293,STR-2511-GRGPPT,25 Lower Simcoe St,522,M5J,Apartment,10,Spadina-Fort York
6634294,STR-2511-GYMPPV,140 Simcoe St,1412,M5H,Condominium,10,Spadina-Fort York
6634295,STR-2511-HPZPPX,21 Iceboat Ter,3906,M5V,Condominium,10,Spadina-Fort York
6634296,STR-2511-HGTPPW,32 Minerva Ave,2,M1M,Single/Semi-detached House,20,Scarborough Southwest
6634297,STR-2511-HXGPPY,128 Regent Rd,,M3K,Single/Semi-detached House,6,York Centre
6634298,STR-2511-JFMPPZ,619 Woodbine Ave,204,M4E,Apartment,19,Beaches-East York
6634299,STR-2511-FKXBPP,65 Bremner Blvd,5104,M5J,Condominium,10,Spadina-Fort York
6634300,STR-2511-FTDBPQ,120 Hullmar Dr,,M3N,Single/Semi-detached House,7,Humber River-Black Creek
6634301,STR-2511-GBKBPR,151 Dan Leckie Way,949,M5V,Condominium,10,Spadina-Fort York
6634302,STR-2511-GJRBPS,21 Tillplain Rd,,M3H,Single/Semi-detached House,6,York Centre
6634303,STR-2511-GRXBPT,251 Jarvis St,3009,M5B,Condominium,13,Toronto Centre
6634304,STR-2511-GZDBPV,38 Edgar Ave,,M4W,Single/Semi-detached House,11,University-Rosedale
6634305,STR-2511-HHKBPW,231 Fort York Blvd,1607,M5V,Condominium,10,Spadina-Fort York
6634306,STR-2511-HQRBPX,403 Maple Leaf Dr,,M6L,Single/Semi-detached House,5,York South-Weston
6634307,STR-2511-HXXBPY,9 St Nicholas St,Unit 203,M4Y,Apartment,13,Toronto Centre
6634308,STR-2511-JGDBPZ,670 Dundas St W,,M5T,Single/Semi-detached House,11,University-Rosedale
6634309,STR-2511-FLMPPP,36 Zorra St,109,M8Z,Condominium,3,Etobicoke-Lakeshore
6634310,STR-2511-FTTPPQ,22 Galley Ave,Main,M6R,Duplex/Triplex/Fourplex,4,Parkdale-High Park
6634311,STR-2511-GBZPPR,251 Jarvis St,409,M5B,Apartment,13,Toronto Centre
6634312,STR-2511-GKGPPS,38 Hook Ave,Unit 2,M6P,Duplex/Triplex/Fourplex,4,Parkdale-High Park
6634313,STR-2511-GSMPPT,300 Front St W,3002,M5V,Condominium,10,Spadina-Fort York
6634314,STR-2511-GZTPPV,300 Front St W,1414,M5V,Condominium,10,Spadina-Fort York
6634315,STR-2511-HHZPPW,92 Earlton Rd,Bsmt,M1T,Single/Semi-detached House,22,Scarborough-Agincourt
6634316,STR-2511-HRGPPX,15 Iceboat Ter,2109,M5V,Condominium,10,Spadina-Fort York
6634317,STR-2511-FDYHPP,491 Lansdowne Ave,,M6H,Single/Semi-detached House,9,Davenport
6634318,STR-2511-FMFHPQ,5 Sheppard Ave E,4322,M2N,Condominium,18,Willowdale
6634319,STR-2511-GCSHPS,300 Front St W,2504,M5V,Condominium,10,Spadina-Fort York
6634320,STR-2511-GTFHPV,218 Beatrice St,A,M6G,Duplex/Triplex/Fourplex,11,University-Rosedale
6634321,STR-2511-GKYHPT,6 Graydon Hall Dr,6,M3A,Townhouse/ Row House,16,Don Valley East
6634322,STR-2511-HBLHPW,91 Frederick Tisdale Dr,,M3K,Townhouse/ Row House,6,York Centre
6634323,STR-2511-HRYHPY,2300 St Clair Ave W,624,M6N,Condominium,5,York South-Weston
6634324,STR-2511-HZFHPZ,832 Bay St,3009,M5S,Condominium,11,University-Rosedale
6634325,STR-2511-FFPVPP,832 Bay St,4506,M5S,Condominium,11,University-Rosedale
6634326,STR-2511-FMVVPQ,56 Pendrith St,,M6G,Townhouse/ Row House,11,University-Rosedale
6634327,STR-2511-FWBVPR,381 St Clarens Ave,B,M6H,Duplex/Triplex/Fourplex,9,Davenport
6634328,STR-2511-GDHVPS,251 Jarvis St,504,M5B,Condominium,13,Toronto Centre
6634329,STR-2511-GTVVPV,832 Bay St,1610,M5S,Condominium,11,University-Rosedale
6634330,STR-2511-HCBVPW,15 Iceboat Ter,337,M5V,Condominium,10,Spadina-Fort York
6634331,STR-2511-HKHVPX,832 Bay St,507,M5S,Apartment,11,University-Rosedale
6634332,STR-2511-HSPVPY,28 Linden St,609,M4Y,Condominium,13,Toronto Centre
6634333,STR-2511-HZVVPZ,300 Front St W,210,M5V,Apartment,10,Spadina-Fort York
6634334,STR-2511-FPLHPQ,444 Markham St,2,M6G,Duplex/Triplex/Fourplex,11,University-Rosedale
6634335,STR-2511-FWSHPR,18 Yonge St,710,M5E,Condominium,10,Spadina-Fort York
6634336,STR-2511-GDYHPS,208 Queens Quay W,2512,M5J,Condominium,10,Spadina-Fort York
6634337,STR-2511-GMFHPT,30 Nelson St,210,M5V,Condominium,10,Spadina-Fort York
6634338,STR-2511-HCSHPW,100 Wellesley St E,1114,M4Y,Apartment,13,Toronto Centre
6634339,STR-2511-HKYHPX,103 Glentworth Rd,,M2J,Single/Semi-detached House,17,Don Valley North
6634340,STR-2511-JBLHPZ,21 Iceboat Ter,2001,M5V,Condominium,10,Spadina-Fort York
6634341,STR-2511-FGVVPP,466 Quebec Ave,5,M6P,Apartment,4,Parkdale-High Park
6634342,STR-2511-FQBVPQ,35 Longwood Dr,,M3B,Single/Semi-detached House,15,Don Valley West
6634343,STR-2511-FXHVPR,103 Southvale Dr,,M4G,Single/Semi-detached House,15,Don Valley West
6634344,STR-2511-GFPVPS,50 Lemonwood Dr,B,M9A,Single/Semi-detached House,2,Etobicoke Centre
6634345,STR-2511-GMVVPT,28 Eastern Ave,108,M5A,Condominium,13,Toronto Centre
6634346,STR-2511-GWBVPV,832 Bay St,3304,M5S,Condominium,11,University-Rosedale
6634347,STR-2511-HDHVPW,37 Delburn Dr,,M1V,Single/Semi-detached House,23,Scarborough North
6634348,STR-2511-JCBVPZ,73 Fern Ave,,M6R,Townhouse/ Row House,4,Parkdale-High Park
6634349,STR-2511-FHLHPP,15 James Finlay Way,1107,M3M,Condominium,6,York Centre
6634350,STR-2511-FXYHPR,55 Bremner Blvd,2001,M5J,Condominium,10,Spadina-Fort York
6634351,STR-2511-GGFHPS,251 Jarvis St,1704,M5B,Condominium,13,Toronto Centre
6634352,STR-2511-GPLHPT,24 Denison Sq,,M5T,Townhouse/ Row House,11,University-Rosedale
6634353,STR-2511-GWSHPV,21 Pirandello St,1230,M6K,Condominium,10,Spadina-Fort York
6634354,STR-2511-HDYHPW,5 Aylesford Dr,,M1N,Single/Semi-detached House,20,Scarborough Southwest
6634355,STR-2511-HMFHPX,300 Front St W,3414,M5V,Condominium,10,Spadina-Fort York
6634356,STR-2511-HVLHPY,300 Front St W,3901,M5V,Condominium,10,Spadina-Fort York
6634357,STR-2511-JCSHPZ,12 York St,3402,M5J,Condominium,10,Spadina-Fort York
6634358,STR-2511-FJBVPP,120 Homewood Ave,701,M4Y,Condominium,13,Toronto Centre
6634359,STR-2511-FRHVPQ,501 Yonge St,4110,M4Y,Condominium,13,Toronto Centre
6634360,STR-2511-FYPVPR,70 Queens Wharf Rd,2309,M5V,Apartment,10,Spadina-Fort York
6634361,STR-2511-GGVVPS,251 Jarvis St,2505,M5B,Condominium,13,Toronto Centre
6634362,STR-2511-GQBVPT,62 Robinson St,,M6J,Townhouse/ Row House,10,Spadina-Fort York
6634363,STR-2511-GXHVPV,23 Edgewood Grv,,M4L,Single/Semi-detached House,19,Beaches-East York
6634364,STR-2511-HMVVPX,77 Howard St,2209,M4X,Apartment,13,Toronto Centre
6634365,STR-2511-HWBVPY,21 Iceboat Ter,827,M5V,Condominium,10,Spadina-Fort York
6634366,STR-2511-JDHVPZ,955 Bay St,2416,M5S,Condominium,13,Toronto Centre
6634367,STR-2511-FJSHPP,83 Hilda Ave,Main,M2M,Single/Semi-detached House,18,Willowdale
6634368,STR-2511-FRYHPQ,163 Manning Ave,BSMT,M6J,Duplex/Triplex/Fourplex,10,Spadina-Fort York
6634369,STR-2511-FZFHPR,151 Dan Leckie Way,317,M5V,Condominium,10,Spadina-Fort York
6634370,STR-2511-GHLHPS,15 Maplewood Ave,905,M6C,Condominium,12,Toronto-St. Paul's
6634371,STR-2511-GQSHPT,181 Sterling Rd,806,M6R,Condominium,9,Davenport
6634372,STR-2511-GXYHPV,465 Shaw St,C,M6G,Single/Semi-detached House,11,University-Rosedale
6634373,STR-2511-HGFHPW,21 Iceboat Ter,1202,M5V,Condominium,10,Spadina-Fort York
6634374,STR-2511-HPLHPX,70 Annie Craig Dr,4003,M8V,Condominium,3,Etobicoke-Lakeshore
6634375,STR-2511-HWSHPY,80 Mentor Blvd,,M2H,Single/Semi-detached House,17,Don Valley North
6634376,STR-2511-JDYHPZ,170 Indian Road Cres,1,M6P,Single/Semi-detached House,4,Parkdale-High Park
6634377,STR-2511-FKHVPP,215 Fort York Blvd,1903,M5V,Condominium,10,Spadina-Fort York
6634378,STR-2511-FSPVPQ,238 Simcoe St,402,M5T,Condominium,10,Spadina-Fort York
6634379,STR-2511-GJBVPS,5 Ivy Green Cres,,M1G,Single/Semi-detached House,24,Scarborough-Guildwood
6634380,STR-2511-GRHVPT,20 Blue Jays Way,617,M5V,Condominium,10,Spadina-Fort York
6634381,STR-2511-GYPVPV,249 Manning Ave,,M6J,Single/Semi-detached House,11,University-Rosedale
6634382,STR-2511-HGVVPW,8 Nora Rd,,M9A,Single/Semi-detached House,3,Etobicoke-Lakeshore
6634383,STR-2511-HQBVPX,18 Yonge St,2607,M5E,Condominium,10,Spadina-Fort York
6634384,STR-2511-HXHVPY,257 Cherokee Blvd,,M2H,Duplex/Triplex/Fourplex,17,Don Valley North
6634385,STR-2511-JFPVPZ,231 Fort York Blvd,115,M5V,Apartment,10,Spadina-Fort York
6634386,STR-2511-FKYHPP,1429 Dufferin St,REAR,M6H,Single/Semi-detached House,9,Davenport
6634387,STR-2511-GBLHPR,36 Zorra St,2007,M8Z,Condominium,3,Etobicoke-Lakeshore
6634388,STR-2511-GJSHPS,36 Zorra St,3304,M8Z,Condominium,3,Etobicoke-Lakeshore
6634389,STR-2511-GRYHPT,251 Jarvis St,931,M5B,Condominium,13,Toronto Centre
6634390,STR-2511-GZFHPV,120 Homewood Ave,1604,M4Y,Condominium,13,Toronto Centre
6634391,STR-2511-HHLHPW,50 Bleecker St,B,M4X,Apartment,13,Toronto Centre
6634392,STR-2511-HQSHPX,39 Harlton Cres,B,M6M,Duplex/Triplex/Fourplex,5,York South-Weston
6634393,STR-2511-HXYHPY,101 Peter St,3710,M5V,Condominium,10,Spadina-Fort York
6634394,STR-2511-JGFHPZ,251 Jarvis St,3808,M5B,Condominium,13,Toronto Centre
6634395,STR-2511-FTVVPQ,251 JARVIS ST,2912,M5B,Condominium,13,Toronto Centre
6634396,STR-2511-GCBVPR,39 St Andrews Blvd,,M9R,Single/Semi-detached House,1,Etobicoke North
6634397,STR-2511-GKHVPS,271 Park Home Ave,,M2R,Single/Semi-detached House,18,Willowdale
6634398,STR-2511-GSPVPT,37 Epsom Ave,,M4C,Single/Semi-detached House,19,Beaches-East York
6634399,STR-2511-HJBVPW,222 Shaw St,B,M6J,Townhouse/ Row House,10,Spadina-Fort York
6634400,STR-2511-GZVVPV,188 Cumberland St,609,M5R,Condominium,11,University-Rosedale
6634401,STR-2511-HYPVPY,50 Manitoba St,2,M8Y,Single/Semi-detached House,3,Etobicoke-Lakeshore
6634402,STR-2511-JGVVPZ,14 York St,1104,M5J,Condominium,10,Spadina-Fort York
6634403,STR-2511-FDZPPP,55 Bremner Blvd,1809,M5J,Condominium,10,Spadina-Fort York
6634404,STR-2511-FMGPPQ,39 Niagara St,121,M5V,Townhouse/ Row House,10,Spadina-Fort York
6634405,STR-2511-FVMPPR,137 Markham St,,M6J,Apartment,10,Spadina-Fort York
6634406,STR-2511-GCTPPS,473 Silverstone Dr,,M9V,Apartment,1,Etobicoke North
6634407,STR-2511-GTGPPV,224 St George St,302,M5R,Apartment,11,University-Rosedale
6634408,STR-2511-HBMPPW,352 Front St W,2305,M5V,Condominium,10,Spadina-Fort York
6634409,STR-2511-HJTPPX,251 Jarvis St,3005,M5B,Condominium,13,Toronto Centre
6634410,STR-2511-HRZPPY,75 The Donway W,613,M3C,Condominium,16,Don Valley East
6634411,STR-2511-HZGPPZ,14 York St,5612,M5J,Condominium,10,Spadina-Fort York
6634412,STR-2511-FFRBPP,300 Front St W,1007,M5V,Apartment,10,Spadina-Fort York
6634413,STR-2511-FMXBPQ,28 Argus Crt,,M2J,Condominium,17,Don Valley North
6634414,STR-2511-FWDBPR,231 Empress Ave,,M2N,Apartment,18,Willowdale
6634415,STR-2511-GDKBPS,90 Markham St,Unit 3B,M6J,Townhouse/ Row House,10,Spadina-Fort York
6634416,STR-2511-GLRBPT,173 King Edward Ave,,M4C,Single/Semi-detached House,19,Beaches-East York
6634417,STR-2511-GTXBPV,36 Zorra St,3307,M8Z,Apartment,3,Etobicoke-Lakeshore
6634418,STR-2511-HKKBPX,383 Sorauren Ave,210,M6R,Apartment,4,Parkdale-High Park
6634419,STR-2511-HSRBPY,55 Triller Ave,1414,M6R,Apartment,4,Parkdale-High Park
6634420,STR-2511-HZXBPZ,60 Triller Ave,2,M6R,Apartment,4,Parkdale-High Park
6634421,STR-2511-FGGPPP,18 Stafford St,116,M5V,Apartment,10,Spadina-Fort York
6634422,STR-2511-FPMPPQ,14 York St,5201,M5J,Condominium,10,Spadina-Fort York
6634423,STR-2511-FWTPPR,188 Cumberland St,1111,M5R,Condominium,11,University-Rosedale
6634424,STR-2511-GDZPPS,8 Luscombe Lane,,M4Y,Townhouse/ Row House,13,Toronto Centre
6634425,STR-2511-GMGPPT,250 Bathurst St.,1,M5T,Townhouse/ Row House,10,Spadina-Fort York
6634426,STR-2511-GVMPPV,34 Droxford Ave,,M1R,Single/Semi-detached House,21,Scarborough Centre
6634427,STR-2511-FGXBPP,69 Lynn Williams St,916,M6K,Condominium,10,Spadina-Fort York
6634428,STR-2511-HCTPPW,52 Alcina Ave,,M6G,Single/Semi-detached House,12,Toronto-St. Paul's
6634429,STR-2511-HKZPPX,39 Nassau St,Main Floor,M5T,Single/Semi-detached House,11,University-Rosedale
6634430,STR-2511-HTGPPY,1456 Queen St W,,M6K,Duplex/Triplex/Fourplex,4,Parkdale-High Park
6634431,STR-2511-FQDBPQ,132 D'Arcy St,F,M5T,Single/Semi-detached House,11,University-Rosedale
6634432,STR-2511-FXKBPR,97 Hay Ave,,M8Z,Single/Semi-detached House,3,Etobicoke-Lakeshore
6634433,STR-2511-GFRBPS,437 Main St,,M4C,Single/Semi-detached House,19,Beaches-East York
6634434,STR-2511-GMXBPT,49 East Liberty St,1009,M6K,Condominium,10,Spadina-Fort York
6634435,STR-2511-GWDBPV,27 Sorauren Ave,2,M6R,Single/Semi-detached House,4,Parkdale-High Park
6634436,STR-2511-HDKBPW,209 Fort York Blvd,474,M5V,Condominium,10,Spadina-Fort York
6634437,STR-2511-HLRBPX,112 George St,106,M5A,Townhouse/ Row House,13,Toronto Centre
6634438,STR-2511-FQTPPQ,120 Homewood Ave,2502,M4Y,Apartment,13,Toronto Centre
6634439,STR-2511-FXZPPR,215 Fort York Blvd,3311,M5V,Condominium,10,Spadina-Fort York
6634440,STR-2511-GPMPPT,5 St Joseph St,906,M4Y,Condominium,13,Toronto Centre
6634441,STR-2511-GWTPPV,206 Bathurst St,,M5T,Single/Semi-detached House,10,Spadina-Fort York
6634442,STR-2511-HDZPPW,700 Sheppard Ave W,501,M3H,Condominium,6,York Centre
6634443,STR-2511-HVMPPY,218 Beatrice St,B,M6G,Duplex/Triplex/Fourplex,11,University-Rosedale
6634444,STR-2511-JCTPPZ,251 Jarvis St,4804,M5B,Condominium,13,Toronto Centre
6634445,STR-2511-FJDBPP,12 York St,2505,M5J,Condominium,10,Spadina-Fort York
6634446,STR-2511-GGXBPS,392 Manse Rd,,M1E,Single/Semi-detached House,25,Scarborough-Rouge Park
6634447,STR-2511-GQDBPT,97 Sellers Ave,B,M6E,Single/Semi-detached House,9,Davenport
6634448,STR-2511-GXKBPV,3 Market St,212,M5E,Condominium,10,Spadina-Fort York
6634449,STR-2511-HFRBPW,370 Aylesworth Ave,,M1N,Single/Semi-detached House,20,Scarborough Southwest
6634450,STR-2511-HMXBPX,1 Markburn Crt,,M9C,Single/Semi-detached House,2,Etobicoke Centre
6634451,STR-2511-JDKBPZ,406 Jones Ave,,M4J,Single/Semi-detached House,14,Toronto-Danforth
6634452,STR-2511-FJTPPP,144 Evelyn Crescent,,M6P,Apartment,4,Parkdale-High Park
6634453,STR-2511-FRZPPQ,26 Seventeenth St,,M8V,Single/Semi-detached House,3,Etobicoke-Lakeshore
6634454,STR-2511-FZGPPR,28 Bridgman Ave,,M5R,Townhouse/ Row House,12,Toronto-St. Paul's
6634455,STR-2511-GHMPPS,70 Sunderland Cres,B,M1H,Single/Semi-detached House,24,Scarborough-Guildwood
6634456,STR-2511-GQTPPT,18 Danielle Moore Cir,,M1P,Townhouse/ Row House,21,Scarborough Centre
6634457,STR-2511-GXZPPV,494 Queen St W,A,M5V,Apartment,10,Spadina-Fort York
6634458,STR-2511-HGGPPW,825 College St,SUITE-BSMT,M6G,Apartment,11,University-Rosedale
6634459,STR-2511-HPMPPX,300 Front St W,1310,M5V,Condominium,10,Spadina-Fort York
6634460,STR-2511-HWTPPY,20 Hargrave Lane,16,M4N,Townhouse/ Row House,15,Don Valley West
6634461,STR-2511-JDZPPZ,101 Peter St,803,M5V,Apartment,10,Spadina-Fort York
6634462,STR-2511-FKKBPP,300 Front St W,1704,M5V,Apartment,10,Spadina-Fort York
6634463,STR-2511-FSRBPQ,30 Nelson St,3308,M5V,Apartment,10,Spadina-Fort York
6634464,STR-2511-GJDBPS,21 Iceboat Ter,530,M5V,Apartment,10,Spadina-Fort York
6634465,STR-2511-GRKBPT,18 Yonge St,3902,M5E,Condominium,10,Spadina-Fort York
6634466,STR-2511-GYRBPV,77 Westwood Ave,,M4K,Single/Semi-detached House,14,Toronto-Danforth
6634467,STR-2511-HQDBPX,151 Dan Leckie Way,840,M5V,Condominium,10,Spadina-Fort York
6634468,STR-2511-HXKBPY,12 York St,4210,M5J,Condominium,10,Spadina-Fort York
6634469,STR-2511-JGXBPZ,219 Fort York Blvd,1407,M5V,Apartment,10,Spadina-Fort York
6634470,STR-2511-FKZPPP,535 Roxton Rd,2,M6G,Duplex/Triplex/Fourplex,11,University-Rosedale
6634471,STR-2511-FTGPPQ,82 Wayland Ave,1,M4E,Single/Semi-detached House,19,Beaches-East York
6634472,STR-2511-GBMPPR,14 York St,5912,M5J,Condominium,10,Spadina-Fort York
6634473,STR-2511-GJTPPS,42 Heathview Ave,,M2K,Single/Semi-detached House,17,Don Valley North
6634474,STR-2511-GRZPPT,251 Jarvis St,4805,M5B,Condominium,13,Toronto Centre
6634475,STR-2511-GZGPPV,2632 Midland Ave,,M1S,Single/Semi-detached House,22,Scarborough-Agincourt
6634476,STR-2511-HHMPPW,11 Glen Baillie Pl,2,M5T,Apartment,11,University-Rosedale
6634477,STR-2511-HQTPPX,21 Iceboat Ter,3101,M5V,Condominium,10,Spadina-Fort York
6634478,STR-2511-HXZPPY,199 Richmond St W,518,M5V,Condominium,10,Spadina-Fort York
6634479,STR-2511-JGGPPZ,21 Iceboat Ter,2115,M5V,Condominium,10,Spadina-Fort York
6634480,STR-2511-FLRBPP,270 Wellington St W,321,M5V,Condominium,10,Spadina-Fort York
6634481,STR-2511-FTXBPQ,705 King St W,1001,M5V,Condominium,10,Spadina-Fort York
6634482,STR-2511-GCDBPR,81 Wellesley St E,2305,M4Y,Condominium,13,Toronto Centre
6634483,STR-2511-GKKBPS,36 Shalom Cres,,M9V,Single/Semi-detached House,1,Etobicoke North
6634484,STR-2511-GSRBPT,27 Ellsworth Ave,,M6G,Single/Semi-detached House,12,Toronto-St. Paul's
6634485,STR-2511-GZXBPV,14 York St,2307,M5J,Condominium,10,Spadina-Fort York
6634486,STR-2511-HJDBPW,91 Cadorna Ave,,M4J,Single/Semi-detached House,14,Toronto-Danforth
6634487,STR-2511-HRKBPX,21 Iceboat Ter,PH02,M5V,Condominium,10,Spadina-Fort York
6634488,STR-2511-HYRBPY,100 Harrison Garden Blvd,1123,M2N,Condominium,18,Willowdale
6634489,STR-2511-FFBVPP,36 Zorra St,3404,M8Z,Apartment,3,Etobicoke-Lakeshore
6634490,STR-2511-FMHVPQ,16 Mack Ave,,M1L,Single/Semi-detached House,20,Scarborough Southwest
6634491,STR-2511-FVPVPR,489 Roehampton Ave,,M4P,Single/Semi-detached House,15,Don Valley West
6634492,STR-2511-GCVVPS,300 Front St W,2207,M5V,Apartment,10,Spadina-Fort York
6634493,STR-2511-GLBVPT,21 Iceboat Ter,727,M5V,Apartment,10,Spadina-Fort York
6634494,STR-2511-GTHVPV,16 Yonge St,3510,M5E,Apartment,10,Spadina-Fort York
6634495,STR-2511-HBPVPW,220 Victoria St,1707,M5B,Apartment,13,Toronto Centre
6634496,STR-2511-HJVVPX,101 Peter St,4005,M5V,Apartment,10,Spadina-Fort York
6634497,STR-2511-HSBVPY,3 Holmstead Ave,,M4B,Single/Semi-detached House,19,Beaches-East York
6634498,STR-2511-FFSHPP,45 Boyce Ave,BSMT,M1J,Single/Semi-detached House,20,Scarborough Southwest
6634499,STR-2511-FMYHPQ,238 Windermere Ave,,M6S,Single/Semi-detached House,4,Parkdale-High Park
6634500,STR-2511-GDLHPS,14 York St,4704,M5J,Condominium,10,Spadina-Fort York
6634501,STR-2511-HCFHPW,18 Yonge St,3811,M5E,Condominium,10,Spadina-Fort York
6634502,STR-2511-HKLHPX,55 Endean Ave,,M4M,Duplex/Triplex/Fourplex,14,Toronto-Danforth
6634503,STR-2511-HSSHPY,215 Fort York Blvd,2509,M5V,Condominium,10,Spadina-Fort York
6634504,STR-2511-HZYHPZ,36 Zorra St,3306,M8Z,Apartment,3,Etobicoke-Lakeshore
6634505,STR-2511-FGHVPP,165 Legion Rd N,1421,M8Y,Apartment,3,Etobicoke-Lakeshore
6634506,STR-2511-FPPVPQ,15 Iceboat Ter,3112,M5V,Apartment,10,Spadina-Fort York
6634507,STR-2511-FWVVPR,15 Iceboat Ter,2302,M5V,Apartment,10,Spadina-Fort York
6634508,STR-2511-GFBVPS,352 Front St W,1516,M5V,Apartment,10,Spadina-Fort York
6634509,STR-2512-GMHVPT,754 Queen St E,1,M4M,Apartment,14,Toronto-Danforth
6634510,STR-2512-HCVVPW,591 Wellington St W,,M5V,Townhouse/ Row House,10,Spadina-Fort York
6634511,STR-2512-HLBVPX,160 Vanderhoof Ave,1208,M4G,Condominium,15,Don Valley West
6634512,STR-2512-FGYHPP,594 Dundas St W,2,M5T,Single/Semi-detached House,11,University-Rosedale
6634513,STR-2512-JBPVPZ,295 Davenport Rd,213,M5R,Condominium,11,University-Rosedale
6634514,STR-2512-FQFHPQ,300 Front St W,1010,M5V,Condominium,10,Spadina-Fort York
6634515,STR-2512-FXLHPR,302 Glebemount Ave,,M4C,Single/Semi-detached House,19,Beaches-East York
6634516,STR-2512-GFSHPS,463 St Clarens Ave,2,M6H,Single/Semi-detached House,9,Davenport
6634517,STR-2512-GMYHPT,34 Dundalk Dr,5,M1P,Townhouse/ Row House,21,Scarborough Centre
6634518,STR-2512-GWFHPV,261 Howland Ave,,M5R,Single/Semi-detached House,11,University-Rosedale
6634519,STR-2512-HDLHPW,11 Yorkville Ave,1105,M4W,Condominium,11,University-Rosedale
6634520,STR-2512-HTYHPY,106 Park St,,M1N,Single/Semi-detached House,20,Scarborough Southwest
6634521,STR-2512-JCFHPZ,5 Mabelle Ave,2934,M9A,Condominium,3,Etobicoke-Lakeshore
6634522,STR-2512-FHPVPP,251 Jarvis St,4807,M5B,Condominium,13,Toronto Centre
6634523,STR-2512-FQVVPQ,530 Dufferin St,,M6K,Single/Semi-detached House,9,Davenport
6634524,STR-2512-FYBVPR,85 Oakridge Dr,Lower,M1M,Single/Semi-detached House,20,Scarborough Southwest
6634525,STR-2512-GGHVPS,75 Portland St,607,M5V,Condominium,10,Spadina-Fort York
6634526,STR-2512-GWVVPV,5 Norbury Cres,,M1P,Single/Semi-detached House,21,Scarborough Centre
6634527,STR-2512-HFBVPW,151 Dan Leckie Way,1206,M5V,Condominium,10,Spadina-Fort York
6634528,STR-2512-HMHVPX,11 Fourteenth St,,M8V,Duplex/Triplex/Fourplex,3,Etobicoke-Lakeshore
6634529,STR-2512-HVPVPY,1412 Queen St W,A,M6K,Duplex/Triplex/Fourplex,4,Parkdale-High Park
6634530,STR-2512-FJFHPP,83 Lillian St,28,M4S,Condominium,12,Toronto-St. Paul's
6634531,STR-2512-JCVVPZ,491 Midland Ave,A,M1N,Single/Semi-detached House,20,Scarborough Southwest
6634532,STR-2512-FRLHPQ,130 Springhurst Ave,Lower,M6K,Duplex/Triplex/Fourplex,4,Parkdale-High Park
6634533,STR-2512-FYSHPR,50 Methuen Ave,,M6S,Single/Semi-detached House,4,Parkdale-High Park
6634534,STR-2512-GGYHPS,64 Thompson Ave,,M8Z,Single/Semi-detached House,3,Etobicoke-Lakeshore
6634535,STR-2512-GQFHPT,223 Shawnee Crcl,,M2H,Single/Semi-detached House,17,Don Valley North
6634536,STR-2512-GXLHPV,204 King Edward Ave,,M4C,Single/Semi-detached House,19,Beaches-East York
6634537,STR-2512-HFSHPW,181 Dovercourt Rd,G,M6J,Single/Semi-detached House,10,Spadina-Fort York
6634538,STR-2512-HMYHPX,151 Dan Leckie Way,312,M5V,Condominium,10,Spadina-Fort York
6634539,STR-2512-HWFHPY,151 Dan Leckie Way,540,M5V,Condominium,10,Spadina-Fort York
6634540,STR-2512-JDLHPZ,51 Risebrough Ave,Main,M2M,Single/Semi-detached House,18,Willowdale
6634541,STR-2512-FJVVPP,78 Sandy Haven Dr,,M1W,Single/Semi-detached House,22,Scarborough-Agincourt
6634542,STR-2512-FSBVPQ,14 York St,2310,M5J,Condominium,10,Spadina-Fort York
6634543,STR-2512-FZHVPR,54 Shaunavon Heights Cres,,M3A,Single/Semi-detached House,16,Don Valley East
6634544,STR-2512-GHPVPS,3421 Sheppard Ave E,315,M1T,Condominium,22,Scarborough-Agincourt
6634545,STR-2512-GQVVPT,55 Ann O'Reilly Rd,PH11,M2J,Condominium,17,Don Valley North
6634546,STR-2512-GYBVPV,151 Dan Leckie Way,1001,M5V,Condominium,10,Spadina-Fort York
6634547,STR-2512-HGHVPW,442 Queen St W,1,M5V,Apartment,10,Spadina-Fort York
6634548,STR-2512-HPPVPX,334 Chartland Blvd S,Bsmt,M1S,Single/Semi-detached House,23,Scarborough North
6634549,STR-2512-HWVVPY,22 Galley Ave,1,M6R,Duplex/Triplex/Fourplex,4,Parkdale-High Park
6634550,STR-2512-JFBVPZ,36 Zorra St,3407,M8Z,Condominium,3,Etobicoke-Lakeshore
6634551,STR-2512-FKLHPP,6 Rosebank Dr,LPH-G,M1B,Condominium,23,Scarborough North
6634552,STR-2512-FSSHPQ,85 Glengrove Ave W,,M4R,Single/Semi-detached House,8,Eglinton-Lawrence
6634553,STR-2512-FZYHPR,41 Beckett Ave,Main,M6L,Single/Semi-detached House,5,York South-Weston
6634554,STR-2512-GJFHPS,20 John St,924,M5V,Condominium,10,Spadina-Fort York
6634555,STR-2512-GRLHPT,46 Fourth St,,M8V,Single/Semi-detached House,3,Etobicoke-Lakeshore
6634556,STR-2512-GYSHPV,60 Princess St,1413,M5A,Condominium,13,Toronto Centre
6634557,STR-2512-HGYHPW,101 Peter St,3407,M5V,Condominium,10,Spadina-Fort York
6634558,STR-2512-HXLHPY,10 St Dennis Dr,733,M3C,Apartment,16,Don Valley East
6634559,STR-2512-FLBVPP,373 Apache Trl,,M2H,Single/Semi-detached House,17,Don Valley North
6634560,STR-2512-FTHVPQ,8 Fieldway Rd,303,M8Z,Condominium,3,Etobicoke-Lakeshore
6634561,STR-2512-GBPVPR,12 Rainsford Rd,,M4L,Single/Semi-detached House,19,Beaches-East York
6634562,STR-2512-GJVVPS,2191 Yonge St,802,M4S,Condominium,12,Toronto-St. Paul's
6634563,STR-2512-GSBVPT,101 Peter St,3611,M5V,Condominium,10,Spadina-Fort York
6634564,STR-2512-GZHVPV,208 Queens Quay W,3011,M5J,Condominium,10,Spadina-Fort York
6634565,STR-2512-HHPVPW,33 Dundonald St,5,M4Y,Townhouse/ Row House,13,Toronto Centre
6634566,STR-2512-HQVVPX,239 Gilmour Ave,B,M6P,Duplex/Triplex/Fourplex,4,Parkdale-High Park
6634567,STR-2512-HYBVPY,90 Glen Everest Rd,613,M1N,Condominium,20,Scarborough Southwest
6634568,STR-2512-JGHVPZ,45 Garthwood Dr,,M1K,Single/Semi-detached House,20,Scarborough Southwest
6634569,STR-2512-FLSHPP,30 Nelson St,1101,M5V,Condominium,10,Spadina-Fort York
6634570,STR-2512-FTYHPQ,3 Concord Cityplace Way,5301,M5V,Condominium,10,Spadina-Fort York
6634571,STR-2512-GKLHPS,36 Zorra St,3503,M8Z,Condominium,3,Etobicoke-Lakeshore
6634572,STR-2512-GSSHPT,151 Dan Leckie Way,203,M5V,Condominium,10,Spadina-Fort York
6634573,STR-2512-GZYHPV,15 Iceboat Ter,741,M5V,Condominium,10,Spadina-Fort York
6634574,STR-2512-HJFHPW,1502 King St W,3,M6K,Apartment,4,Parkdale-High Park
6634575,STR-2512-HRLHPX,57 Thornbeck Dr,,M1G,Single/Semi-detached House,24,Scarborough-Guildwood
6634576,STR-2512-HYSHPY,209 Fort York Blvd,163,M5V,Condominium,10,Spadina-Fort York
6634577,STR-2512-JGYHPZ,275 Riverside Dr,,M6S,Single/Semi-detached House,4,Parkdale-High Park
6634578,STR-2512-FFDBPP,155 Yorkville Ave,1704,M5R,Condominium,11,University-Rosedale
6634579,STR-2512-FMKBPQ,49 Huntley St,,M4Y,Townhouse/ Row House,13,Toronto Centre
6634580,STR-2512-FVRBPR,300 Front St W,2803,M5V,Condominium,10,Spadina-Fort York
6634581,STR-2512-GCXBPS,33 Gaiety Dr,,M1H,Single/Semi-detached House,21,Scarborough Centre
6634582,STR-2512-GLDBPT,151 Dan Leckie Way,251,M5V,Condominium,10,Spadina-Fort York
6634583,STR-2512-GTKBPV,106 Rajah St,1,M6A,Apartment,8,Eglinton-Lawrence
6634584,STR-2512-HBRBPW,251 Jarvis St,4814,M5B,Condominium,13,Toronto Centre
6634585,STR-2512-HZKBPZ,11 Yorkville Ave,4008,M4W,Condominium,11,University-Rosedale
6634586,STR-2512-FFTPPP,37 Margueretta St,1,M6K,Single/Semi-detached House,9,Davenport
6634587,STR-2512-FMZPPQ,36 Preston Rd,B1,M6E,Single/Semi-detached House,20,Scarborough Southwest
6634588,STR-2512-GDMPPS,1 Concord City Place Way,4001,M5V,Condominium,10,Spadina-Fort York
6634589,STR-2512-GLTPPT,47 Gloxinia Cres,,M1W,Single/Semi-detached House,22,Scarborough-Agincourt
6634590,STR-2512-GTZPPV,60 Princess St,207,M5A,Condominium,13,Toronto Centre
6634591,STR-2512-HCGPPW,384 Keewatin Ave,,M4P,Single/Semi-detached House,15,Don Valley West
6634592,STR-2512-HKMPPX,17 Zorra St,1302,M8Z,Condominium,3,Etobicoke-Lakeshore
6634593,STR-2512-HSTPPY,215 Fort York Blvd,1510,M5V,Condominium,10,Spadina-Fort York
6634594,STR-2512-HZZPPZ,560 Front St W,1123,M5V,Condominium,10,Spadina-Fort York
6634595,STR-2512-FGKBPP,38B Beachell St,,M1J,Townhouse/ Row House,24,Scarborough-Guildwood
6634596,STR-2512-FPRBPQ,6 Kirtling Pl,,M2L,Single/Semi-detached House,15,Don Valley West
6634597,STR-2512-FWXBPR,495 Logan Ave,601,M4K,Condominium,14,Toronto-Danforth
6634598,STR-2512-GFDBPS,300 Front St W,2001,M5V,Condominium,10,Spadina-Fort York
6634599,STR-2512-GMKBPT,20 John St,824,M5V,Apartment,10,Spadina-Fort York
6634600,STR-2512-GVRBPV,101 Peter St,2506,M5V,Condominium,10,Spadina-Fort York
6634601,STR-2512-HCXBPW,550 Dufferin St,2,M6K,Single/Semi-detached House,9,Davenport
6634602,STR-2512-HLDBPX,38 Annie Craig Dr,3802,M8V,Condominium,3,Etobicoke-Lakeshore
6634603,STR-2512-HTKBPY,890 Mount Pleasant Rd,1908,M4P,Apartment,12,Toronto-St. Paul's
6634604,STR-2512-FGZPPP,467 Richmond St E,Main,M5A,Single/Semi-detached House,13,Toronto Centre
6634605,STR-2512-FQGPPQ,300 Front St W,704,M5V,Condominium,10,Spadina-Fort York
6634606,STR-2512-GFTPPS,43 Harmony Ave,First Floor,M1K,Single/Semi-detached House,20,Scarborough Southwest
6634607,STR-2512-GMZPPT,30 Ordnance St,2606,M6K,Condominium,10,Spadina-Fort York
6634608,STR-2512-GWGPPV,69 Lynn Williams St,1510,M6K,Condominium,10,Spadina-Fort York
6634609,STR-2512-HDMPPW,231 Fort York Blvd,2005,M5V,Condominium,10,Spadina-Fort York
6634610,STR-2512-HLTPPX,151 Dan Leckie Way,557,M5V,Condominium,10,Spadina-Fort York
6634611,STR-2512-HTZPPY,37 Grosvenor St,809,M4Y,Condominium,13,Toronto Centre
6634612,STR-2512-FHRBPP,210 Victoria St,1812,M5B,Condominium,13,Toronto Centre
6634613,STR-2512-FQXBPQ,832 Bay St,4205,M5S,Apartment,11,University-Rosedale
6634614,STR-2512-GGKBPS,30 Nelson St,1007,M5V,Apartment,10,Spadina-Fort York
6634615,STR-2512-GWXBPV,21 Iceboat Ter,1808,M5V,Apartment,10,Spadina-Fort York
6634616,STR-2512-HFDBPW,28 Linden St,308,M4Y,Apartment,13,Toronto Centre
6634617,STR-2512-HMKBPX,10 Douro St,535,M6K,Townhouse/ Row House,10,Spadina-Fort York
6634618,STR-2512-HVRBPY,15 Iceboat Ter,539,M5V,Condominium,10,Spadina-Fort York
6634619,STR-2512-JCXBPZ,215 Fort York Blvd,702,M5V,Condominium,10,Spadina-Fort York
6634620,STR-2512-FJGPPP,110 Milton St,,M8Y,Single/Semi-detached House,3,Etobicoke-Lakeshore
6634621,STR-2512-FRMPPQ,77 Avenue Rd,415,M5R,Condominium,11,University-Rosedale
6634622,STR-2512-FYTPPR,151 Dan Leckie Way,338,M5V,Apartment,10,Spadina-Fort York
6634623,STR-2512-GGZPPS,120 Homewood Ave,1109,M4Y,Apartment,13,Toronto Centre
6634624,STR-2512-GQGPPT,101 Peter St,2311,M5V,Apartment,10,Spadina-Fort York
6634625,STR-2512-GXMPPV,383 Sorauren Ave,417,M6R,Apartment,4,Parkdale-High Park
6634626,STR-2512-HFTPPW,55 Triller Ave,205,M6R,Apartment,4,Parkdale-High Park
6634627,STR-2512-HMZPPX,210 Victoria St,805,M5B,Condominium,13,Toronto Centre
6634628,STR-2512-JDMPPZ,200 Bloor St W,1603,M5S,Apartment,11,University-Rosedale
6634629,STR-2512-FJXBPP,15 Iceboat Ter,3102,M5V,Condominium,10,Spadina-Fort York
6634630,STR-2512-FSDBPQ,88 Davenport Rd,1503,M5R,Apartment,11,University-Rosedale
6634631,STR-2512-FZKBPR,50 Prince Arthur Ave,301,M5R,Apartment,11,University-Rosedale
6634632,STR-2512-GHRBPS,36 Rolyat St,1,M6J,Single/Semi-detached House,10,Spadina-Fort York
6634633,STR-2512-GQXBPT,193 Christie St,1,M6G,Single/Semi-detached House,11,University-Rosedale
6634634,STR-2512-GYDBPV,57A Sumach St,,M5A,Single/Semi-detached House,13,Toronto Centre
6634635,STR-2512-HGKBPW,47 Soudan Ave,,M4S,Single/Semi-detached House,12,Toronto-St. Paul's
6634636,STR-2512-HWXBPY,210 Victoria St,3107,M5B,Condominium,13,Toronto Centre
6634637,STR-2512-JFDBPZ,60 Triller Ave,6,M6R,Apartment,4,Parkdale-High Park
6634638,STR-2512-FKMPPP,352 Front St W,318,M5V,Apartment,10,Spadina-Fort York
6634639,STR-2512-FSTPPQ,15 Iceboat Ter,938,M5V,Apartment,10,Spadina-Fort York
6634640,STR-2512-FZZPPR,352 Front St W,209,M5V,Apartment,10,Spadina-Fort York
6634641,STR-2512-GJGPPS,215 Fort York Blvd,2801,M5V,Condominium,10,Spadina-Fort York
6634642,STR-2512-GRMPPT,82 Rusty Crestway,,M2J,Condominium,17,Don Valley North
6634643,STR-2512-HQGPPX,43 Wales Ave,Laneway,M5T,Townhouse/ Row House,11,University-Rosedale
6634644,STR-2512-HXMPPY,562 Bathurst St,1,M5S,Apartment,11,University-Rosedale
6634645,STR-2512-JFTPPZ,65 Bremner Blvd,4508,M5J,Condominium,10,Spadina-Fort York
6634646,STR-2512-FTKBPQ,1369 Bloor St W,1409,M6P,Apartment,9,Davenport
6634647,STR-2512-GBRBPR,27 Brock Ave,205,M6K,Condominium,4,Parkdale-High Park
6634648,STR-2512-GJXBPS,2149 Danforth Ave,204,M4C,Condominium,19,Beaches-East York
6634649,STR-2512-GSDBPT,30 Nelson St,2110,M5V,Condominium,10,Spadina-Fort York
6634650,STR-2512-GZKBPV,70 Princess St,1627,M5A,Apartment,13,Toronto Centre
6634651,STR-2512-HHRBPW,21 Iceboat Ter,3203,M5V,Condominium,10,Spadina-Fort York
6634652,STR-2512-HQXBPX,1568 Dundas St E,,M4L,Single/Semi-detached House,14,Toronto-Danforth
6634653,STR-2512-JGKBPZ,32 Darnborough Way,,M1W,Single/Semi-detached House,22,Scarborough-Agincourt
6634654,STR-2512-FLTPPP,510 Queen St E,2,M5A,Single/Semi-detached House,13,Toronto Centre
6634655,STR-2512-FTZPPQ,965 Bloor St W,3,M6H,Apartment,9,Davenport
6634656,STR-2512-GCGPPR,300 Front St W,2705,M5V,Condominium,10,Spadina-Fort York
6634657,STR-2512-GKMPPS,832 Bay St,1104,M5S,Apartment,11,University-Rosedale
6634658,STR-2512-GSTPPT,151 Dan Leckie Way,2105,M5V,Apartment,10,Spadina-Fort York
6634659,STR-2512-GZZPPV,2 Milepost Pl,101,M4H,Apartment,15,Don Valley West
6634660,STR-2512-HJGPPW,28 Linden St,2107,M4Y,Condominium,13,Toronto Centre
6634661,STR-2512-HRMPPX,30 Nelson St,3306,M5V,Apartment,10,Spadina-Fort York
6634662,STR-2512-HYTPPY,101 Peter St,511,M5V,Apartment,10,Spadina-Fort York
6634663,STR-2512-JGZPPZ,16 McAdam Ave,310,M6A,Condominium,8,Eglinton-Lawrence
6634664,STR-2512-FDPYBP,1832 Dufferin St,1,M6E,Single/Semi-detached House,9,Davenport
6634665,STR-2512-FLVYBQ,599 Euclid Ave,,M6G,Single/Semi-detached House,11,University-Rosedale
6634666,STR-2512-FVBYBR,300 Front St W,906,M5V,Condominium,10,Spadina-Fort York
6634667,STR-2512-HJHYBX,276 Carlton St,,M5A,Townhouse/ Row House,13,Toronto Centre
6634668,STR-2512-GKPYBT,135 Lower Sherbourne St,1934,M5A,Apartment,13,Toronto Centre
6634669,STR-2512-GSVYBV,113 Yorkminster Rd,,M2P,Single/Semi-detached House,15,Don Valley West
6634670,STR-2512-HBBYBW,251 Jarvis St,1020,M5B,Condominium,13,Toronto Centre
6634671,STR-2512-HRPYBY,87 Oxford St,1,M5T,Duplex/Triplex/Fourplex,11,University-Rosedale
6634672,STR-2512-HYVYBZ,247 Ferris Rd,A,M4B,Duplex/Triplex/Fourplex,19,Beaches-East York
6634673,STR-2512-FFFLBP,101 Peter St,715,M5V,Condominium,10,Spadina-Fort York
6634674,STR-2512-FMLLBQ,101 Clearbrooke Crcl,,M9W,Single/Semi-detached House,1,Etobicoke North
6634675,STR-2512-FVSLBR,151 Avenue Rd,503,M5R,Apartment,11,University-Rosedale
6634676,STR-2512-GLFLBT,112 Waniska Ave,,M8Y,Single/Semi-detached House,3,Etobicoke-Lakeshore
6634677,STR-2512-GTLLBV,16 Delaney Cres,,M6K,Single/Semi-detached House,9,Davenport
6634678,STR-2512-HBSLBW,65 Bremner Blvd,3501,M5J,Condominium,10,Spadina-Fort York
6634679,STR-2512-HJYLBX,91A Claremont St,,M6J,Single/Semi-detached House,10,Spadina-Fort York
6634680,STR-2512-HSFLBY,99 Bellevue Ave,15,M5T,Apartment,11,University-Rosedale
6634681,STR-2512-HZLLBZ,151 Dan Leckie Way,1050,M5V,Condominium,10,Spadina-Fort York
6634682,STR-2512-FFVYBP,199 Richmond St W,2603,M5V,Condominium,10,Spadina-Fort York
6634683,STR-2512-FWHYBR,21 Iceboat Ter,3312,M5V,Apartment,10,Spadina-Fort York
6634684,STR-2512-GDPYBS,60 George Butchart Dr,421,M3K,Condominium,6,York Centre
6634685,STR-2512-GLVYBT,30 Nelson St,405,M5V,Apartment,10,Spadina-Fort York
6634686,STR-2512-GVBYBV,101 Peter St,3312,M5V,Apartment,10,Spadina-Fort York
6634687,STR-2512-HCHYBW,16 Seminole Ave,,M1J,Single/Semi-detached House,21,Scarborough Centre
6634688,STR-2512-HSVYBY,47 Tyre Ave,,M9B,Single/Semi-detached House,2,Etobicoke Centre
6634689,STR-2512-JBBYBZ,15 Rusholme Park Cres,3,M6J,Duplex/Triplex/Fourplex,9,Davenport
6634690,STR-2512-FGLLBP,55 Gerrard St W,911,M5G,Apartment,11,University-Rosedale
6634691,STR-2512-FPSLBQ,19 Valia Rd,,M1E,Single/Semi-detached House,25,Scarborough-Rouge Park
6634692,STR-2512-FWYLBR,352 Front St W,307,M5V,Apartment,10,Spadina-Fort York
6634693,STR-2512-GFFLBS,80 Western Battery Rd,204,M6K,Apartment,10,Spadina-Fort York
6634694,STR-2512-GMLLBT,15 Iceboat Ter,4210,M5V,Condominium,10,Spadina-Fort York
6634695,STR-2512-HCYLBW,251 Jarvis St,3909,M5B,Condominium,13,Toronto Centre
6634696,STR-2512-HLFLBX,101 Peter St,4008,M5V,Condominium,10,Spadina-Fort York
6634697,STR-2512-HTLLBY,650 Queens Quay W,703,M5V,Condominium,10,Spadina-Fort York
6634698,STR-2512-JBSLBZ,62 Prust Ave,B,M4L,Single/Semi-detached House,14,Toronto-Danforth
6634699,STR-2512-FQHYBQ,30 Nelson St,4001,M5V,Condominium,10,Spadina-Fort York
6634700,STR-2512-FXPYBR,1968 Bloor St W,3,M6P,Townhouse/ Row House,4,Parkdale-High Park
6634701,STR-2512-GFVYBS,270 Wellington St W,725,M5V,Condominium,10,Spadina-Fort York
6634702,STR-2512-GPBYBT,144 Hamilton St,,M4M,Single/Semi-detached House,14,Toronto-Danforth
6634703,STR-2512-HDPYBW,14 York St,3612,M5J,Condominium,10,Spadina-Fort York
6634704,STR-2512-HLVYBX,104 Hart Ave,,M1K,Single/Semi-detached House,20,Scarborough Southwest
6634705,STR-2512-HVBYBY,56 Allister Ave,,M1M,Single/Semi-detached House,20,Scarborough Southwest
6634706,STR-2512-JCHYBZ,209 Fort York Blvd,761,M5V,Condominium,10,Spadina-Fort York
6634707,STR-2512-FHSLBP,560 Front St W,915,M5V,Condominium,10,Spadina-Fort York
6634708,STR-2512-FQYLBQ,33 Dundalk Dr,8,M1P,Condominium,21,Scarborough Centre
6634709,STR-2512-FYFLBR,222 The Esplanade,1212,M5A,Condominium,13,Toronto Centre
6634710,STR-2512-GGLLBS,251 Jarvis St,2305,M5B,Condominium,13,Toronto Centre
6634711,STR-2512-GPSLBT,251 Jarvis St,3105,M5B,Condominium,13,Toronto Centre
6634712,STR-2512-HFFLBW,110 Broadway Ave,1807,M4P,Condominium,15,Don Valley West
6634713,STR-2512-HMLLBX,66 Elinor Ave,,M1R,Duplex/Triplex/Fourplex,21,Scarborough Centre
6634714,STR-2512-HVSLBY,215 Fort York Blvd,2510,M5V,Condominium,10,Spadina-Fort York
6634715,STR-2512-JCYLBZ,256 Montrose Ave,,M6G,Single/Semi-detached House,11,University-Rosedale
6634716,STR-2512-FJHYBP,21 Iceboat Ter,327,M5V,Apartment,10,Spadina-Fort York
6634717,STR-2512-FRPYBQ,832 Bay St,608,M5S,Apartment,11,University-Rosedale
6634718,STR-2512-FYVYBR,101 Peter St,601,M5V,Condominium,10,Spadina-Fort York
6634719,STR-2512-GHBYBS,300 Front St W,1208,M5V,Apartment,10,Spadina-Fort York
6634720,STR-2512-GQHYBT,21 Iceboat Ter,2205,M5V,Apartment,10,Spadina-Fort York
6634721,STR-2512-GXPYBV,300 Front St W,4409,M5V,Condominium,10,Spadina-Fort York
6634722,STR-2512-HFVYBW,2200 Lake Shore Blvd W,4303,M8V,Condominium,3,Etobicoke-Lakeshore
6634723,STR-2512-HWHYBY,955 Bay St,3805,M5S,Condominium,13,Toronto Centre
6634724,STR-2512-JDPYBZ,300 Front St W,509,M5V,Apartment,10,Spadina-Fort York
6634725,STR-2512-FJYLBP,832 Bay St,908,M5S,Apartment,11,University-Rosedale
6634726,STR-2512-FSFLBQ,151 Dan Leckie Way,1701,M5V,Apartment,10,Spadina-Fort York
6634727,STR-2512-FZLLBR,120 Homewood Ave,2805,M4Y,Apartment,13,Toronto Centre
6634728,STR-2512-GHSLBS,77 Avenue Rd,407,M5R,Apartment,11,University-Rosedale
6634729,STR-2512-GQYLBT,219 Dundas St E,509,M5A,Condominium,13,Toronto Centre
6634730,STR-2512-GYFLBV,30 Nelson St,215,M5V,Apartment,10,Spadina-Fort York
6634731,STR-2512-HGLLBW,21 Iceboat Ter,832,M5V,Apartment,10,Spadina-Fort York
6634732,STR-2512-HPSLBX,120 Homewood Ave,316,M4Y,Condominium,13,Toronto Centre
6634733,STR-2512-HWYLBY,24 Yonge Blvd,,M5M,Single/Semi-detached House,8,Eglinton-Lawrence
6634734,STR-2512-JFFLBZ,17 Strathallan Blvd,,M5N,Single/Semi-detached House,8,Eglinton-Lawrence
6634735,STR-2512-FKPYBP,37 Collinson Blvd,,M3H,Single/Semi-detached House,6,York Centre
6634736,STR-2512-FSVYBQ,15 Ellerslie Ave,3005,M2N,Condominium,18,Willowdale
6634737,STR-2512-GJHYBS,148 Neville Park Blvd,,M4E,Single/Semi-detached House,19,Beaches-East York
6634738,STR-2512-GBBYBR,300 Front St W,2013,M5V,Condominium,10,Spadina-Fort York
6634739,STR-2512-GRPYBT,21 Iceboat Ter,4709,M5V,Apartment,10,Spadina-Fort York
6634740,STR-2512-GYVYBV,300 Front St W,1703,M5V,Condominium,10,Spadina-Fort York
6634741,STR-2512-HHBYBW,101 Peter St,3606,M5V,Apartment,10,Spadina-Fort York
6634742,STR-2512-HXPYBY,36 Tennis Cres,2,M4K,Duplex/Triplex/Fourplex,14,Toronto-Danforth
6634743,STR-2512-JFVYBZ,832 Bay St,4106,M5S,Condominium,11,University-Rosedale
6634744,STR-2512-FLFLBP,199 Richmond St W,2506,M5V,Condominium,10,Spadina-Fort York
6634745,STR-2512-FTLLBQ,2508 Lake Shore Blvd W,C,M8V,Apartment,3,Etobicoke-Lakeshore
6634746,STR-2512-GBSLBR,120 Harrison Garden Blvd,1306,M2N,Condominium,18,Willowdale
6634747,STR-2512-GJYLBS,168 Ossington Ave,1,M6J,Duplex/Triplex/Fourplex,10,Spadina-Fort York
6634748,STR-2512-GZLLBV,58 Massey St,Main,M6J,Duplex/Triplex/Fourplex,10,Spadina-Fort York
6634749,STR-2512-HHSLBW,1376 Eglinton Ave W,,M6C,Townhouse/ Row House,8,Eglinton-Lawrence
6634750,STR-2512-HQYLBX,21 Iceboat Ter,1506,M5V,Condominium,10,Spadina-Fort York
6634751,STR-2512-HYFLBY,21 Iceboat Ter,533,M5V,Condominium,10,Spadina-Fort York
6634752,STR-2512-JGLLBZ,300 Front St W,3703,M5V,Apartment,10,Spadina-Fort York
6634753,STR-2512-FDRFBP,112 George St,1001,M5A,Apartment,13,Toronto Centre
6634754,STR-2512-FLXFBQ,21 Iceboat Ter,4103,M5V,Condominium,10,Spadina-Fort York
6634755,STR-2512-FVDFBR,101 Peter St,1706,M5V,Condominium,10,Spadina-Fort York
6634756,STR-2512-GCKFBS,21 Iceboat Ter,3306,M5V,Condominium,10,Spadina-Fort York
6634757,STR-2512-GKRFBT,300 Front St W,1401,M5V,Condominium,10,Spadina-Fort York
6634758,STR-2512-GSXFBV,151 Dan Leckie Way,905,M5V,Apartment,10,Spadina-Fort York
6634759,STR-2512-HJKFBX,101 Peter St,2109,M5V,Condominium,10,Spadina-Fort York
6634760,STR-2512-HRRFBY,155 Legion Rd N,2915,M8Y,Condominium,3,Etobicoke-Lakeshore
6634761,STR-2512-FFGSBP,60 Colborne St,2106,M5E,Condominium,13,Toronto Centre
6634762,STR-2512-FMMSBQ,219 Fort York Blvd,910,M5V,Condominium,10,Spadina-Fort York
6634763,STR-2512-FVTSBR,209 Fort York Blvd,862,M5V,Condominium,10,Spadina-Fort York
6634764,STR-2512-GCZSBS,15 Iceboat Ter,636,M5V,Condominium,10,Spadina-Fort York
6634765,STR-2512-GLGSBT,550 Queens Quay W,303,M5V,Condominium,10,Spadina-Fort York
6634766,STR-2512-GTMSBV,40 Scollard St,805,M5R,Apartment,11,University-Rosedale
6634767,STR-2512-HJZSBX,352 Front St W,301,M5V,Condominium,10,Spadina-Fort York
6634768,STR-2512-HSGSBY,1989 Dufferin St,2,M6E,Apartment,9,Davenport
6634769,STR-2512-HZMSBZ,122 Shaw St,2,M6J,Duplex/Triplex/Fourplex,10,Spadina-Fort York
6634770,STR-2512-FPDFBQ,347 Kingsdale Ave,,M2N,Single/Semi-detached House,18,Willowdale
6634771,STR-2512-FWKFBR,21 Iceboat Ter,4303,M5V,Apartment,10,Spadina-Fort York
6634772,STR-2512-GDRFBS,22 Glen Manor Dr,201,M4E,Single/Semi-detached House,19,Beaches-East York
6634773,STR-2512-GLXFBT,352 Front St W,315,M5V,Apartment,10,Spadina-Fort York
6634774,STR-2512-GVDFBV,101 Peter St,810,M5V,Condominium,10,Spadina-Fort York
6634775,STR-2512-HCKFBW,15 Iceboat Ter,233,M5V,Condominium,10,Spadina-Fort York
6634776,STR-2512-HKRFBX,600 Queens Quay W,312,M5V,Condominium,10,Spadina-Fort York
6634777,STR-2512-HSXFBY,151 Dan Leckie Way,221,M5V,Condominium,10,Spadina-Fort York
6634778,STR-2512-JBDFBZ,10 Capreol Crt,305,M5V,Condominium,10,Spadina-Fort York
6634779,STR-2512-FGMSBP,151 Cowan Ave,,M6K,Single/Semi-detached House,4,Parkdale-High Park
6634780,STR-2512-FPTSBQ,40 O'Shea Cres,,M2J,Single/Semi-detached House,17,Don Valley North
6634781,STR-2512-FWZSBR,30 Nelson St,2307,M5V,Apartment,10,Spadina-Fort York
6634782,STR-2512-GMMSBT,832 Bay St,3901,M5S,Condominium,11,University-Rosedale
6634783,STR-2512-GVTSBV,30 Gibbs Rd,1206,M9B,Condominium,2,Etobicoke Centre
6634784,STR-2512-HCZSBW,450 Walmer Rd,803,M5P,Apartment,12,Toronto-St. Paul's
6634785,STR-2512-HLGSBX,19 Lejune Rd,,M1T,Single/Semi-detached House,22,Scarborough-Agincourt
6634786,STR-2512-HTMSBY,21 Iceboat Ter,4710,M5V,Apartment,10,Spadina-Fort York
6634787,STR-2512-JBTSBZ,74 St Hubert Ave,,M4J,Single/Semi-detached House,14,Toronto-Danforth
6634788,STR-2512-FHDFBP,300 Front St W,1201,M5V,Condominium,10,Spadina-Fort York
6634789,STR-2512-FQKFBQ,31 Lakeview Ave,,M6J,Single/Semi-detached House,9,Davenport
6634790,STR-2512-FXRFBR,21 Iceboat Ter,2010,M5V,Apartment,10,Spadina-Fort York
6634791,STR-2512-GFXFBS,11 St Patricks Sq,1,M5T,Townhouse/ Row House,10,Spadina-Fort York
6634792,STR-2512-GPDFBT,60 Strathcona Ave,,M4J,Single/Semi-detached House,14,Toronto-Danforth
6634793,STR-2512-GWKFBV,11 Foundry Ave,231,M6H,Townhouse/ Row House,9,Davenport
6634794,STR-2512-HDRFBW,9 Craiglee Dr,,M1N,Single/Semi-detached House,20,Scarborough Southwest
6634795,STR-2512-HLXFBX,2636 Lake Shore Blvd W,Main,M8V,Single/Semi-detached House,3,Etobicoke-Lakeshore
6634796,STR-2512-HVDFBY,105 Isabella St,709,M4Y,Apartment,13,Toronto Centre
6634797,STR-2512-JCKFBZ,209 Fort York Blvd,671,M5V,Condominium,10,Spadina-Fort York
6634798,STR-2512-FHTSBP,151 Dan Leckie Way,720,M5V,Condominium,10,Spadina-Fort York
6634799,STR-2512-FQZSBQ,151 Dan Leckie Way,519,M5V,Condominium,10,Spadina-Fort York
6634800,STR-2512-FYGSBR,98 Berkshire Ave,,M4M,Single/Semi-detached House,14,Toronto-Danforth
6634801,STR-2512-GGMSBS,185 Oak Park Ave,,M4C,Single/Semi-detached House,19,Beaches-East York
6634802,STR-2512-GPTSBT,395 Bloor St E,5306,M4W,Condominium,13,Toronto Centre
6634803,STR-2512-HFGSBW,78 Dunn Ave,,M6K,Single/Semi-detached House,4,Parkdale-High Park
6634804,STR-2512-HMMSBX,38 Grenville St,2501,M4Y,Condominium,13,Toronto Centre
6634805,STR-2512-HVTSBY,179 Palmerston Ave,,M6J,Single/Semi-detached House,11,University-Rosedale
6634806,STR-2512-FJKFBP,31 Spindlewood Dr,,M2J,Single/Semi-detached House,17,Don Valley North
6634807,STR-2512-FRRFBQ,35 Wharton Sq,,M1V,Single/Semi-detached House,23,Scarborough North
6634808,STR-2512-FYXFBR,210 Victoria St,4112,M5B,Condominium,13,Toronto Centre
6634809,STR-2601-GHDFBS,269 Woodbine Ave,2,M4L,Duplex/Triplex/Fourplex,19,Beaches-East York
6634810,STR-2601-GQKFBT,211 Markham St,,M6J,Single/Semi-detached House,11,University-Rosedale
6634811,STR-2601-GXRFBV,21 Iceboat Ter,2602,M5V,Condominium,10,Spadina-Fort York
6634812,STR-2601-FZMSBR,20 John St,920,M5V,Condominium,10,Spadina-Fort York
6634813,STR-2601-HFXFBW,32 Guthrie Ave,,M8Y,Single/Semi-detached House,3,Etobicoke-Lakeshore
6634814,STR-2601-HWKFBY,65 Bremner Blvd,4901,M5J,Apartment,10,Spadina-Fort York
6634815,STR-2601-JDRFBZ,25 Soho St,314,M5T,Condominium,10,Spadina-Fort York
6634816,STR-2601-FJZSBP,251 Jarvis St,4606,M5B,Condominium,13,Toronto Centre
6634817,STR-2601-FSGSBQ,1577 Bloor St W,UPPER,M6P,Townhouse/ Row House,4,Parkdale-High Park
6634818,STR-2601-GHTSBS,103 Kildonan Dr,,M1N,Single/Semi-detached House,20,Scarborough Southwest
6634819,STR-2601-GQZSBT,359 Wolverleigh Blvd,,M4C,Single/Semi-detached House,19,Beaches-East York
6634820,STR-2601-GYGSBV,755 Palmerston Ave,,M6G,Single/Semi-detached House,11,University-Rosedale
6634821,STR-2601-HGMSBW,251 Jarvis St,1007,M5B,Condominium,13,Toronto Centre
6634822,STR-2601-HPTSBX,80 Western Battery Rd,804,M6K,Condominium,10,Spadina-Fort York
6634823,STR-2601-JFGSBZ,46 Hay Ave,4,M8Z,Apartment,3,Etobicoke-Lakeshore
6634824,STR-2601-GBDFBR,501 Yonge St,4901,M4Y,Condominium,13,Toronto Centre
6634825,STR-2601-GJKFBS,138 Confederation Dr,,M1G,Apartment,24,Scarborough-Guildwood
6634826,STR-2601-GRRFBT,3 Belper Crt,,M4A,Condominium,16,Don Valley East
6634827,STR-2601-FTMSBQ,65 Bremner Blvd,2906,M5J,Condominium,10,Spadina-Fort York
6634828,STR-2601-GYXFBV,209 Fort York Blvd,1659,M5V,Condominium,10,Spadina-Fort York
6634829,STR-2601-HHDFBW,1264 Bloor St W,2B,M6H,Apartment,9,Davenport
6634830,STR-2601-HQKFBX,1717 Dundas St E,,M4L,Single/Semi-detached House,14,Toronto-Danforth
6634831,STR-2601-HXRFBY,88 Van Horne Ave,1st Floor,M2J,Single/Semi-detached House,17,Don Valley North
6634832,STR-2601-JFXFBZ,234 Seaton St,2,M5A,Duplex/Triplex/Fourplex,13,Toronto Centre
6634833,STR-2601-FLGSBP,70 Green Gardens Blvd,5B,M6A,Townhouse/ Row House,8,Eglinton-Lawrence
6634834,STR-2601-GBTSBR,80 Western Battery Rd,605,M6K,Condominium,10,Spadina-Fort York
6634835,STR-2601-GJZSBS,44 Gorsey Sq,,M1B,Single/Semi-detached House,23,Scarborough North
6634836,STR-2601-GSGSBT,955 Bay St,1820,M5S,Condominium,13,Toronto Centre
6634837,STR-2601-GZMSBV,101 Peter St,1508,M5V,Condominium,10,Spadina-Fort York
6634838,STR-2601-HHTSBW,32 Omagh Ave,,M9M,Single/Semi-detached House,7,Humber River-Black Creek
6634839,STR-2601-HYGSBY,117 Ruscica Dr,,M4A,Single/Semi-detached House,16,Don Valley East
6634840,STR-2601-JGMSBZ,700 Sheppard Ave W,613,M3H,Condominium,6,York Centre
6634841,STR-2601-FDSLBP,155 Yorkville Ave,1804,M5R,Condominium,11,University-Rosedale
6634842,STR-2601-FLYLBQ,38 Warbeck Pl,,M9R,Single/Semi-detached House,2,Etobicoke Centre
6634843,STR-2601-FVFLBR,51 Elfreda Blvd,,M1L,Single/Semi-detached House,20,Scarborough Southwest
6634844,STR-2601-GCLLBS,3 Concord Cityplace Way,3205,M5V,Condominium,10,Spadina-Fort York
6634845,STR-2601-GKSLBT,63 Darlingside Dr,,M1E,Single/Semi-detached House,25,Scarborough-Rouge Park
6634846,STR-2601-GSYLBV,78 Tecumseth St,1003,M5V,Condominium,10,Spadina-Fort York
6634847,STR-2601-HBFLBW,155 Yorkville Ave,2707,M5R,Condominium,11,University-Rosedale
6634848,STR-2601-HJLLBX,161 Manning Ave,BASEMENT,M6J,Duplex/Triplex/Fourplex,10,Spadina-Fort York
6634849,STR-2601-HYYLBZ,217 Kingston Rd,1,M4L,Duplex/Triplex/Fourplex,19,Beaches-East York
6634850,STR-2601-FFHYBP,100 Western Battery Rd,424,M6K,Condominium,10,Spadina-Fort York
6634851,STR-2601-FMPYBQ,12 York St,2804,M5J,Condominium,10,Spadina-Fort York
6634852,STR-2601-FVVYBR,88 Sheppard Ave E,2806,M2N,Condominium,18,Willowdale
6634853,STR-2601-GDBYBS,25 Nicholas Ave,2309,M5A,Apartment,13,Toronto Centre
6634854,STR-2601-GLHYBT,51 Major St,Main Floor,M5S,Townhouse/ Row House,11,University-Rosedale
6634855,STR-2601-GTPYBV,55 Parker Ave,,M8Z,Single/Semi-detached House,3,Etobicoke-Lakeshore
6634856,STR-2601-HBVYBW,41 South Kingsway,,M6S,Single/Semi-detached House,4,Parkdale-High Park
6634857,STR-2601-HKBYBX,188 Cumberland St,1603,M5R,Condominium,11,University-Rosedale
6634858,STR-2601-HSHYBY,299 Campbell Ave,908,M6P,Apartment,9,Davenport
6634859,STR-2601-HZPYBZ,36 Zorra St,504,M8Z,Condominium,3,Etobicoke-Lakeshore
6634860,STR-2601-FFYLBP,300 Front St W,1211,M5V,Condominium,10,Spadina-Fort York
6634861,STR-2601-FPFLBQ,66 Portland St,606,M5V,Condominium,10,Spadina-Fort York
6634862,STR-2601-FWLLBR,801 The Queensway,812,M8Z,Condominium,3,Etobicoke-Lakeshore
6634863,STR-2601-GDSLBS,238 Seaton St,,M5A,Single/Semi-detached House,13,Toronto Centre
6634864,STR-2601-GLYLBT,560 Front St W,1018,M5V,Condominium,10,Spadina-Fort York
6634865,STR-2601-HCLLBW,24 Palacky St,,M1G,Single/Semi-detached House,24,Scarborough-Guildwood
6634866,STR-2601-JBFLBZ,300 Front St W,4303,M5V,Condominium,10,Spadina-Fort York
6634867,STR-2601-FGPYBP,155 Brooke Ave,,M5M,Single/Semi-detached House,8,Eglinton-Lawrence
6634868,STR-2601-FXBYBR,170 Bayview Ave,2702,M5A,Condominium,13,Toronto Centre
6634869,STR-2601-FPVYBQ,21 Iceboat Ter,1212,M5V,Condominium,10,Spadina-Fort York
6634870,STR-2601-GFHYBS,300 Front St W,3605,M5V,Condominium,10,Spadina-Fort York
6634871,STR-2601-GMPYBT,69 Tilden Cres,,M9P,Single/Semi-detached House,2,Etobicoke Centre
6634872,STR-2601-HDBYBW,836 Windermere Ave,1,M6S,Duplex/Triplex/Fourplex,4,Parkdale-High Park
6634873,STR-2601-HLHYBX,69 Cayuga Ave,,M6N,Single/Semi-detached House,5,York South-Weston
6634874,STR-2601-HTPYBY,132 Berkeley St,519,M5A,Condominium,13,Toronto Centre
6634875,STR-2601-FHFLBP,1031 Davenport Rd,,M6G,Single/Semi-detached House,12,Toronto-St. Paul's
6634876,STR-2601-FQLLBQ,171 Clonmore Dr,,M1N,Single/Semi-detached House,20,Scarborough Southwest
6634877,STR-2601-FXSLBR,9 Elm Grove Ave,1,M6K,Duplex/Triplex/Fourplex,4,Parkdale-High Park
6634878,STR-2601-GFYLBS,209 Fort York Blvd,975,M5V,Condominium,10,Spadina-Fort York
6634879,STR-2601-GPFLBT,1228 Victoria Park Ave,,M4B,Single/Semi-detached House,19,Beaches-East York
6634880,STR-2601-HDSLBW,251 Silverthorn Ave,1,M6N,Duplex/Triplex/Fourplex,9,Davenport
6634881,STR-2601-GWLLBV,36 Tarragona Blvd,,M6N,Single/Semi-detached House,5,York South-Weston
6634882,STR-2601-HLYLBX,18 Yonge St,2404,M5E,Condominium,10,Spadina-Fort York
6634883,STR-2601-JCLLBZ,39 Craven Rd,,M4L,Single/Semi-detached House,14,Toronto-Danforth
6634884,STR-2601-FHVYBP,15 Iceboat Ter,242C,M5V,Condominium,10,Spadina-Fort York
6634885,STR-2601-FYHYBR,4 Thelmere Pl,,M9R,Single/Semi-detached House,2,Etobicoke Centre
6634886,STR-2601-FRBYBQ,155 Legion Rd N,2913,M8Y,Condominium,3,Etobicoke-Lakeshore
6634887,STR-2601-GGPYBS,589 Pape Ave,A,M4K,Single/Semi-detached House,14,Toronto-Danforth
6634888,STR-2601-GXBYBV,30 Shore Breeze Dr,3422,M8V,Condominium,3,Etobicoke-Lakeshore
6634889,STR-2601-HFHYBW,54 Batavia Ave,B,M6N,Single/Semi-detached House,5,York South-Weston
6634890,STR-2601-HMPYBX,12 York St,3204,M5J,Condominium,10,Spadina-Fort York
6634891,STR-2601-HVVYBY,32 Harrington Cres,SUITE B,M2M,Single/Semi-detached House,17,Don Valley North
6634892,STR-2601-JDBYBZ,116 George St,N507,M5A,Condominium,13,Toronto Centre
6634893,STR-2601-FJLLBP,171 Munro St,Basement,M4M,Single/Semi-detached House,14,Toronto-Danforth
6634894,STR-2601-GQLLBT,12 York St,2011,M5J,Condominium,10,Spadina-Fort York
6634895,STR-2601-GXSLBV,251 Jarvis St,2112,M5B,Condominium,13,Toronto Centre
6634896,STR-2601-HFYLBW,218 Melita Ave,,M6G,Single/Semi-detached House,12,Toronto-St. Paul's
6634897,STR-2601-HWLLBY,19 Beckenham Crt,,M9C,Single/Semi-detached House,2,Etobicoke Centre
6634898,STR-2601-JDSLBZ,14 York St,2306,M5J,Condominium,10,Spadina-Fort York
6634899,STR-2601-FKBYBP,158 Main St,100A,M4E,Apartment,19,Beaches-East York
6634900,STR-2601-FSHYBQ,250 Wellington St W,1033,M5V,Condominium,10,Spadina-Fort York
6634901,STR-2601-FZPYBR,11 Sulgrave Cres,,M2L,Single/Semi-detached House,15,Don Valley West
6634902,STR-2601-GHVYBS,59 Joanith Dr,,M4B,Single/Semi-detached House,19,Beaches-East York
6634903,STR-2601-GRBYBT,55 Bremner Blvd,3207,M5J,Condominium,10,Spadina-Fort York
6634904,STR-2601-GYHYBV,7 Forty First St,,M8W,Single/Semi-detached House,3,Etobicoke-Lakeshore
6634905,STR-2601-HPVYBX,87 Oxford St,2,M5T,Single/Semi-detached House,11,University-Rosedale
6634906,STR-2601-HXBYBY,96 Marbury Cres,,M3A,Single/Semi-detached House,16,Don Valley East
6634907,STR-2601-JFHYBZ,176 Patricia Ave,,M2M,Single/Semi-detached House,18,Willowdale
6634908,STR-2601-FKSLBP,12 Munford Cres,,M4B,Single/Semi-detached House,19,Beaches-East York
6634909,STR-2601-FSYLBQ,97 Kalmar Avenue,,M1N,Single/Semi-detached House,20,Scarborough Southwest
6634910,STR-2601-GBFLBR,108 Mimico Ave,,M8V,Single/Semi-detached House,3,Etobicoke-Lakeshore
6634911,STR-2601-GJLLBS,540 Old Weston Rd,3,M6N,Duplex/Triplex/Fourplex,9,Davenport
6634912,STR-2601-GRSLBT,20 Moonstone Byway,170,M2H,Condominium,17,Don Valley North
6634913,STR-2601-GYYLBV,482 Summerhill Ave,,M4W,Single/Semi-detached House,11,University-Rosedale
6634914,STR-2601-HHFLBW,38 Earl St,5,M4Y,Townhouse/ Row House,13,Toronto Centre
6634915,STR-2601-HQLLBX,3421 Sheppard Ave E,101,M1T,Condominium,22,Scarborough-Agincourt
6634916,STR-2601-HXSLBY,251 Jarvis St,1124,M5B,Condominium,13,Toronto Centre
6634917,STR-2601-JFYLBZ,14 York St,311,M5J,Condominium,10,Spadina-Fort York
6634918,STR-2601-FLHYBP,3427 Sheppard Ave E,101,M1T,Condominium,22,Scarborough-Agincourt
6634919,STR-2601-GSHYBT,14 York St,4712,M5J,Condominium,10,Spadina-Fort York
6634920,STR-2601-GZPYBV,1 Concord Cityplace Way,6202,M5V,Condominium,10,Spadina-Fort York
6634921,STR-2601-HHVYBW,219 Fort York Blvd,3309,M5V,Condominium,10,Spadina-Fort York
6634922,STR-2601-HYHYBY,540 Old Weston Rd,2,M6N,Townhouse/ Row House,9,Davenport
6634923,STR-2601-JGPYBZ,736 Bay St,902,M5G,Condominium,11,University-Rosedale
6634924,STR-2601-FVGSBR,215 Fort York Blvd,507,M5V,Condominium,10,Spadina-Fort York
6634925,STR-2601-GCMSBS,3 Concord Cityplace Way,7902,M5V,Condominium,10,Spadina-Fort York
6634926,STR-2601-GSZSBV,28 Eastern Ave,303,M5A,Condominium,13,Toronto Centre
6634927,STR-2601-HBGSBW,38 Dan Leckie Way,308,M5V,Condominium,10,Spadina-Fort York
6634928,STR-2601-HRTSBY,168 Clonmore Dr,15,M1N,Townhouse/ Row House,20,Scarborough Southwest
6634929,STR-2601-HYZSBZ,262 Beatrice St,B,M6G,Townhouse/ Row House,11,University-Rosedale
6634930,STR-2601-FMRFBQ,223 High Park Ave,Ground,M6P,Duplex/Triplex/Fourplex,4,Parkdale-High Park
6634931,STR-2601-GLKFBT,199 Pemberton Ave,,M2M,Single/Semi-detached House,18,Willowdale
6634932,STR-2601-GTRFBV,39 Queens Quay E,830,M5E,Condominium,10,Spadina-Fort York
6634933,STR-2601-HBXFBW,42 Normandy Blvd,A,M4L,Single/Semi-detached House,19,Beaches-East York
6634934,STR-2601-HSKFBY,1 Highcourt Cres,,M1H,Single/Semi-detached House,24,Scarborough-Guildwood
6634935,STR-2601-HZRFBZ,28 Howard St,3,M4X,Single/Semi-detached House,13,Toronto Centre
6634936,STR-2601-FFZSBP,44 Greendale Ave,,M6N,Single/Semi-detached House,5,York South-Weston
6634937,STR-2601-FPGSBQ,28 Victoria St,,M8V,Single/Semi-detached House,3,Etobicoke-Lakeshore
6634938,STR-2601-FWMSBR,151 St Clarens Ave,,M6K,Duplex/Triplex/Fourplex,9,Davenport
6634939,STR-2601-GLZSBT,15R Amherst Ave,,M6E,Single/Semi-detached House,12,Toronto-St. Paul's
6634940,STR-2601-HKTSBX,65 Bremner Blvd,2806,M5J,Condominium,10,Spadina-Fort York
6634941,STR-2601-HSZSBY,12 Tefft Rd,Unit B,M1E,Single/Semi-detached House,25,Scarborough-Rouge Park
6634942,STR-2601-JBGSBZ,17 Grafton Ave,Unit B,M6R,Duplex/Triplex/Fourplex,4,Parkdale-High Park
6634943,STR-2601-FXDFBR,3 Rusholme Park Cres,,M6J,Single/Semi-detached House,9,Davenport
6634944,STR-2601-GMRFBT,43 McManus Rd,,M9P,Single/Semi-detached House,2,Etobicoke Centre
6634945,STR-2601-GVXFBV,2130 Bayview Ave,,M4N,Townhouse/ Row House,15,Don Valley West
6634946,STR-2601-HDDFBW,378 Hounslow Ave,,M2R,Single/Semi-detached House,18,Willowdale
6634947,STR-2601-HLKFBX,795C Manning Ave,,M6G,Single/Semi-detached House,11,University-Rosedale
6634948,STR-2601-HTRFBY,215 Fort York Blvd,2812,M5V,Condominium,10,Spadina-Fort York
6634949,STR-2601-JBXFBZ,52 Woodycrest Ave,,M4J,Single/Semi-detached House,14,Toronto-Danforth
6634950,STR-2601-FHGSBP,56 Leafield Dr,,M1W,Single/Semi-detached House,22,Scarborough-Agincourt
6634951,STR-2601-FQMSBQ,37 Dee Ave,,M9N,Single/Semi-detached House,5,York South-Weston
6634952,STR-2601-FXTSBR,108 Brian Dr,,M2J,Single/Semi-detached House,17,Don Valley North
6634953,STR-2601-GFZSBS,3 Savoy Ave,,M4C,Single/Semi-detached House,19,Beaches-East York
6634954,STR-2601-GPGSBT,98 Fenelon Dr,UNIT Ground,M3A,Duplex/Triplex/Fourplex,16,Don Valley East
6634955,STR-2601-GWMSBV,181 Balmoral Ave,,M4V,Single/Semi-detached House,12,Toronto-St. Paul's
6634956,STR-2601-HDTSBW,33 Andona Cres,,M1C,Single/Semi-detached House,25,Scarborough-Rouge Park
6634957,STR-2601-HLZSBX,19 Runnymede Rd S,,M6S,Single/Semi-detached House,4,Parkdale-High Park
6634958,STR-2601-HVGSBY,3079 Pharmacy Ave,Unit 24,M1W,Townhouse/ Row House,22,Scarborough-Agincourt
6634959,STR-2601-FHXFBP,56 Crendon Dr,,M9C,Single/Semi-detached House,2,Etobicoke Centre
6634960,STR-2601-FRDFBQ,90 Eleventh St,R,M8V,Single/Semi-detached House,3,Etobicoke-Lakeshore
6634961,STR-2601-FYKFBR,457 Margueretta St,,M6H,Single/Semi-detached House,9,Davenport
6634962,STR-2601-GGRFBS,18 Yonge St,1410,M5E,Condominium,10,Spadina-Fort York
6634963,STR-2601-GPXFBT,196 Hillcrest Ave,Main,M2N,Single/Semi-detached House,18,Willowdale
6634964,STR-2601-GXDFBV,115 Coleman Ave,,M4C,Single/Semi-detached House,19,Beaches-East York
6634965,STR-2601-HFKFBW,148 Roywood Dr,,M3A,Single/Semi-detached House,16,Don Valley East
6634966,STR-2601-HMRFBX,170 Cummer Ave,,M2M,Single/Semi-detached House,18,Willowdale
6634967,STR-2601-JDDFBZ,57 Medina Cres,,M1K,Single/Semi-detached House,21,Scarborough Centre
6634968,STR-2601-FJMSBP,2 Keane Ave,,M9B,Single/Semi-detached House,2,Etobicoke Centre
6634969,STR-2601-FRTSBQ,82 Dombey Rd,,M3L,Single/Semi-detached House,6,York Centre
6634970,STR-2601-FYZSBR,20A Lavinia Avenue,,M6S,Single/Semi-detached House,4,Parkdale-High Park
6634971,STR-2601-GHGSBS,801 The Queensway,416,M8Z,Condominium,3,Etobicoke-Lakeshore
6634972,STR-2601-GQMSBT,119 Rochman Blvd,,M1H,Single/Semi-detached House,24,Scarborough-Guildwood
6634973,STR-2601-GXTSBV,15 Quinan Dr,,M6L,Single/Semi-detached House,5,York South-Weston
6634974,STR-2601-HFZSBW,87 Harlandale AVe,,M2N,Duplex/Triplex/Fourplex,18,Willowdale
6634975,STR-2602-HPGSBX,81 Buttonwood Ave,,M6M,Single/Semi-detached House,5,York South-Weston
6634976,STR-2602-HWMSBY,156 Palmerston Ave,,M6J,Single/Semi-detached House,10,Spadina-Fort York
6634977,STR-2602-JDTSBZ,26 Lightwood Dr,,M9V,Single/Semi-detached House,1,Etobicoke North
6634978,STR-2602-FKDFBP,5A Thirty First St,,M8W,Single/Semi-detached House,3,Etobicoke-Lakeshore
6634979,STR-2602-FSKFBQ,500 Sherbourne St,510,M4X,Condominium,13,Toronto Centre
6634980,STR-2602-FZRFBR,300 Front St W,4305,M5V,Condominium,10,Spadina-Fort York
6634981,STR-2602-GHXFBS,27 Afton Ave,,M6J,Townhouse/ Row House,9,Davenport
6634982,STR-2602-GRDFBT,151 Dan Leckie Way,621,M5V,Condominium,10,Spadina-Fort York
6634983,STR-2602-HXDFBY,7A Claremont St,,M6J,Townhouse/ Row House,10,Spadina-Fort York
6634984,STR-2602-GYKFBV,219 Fort York Blvd,409,M5V,Condominium,10,Spadina-Fort York
6634985,STR-2602-HGRFBW,892 Queen St E,a,M4M,Apartment,14,Toronto-Danforth
6634986,STR-2602-HPXFBX,168 Simcoe St,318,M5H,Condominium,10,Spadina-Fort York
6634987,STR-2602-FKTSBP,1989 Dufferin St,AP 3,M6E,Apartment,9,Davenport
6634988,STR-2602-FSZSBQ,14 York St,3412,M5J,Condominium,10,Spadina-Fort York
6634989,STR-2602-GBGSBR,251 Jarvis St,1516,M5B,Condominium,13,Toronto Centre
6634990,STR-2602-GJMSBS,3311 Bathurst St,606,M6A,Apartment,8,Eglinton-Lawrence
6634991,STR-2602-GRTSBT,300 Front St W,3014,M5V,Condominium,10,Spadina-Fort York
6634992,STR-2602-GYZSBV,68 Marion St,2nd floor,M6R,Single/Semi-detached House,4,Parkdale-High Park
6634993,STR-2602-HHGSBW,381 St Clarens Ave,Unit C,M6H,Duplex/Triplex/Fourplex,9,Davenport
6634994,STR-2602-HQMSBX,199 Richmond St W,2009,M5V,Condominium,10,Spadina-Fort York
6634995,STR-2602-HXTSBY,89 Church St,3304,M5C,Condominium,13,Toronto Centre
6634996,STR-2602-FTRFBQ,10 Park Lawn Rd,1108,M8V,Condominium,3,Etobicoke-Lakeshore
6634997,STR-2602-JFZSBZ,30 Shore Breeze Dr,710,M8V,Condominium,3,Etobicoke-Lakeshore
6634998,STR-2602-FLKFBP,251 Jarvis St,1635,M5B,Condominium,13,Toronto Centre
6634999,STR-2602-GBXFBR,141 Gough Ave,Unit 3,M4K,Duplex/Triplex/Fourplex,14,Toronto-Danforth
6635000,STR-2602-GKDFBS,44 St Annes Rd,,M6J,Single/Semi-detached House,9,Davenport
6635001,STR-2602-GSKFBT,2264 Lake Shore Blvd W,44,M8V,Townhouse/ Row House,3,Etobicoke-Lakeshore
6635002,STR-2602-HHXFBW,18 Yonge St,2603,M5E,Condominium,10,Spadina-Fort York
6635003,STR-2602-HRDFBX,148 Macpherson Ave,,M5R,Single/Semi-detached House,11,University-Rosedale
6635004,STR-2602-GKVYBT,36 Madawaska Ave,,M2M,Single/Semi-detached House,18,Willowdale
6635005,STR-2602-JGRFBZ,251 Jarvis st,411,M5B,Condominium,13,Toronto Centre
6635006,STR-2602-FDVYBP,36 Zorra St,411,M8Z,Condominium,3,Etobicoke-Lakeshore
6635007,STR-2602-FMBYBQ,55 Bloor St E,503,M4W,Condominium,11,University-Rosedale
6635008,STR-2602-FVHYBR,188 Cumberland St,606,M5R,Condominium,11,University-Rosedale
6635009,STR-2602-GCPYBS,80 Western Battery Rd,411,M6K,Condominium,10,Spadina-Fort York
6635010,STR-2602-GTBYBV,8 Widmer St,3105,M5V,Condominium,10,Spadina-Fort York
6635011,STR-2602-HBHYBW,251 Jarvis St,2408,M5B,Apartment,13,Toronto Centre
6635012,STR-2602-HJPYBX,146 Strachan Ave,,M6J,Single/Semi-detached House,10,Spadina-Fort York
6635013,STR-2602-HRVYBY,955 Bay St,812,M5S,Condominium,13,Toronto Centre
6635014,STR-2602-HZBYBZ,6 Creekwood Dr,,M1E,Single/Semi-detached House,24,Scarborough-Guildwood
6635015,STR-2602-FFLLBP,300 Front St W,2513,M5V,Condominium,10,Spadina-Fort York
6635016,STR-2602-FMSLBQ,80 Western Battery Rd,8,M6K,Condominium,10,Spadina-Fort York
6635017,STR-2602-GDFLBS,101 Peter St,1806,M5V,Condominium,10,Spadina-Fort York
6635018,STR-2602-GLLLBT,231 Fort York Blvd,1606,M5V,Condominium,10,Spadina-Fort York
6635019,STR-2602-HBYLBW,14 York St,3501,M5J,Condominium,10,Spadina-Fort York
6635020,STR-2602-HKFLBX,41 Beatrice St,Unit C,M6J,Duplex/Triplex/Fourplex,11,University-Rosedale
6635021,STR-2602-HZSLBZ,210 Victoria St,2103,M5B,Condominium,13,Toronto Centre
6635022,STR-2602-FGBYBP,209 Fort York Blvd,470,M5V,Condominium,10,Spadina-Fort York
6635023,STR-2602-FPHYBQ,135 Lower Sherbourne St,868,M5A,Condominium,13,Toronto Centre
6635024,STR-2602-FWPYBR,300 Front St W,2208,M5V,Condominium,10,Spadina-Fort York
6635025,STR-2602-GDVYBS,89 Dunfield Ave,1305,M4S,Condominium,12,Toronto-St. Paul's
6635026,STR-2602-GVHYBV,1008 Queen St E,A,M4M,Apartment,14,Toronto-Danforth
6635027,STR-2602-HKVYBX,832 Bay St,1401,M5S,Condominium,11,University-Rosedale
6635028,STR-2602-HCPYBW,300 Front St W,1811,M5V,Condominium,10,Spadina-Fort York
6635029,STR-2602-HTBYBY,21 Iceboat Ter,4502,M5V,Condominium,10,Spadina-Fort York
6635030,STR-2602-JBHYBZ,300 Front St W,1610,M5V,Condominium,10,Spadina-Fort York
6635031,STR-2602-FGSLBP,300 Front St W,2804,M5V,Condominium,10,Spadina-Fort York
6635032,STR-2602-FPYLBQ,300 Front St W,2302,M5V,Condominium,10,Spadina-Fort York
6635033,STR-2602-FXFLBR,832 Bay St,3802,M5S,Condominium,11,University-Rosedale
6635034,STR-2602-GFLLBS,501 Yonge St,3501,M4Y,Condominium,13,Toronto Centre
6635035,STR-2602-GMSLBT,30 Samuel Wood Way,1902,M9B,Condominium,3,Etobicoke-Lakeshore
6635036,STR-2602-GVYLBV,33 Burnaby Blvd,,M4R,Single/Semi-detached House,8,Eglinton-Lawrence
6635037,STR-2602-HDFLBW,45 Abbeywood Trl,,M3B,Single/Semi-detached House,15,Don Valley West
6635038,STR-2602-HLLLBX,832 Bay St,201,M5S,Condominium,11,University-Rosedale
6635039,STR-2602-HTSLBY,32 Pringdale Gardens Crcl,,M1J,Townhouse/ Row House,21,Scarborough Centre
6635040,STR-2602-JBYLBZ,21 Iceboat Ter,330,M5V,Condominium,10,Spadina-Fort York
6635041,STR-2602-HDXFBW,2 Anndale Dr,1604,M2N,Condominium,18,Willowdale
6635042,STR-2602-FHHYBP,60 Emmett Ave,Upper,M6M,Single/Semi-detached House,5,York South-Weston
6635043,STR-2602-FQPYBQ,251 Jarvis St,3207,M5B,Condominium,13,Toronto Centre
6635044,STR-2602-GGBYBS,66 Silverthorn Ave,Main,M6N,Single/Semi-detached House,9,Davenport
6635045,STR-2602-GPHYBT,19 Janellan Ter,,M1E,Single/Semi-detached House,25,Scarborough-Rouge Park
6635046,STR-2602-GWPYBV,38 Grenville St,903,M4Y,Apartment,13,Toronto Centre
6635047,STR-2602-HDVYBW,215 Fort York Blvd,1011,M5V,Condominium,10,Spadina-Fort York
6635048,STR-2602-HMBYBX,95 Edinborough Crt,BSMT,M6N,Single/Semi-detached House,5,York South-Weston
6635049,STR-2602-HVHYBY,109 Spadina Rd,1,M5R,Duplex/Triplex/Fourplex,11,University-Rosedale
6635050,STR-2602-JCPYBZ,155 Legion Rd N,1102,M8Y,Condominium,3,Etobicoke-Lakeshore
6635051,STR-2602-FHYLBP,560 Front St W,419,M5V,Condominium,10,Spadina-Fort York
6635052,STR-2602-FYLLBR,38 Iannuzzi St,1801,M5V,Condominium,10,Spadina-Fort York
6635053,STR-2602-GGSLBS,9 Old Trillium Lane,,M5A,Townhouse/ Row House,13,Toronto Centre
6635054,STR-2602-HFLLBW,21 Pirandello St,1224,M6K,Townhouse/ Row House,10,Spadina-Fort York
6635055,STR-2602-GPYLBT,7 Thirty Fifth St,,M8W,Single/Semi-detached House,3,Etobicoke-Lakeshore
6635056,STR-2602-GXFLBV,101 Peter St,4007,M5V,Condominium,10,Spadina-Fort York
6635057,STR-2602-HVYLBY,10 Harringay Cres,,M1W,Single/Semi-detached House,22,Scarborough-Agincourt
6635058,STR-2602-HMSLBX,30 Nelson St,1802,M5V,Condominium,10,Spadina-Fort York
6635059,STR-2602-JDFLBZ,300 Front St W,3402,M5V,Condominium,10,Spadina-Fort York
6635060,STR-2602-FJPYBP,40 Scollard St,1602,M5R,Condominium,11,University-Rosedale
6635061,STR-2602-FZBYBR,219 Fort York Blvd,1608,M5V,Condominium,10,Spadina-Fort York
6635062,STR-2602-GQPYBT,219 Fort York Blvd,3301,M5V,Condominium,10,Spadina-Fort York
6635063,STR-2602-GXVYBV,217 La Rose Ave,,M9P,Single/Semi-detached House,2,Etobicoke Centre
6635064,STR-2602-HGBYBW,300 Front St W,2905,M5V,Condominium,10,Spadina-Fort York
6635065,STR-2602-HPHYBX,300 Front St W,1303,M5V,Condominium,10,Spadina-Fort York
6635066,STR-2602-HWPYBY,419 Ashdale Ave,1,M4L,Single/Semi-detached House,14,Toronto-Danforth
6635067,STR-2602-JDVYBZ,500 Dupont St,708,M6G,Condominium,11,University-Rosedale
6635068,STR-2602-FKFLBP,17 Henderson Ave,,M6J,Townhouse/ Row House,11,University-Rosedale
6635069,STR-2602-FSLLBQ,549 Runnymede Rd,Basement,M6S,Single/Semi-detached House,4,Parkdale-High Park
6635070,STR-2602-FZSLBR,659 Woodbine Ave,B,M4E,Duplex/Triplex/Fourplex,19,Beaches-East York
6635071,STR-2602-GYLLBV,21 Iceboat Ter,2201,M5V,Condominium,10,Spadina-Fort York
6635072,STR-2602-HGSLBW,361 Front St W,1906,M5V,Condominium,10,Spadina-Fort York
6635073,STR-2602-HPYLBX,1 Gloucester St,1816,M4Y,Condominium,13,Toronto Centre
6635074,STR-2602-HXFLBY,88 Corporate Dr,1404,M1H,Condominium,24,Scarborough-Guildwood
6635075,STR-2602-JFLLBZ,209 Fort York Blvd,1172,M5V,Condominium,10,Spadina-Fort York
6635076,STR-2602-FKVYBP,28 Cloverhill Rd,Unit B,M8Y,Single/Semi-detached House,3,Etobicoke-Lakeshore
6635077,STR-2602-FTBYBQ,2805 Bathurst St,2nd floor,M6B,Townhouse/ Row House,8,Eglinton-Lawrence
6635078,STR-2602-GBHYBR,26 Sandford Ave,unit 2,M4L,Single/Semi-detached House,14,Toronto-Danforth
6635079,STR-2602-GJPYBS,1 Kyle Lowry Rd,202,M3C,Condominium,16,Don Valley East
6635080,STR-2602-GRVYBT,23 Wyndham St,1,M6K,Townhouse/ Row House,9,Davenport
6635081,STR-2602-GZBYBV,1161 Kingston Rd,306,M1N,Condominium,20,Scarborough Southwest
6635082,STR-2602-HHHYBW,3154 Lake Shore Blvd W,,M8V,Townhouse/ Row House,3,Etobicoke-Lakeshore
6635083,STR-2602-HQPYBX,231 Fort York Blvd,2507,M5V,Condominium,10,Spadina-Fort York
6635084,STR-2602-HXVYBY,215 Fort York Blvd,3407,M5V,Condominium,10,Spadina-Fort York
6635085,STR-2602-JGBYBZ,138 Parkview Hill Cres,,M4B,Single/Semi-detached House,19,Beaches-East York
6635086,STR-2602-FLLLBP,135 Lower Sherbourne St,1475,M5A,Condominium,13,Toronto Centre
6635087,STR-2602-FTSLBQ,3 Renoak Dr,UN4,M2R,Duplex/Triplex/Fourplex,6,York Centre
6635088,STR-2602-GBYLBR,251 Jarvis St,5006,M5B,Condominium,13,Toronto Centre
6635089,STR-2602-GKFLBS,93 Gair Dr,,M8W,Single/Semi-detached House,3,Etobicoke-Lakeshore
6635090,STR-2602-HHYLBW,18 Yonge St,1609,M5E,Apartment,10,Spadina-Fort York
6635091,STR-2602-HRFLBX,12 York St,5009,M5J,Condominium,10,Spadina-Fort York
6635092,STR-2602-HYLLBY,5162 Yonge St,2007,M2N,Condominium,18,Willowdale
6635093,STR-2602-JGSLBZ,12 York St,603,M5J,Condominium,10,Spadina-Fort York
6635094,STR-2602-FDXFBP,21 Pirandello St,1216,M6K,Townhouse/ Row House,10,Spadina-Fort York
6635095,STR-2602-FMDFBQ,21 Iceboat Ter,1031,M5V,Condominium,10,Spadina-Fort York
6635096,STR-2602-GCRFBS,18 Connaught Ave,,M4L,Single/Semi-detached House,14,Toronto-Danforth
6635097,STR-2602-GKXFBT,300 Front St W,3211,M5V,Condominium,10,Spadina-Fort York
6635098,STR-2602-GTDFBV,7 Stonehenge Cres,Unit,M1G,Single/Semi-detached House,24,Scarborough-Guildwood
6635099,STR-2602-HBKFBW,165 Legion Rd N,1223,M8Y,Condominium,3,Etobicoke-Lakeshore
6635100,STR-2602-HRXFBY,67 Wayland Ave,,M4E,Single/Semi-detached House,19,Beaches-East York
6635101,STR-2602-HZDFBZ,50 Earlscourt Ave,,M6E,Duplex/Triplex/Fourplex,9,Davenport
6635102,STR-2602-FFMSBP,21 Iceboat Ter,3103,M5V,Condominium,10,Spadina-Fort York
6635103,STR-2602-GDGSBS,80 Alvin Curling Cres,,M1V,Single/Semi-detached House,23,Scarborough North
6635104,STR-2602-HBZSBW,243 St Clarens Ave,B,M6H,Duplex/Triplex/Fourplex,9,Davenport
6635105,STR-2602-HKGSBX,30 Nelson St,3110,M5V,Condominium,10,Spadina-Fort York
6635106,STR-2602-HSMSBY,15 Benalto Rd,,M6A,Single/Semi-detached House,8,Eglinton-Lawrence
6635107,STR-2602-HZTSBZ,10A Holmstead Ave,,M4B,Single/Semi-detached House,19,Beaches-East York
6635108,STR-2602-FGDFBP,21 Iceboat Ter,3706,M5V,Apartment,10,Spadina-Fort York
6635109,STR-2602-FPKFBQ,82 Lake Shore Dr,,M8V,Single/Semi-detached House,3,Etobicoke-Lakeshore
6635110,STR-2602-GDXFBS,234 Pearson Ave,,M6R,Single/Semi-detached House,4,Parkdale-High Park
6635111,STR-2602-GVKFBV,67 Condor Ave,,M4J,Single/Semi-detached House,14,Toronto-Danforth
6635112,STR-2602-HCRFBW,210 Victoria St,2403,M5B,Condominium,13,Toronto Centre
6635113,STR-2602-HKXFBX,502 Caledonia Rd,,M6E,Duplex/Triplex/Fourplex,9,Davenport
6635114,STR-2602-JBKFBZ,88 Sheppard Ave E,3509,M2N,Condominium,18,Willowdale
6635115,STR-2602-FGTSBP,101 Wells Hill Ave,,M5R,Single/Semi-detached House,12,Toronto-St. Paul's
6635116,STR-2602-FXGSBR,37 Bulwer St,100,M5T,Single/Semi-detached House,10,Spadina-Fort York
6635117,STR-2602-GFMSBS,1029 King St W,228,M6K,Condominium,10,Spadina-Fort York
6635118,STR-2602-GMTSBT,10 Drummond St,508,M8V,Condominium,3,Etobicoke-Lakeshore
6635119,STR-2602-GVZSBV,98 Westbourne Ave,MF,M1L,Single/Semi-detached House,20,Scarborough Southwest
6635120,STR-2602-HDGSBW,200 Manitoba St,212,M8Y,Condominium,3,Etobicoke-Lakeshore
6635121,STR-2602-HLMSBX,107 Hadrian Dr,Unit 1,M9W,Apartment,1,Etobicoke North
6635122,STR-2602-HTTSBY,2 Leander Crt,,M4B,Single/Semi-detached House,19,Beaches-East York
6635123,STR-2602-JBZSBZ,65 Bremner Blvd,4301,M5J,Condominium,10,Spadina-Fort York
6635124,STR-2602-FQRFBQ,120 Broadway Ave,LPH 11,M4P,Apartment,15,Don Valley West
6635125,STR-2602-FXXFBR,3 Concord Cityplace Way,526,M5V,Condominium,10,Spadina-Fort York
6635126,STR-2602-HVKFBY,101 Peter St,1509,M5V,Single/Semi-detached House,10,Spadina-Fort York
6635127,STR-2602-JCRFBZ,523 Donlands Ave,,M4J,Single/Semi-detached House,14,Toronto-Danforth
6635128,STR-2602-FHZSBP,356 King St E,2,M5A,Apartment,13,Toronto Centre
6635129,STR-2602-FRGSBQ,269 Major St,,M5S,Single/Semi-detached House,11,University-Rosedale
6635130,STR-2602-FYMSBR,251 Jarvis St,2007,M5B,Condominium,13,Toronto Centre
6635131,STR-2602-GPZSBT,143 Yorkview Dr,B,M2R,Single/Semi-detached House,18,Willowdale
6635132,STR-2602-GXGSBV,43 Bernard Ave,,M5R,Single/Semi-detached House,11,University-Rosedale
6635133,STR-2602-HFMSBW,300 Front St W,1311,M5V,Condominium,10,Spadina-Fort York
6635134,STR-2602-HMTSBX,209 Fort York Blvd,378,M5V,Apartment,10,Spadina-Fort York
6635135,STR-2602-JDGSBZ,1491 O'Connor dr,2,M4B,Townhouse/ Row House,0,-
6635136,STR-2602-FJRFBP,300 Front St W,3911,M5V,Condominium,10,Spadina-Fort York
6635137,STR-2602-FZDFBR,100 Russett Ave,1,M6H,Single/Semi-detached House,9,Davenport
6635138,STR-2602-GHKFBS,3079 Pharmacy Ave,Suite 32,M1W,Townhouse/ Row House,22,Scarborough-Agincourt
6635139,STR-2602-GQRFBT,251 Jarvis St,3901,M5B,Condominium,13,Toronto Centre
6635140,STR-2602-HGDFBW,259A Crawford St,,M6J,Single/Semi-detached House,11,University-Rosedale
6635141,STR-2602-HPKFBX,1187 Roselawn Ave,,M6B,Single/Semi-detached House,8,Eglinton-Lawrence
6635142,STR-2602-HWRFBY,30 Guildcrest Dr,,M1E,Single/Semi-detached House,24,Scarborough-Guildwood
6635143,STR-2602-JDXFBZ,12 York St,1704,M5J,Condominium,10,Spadina-Fort York
6635144,STR-2602-FKGSBP,473 Margueretta St,Lower,M6H,Single/Semi-detached House,9,Davenport
6635145,STR-2602-FSMSBQ,30 Nelson St,3104,M5V,Condominium,10,Spadina-Fort York
6635146,STR-2602-FZTSBR,547 St Clarens Ave,,M6H,Single/Semi-detached House,9,Davenport
6635147,STR-2602-GHZSBS,100 Conn Smythe Dr,,M1J,Townhouse/ Row House,24,Scarborough-Guildwood
6635148,STR-2602-GRGSBT,7 Burnfield Ave,,M6G,Single/Semi-detached House,11,University-Rosedale
6635149,STR-2602-GYMSBV,431 Roxton Rd,,M6G,Single/Semi-detached House,11,University-Rosedale
6635150,STR-2602-FKXFBP,25 Lower Simcoe St,209,M5J,Apartment,10,Spadina-Fort York
6635151,STR-2602-HGTSBW,30 Nelson St,1910,M5V,Apartment,10,Spadina-Fort York
6635152,STR-2602-HPZSBX,99 Cameron St,912,M5T,Apartment,10,Spadina-Fort York
6635153,STR-2602-HXGSBY,99 Cameron St,1007,M5T,Apartment,10,Spadina-Fort York
6635154,STR-2602-JFMSBZ,15 Iceboat Ter,1915,M5V,Condominium,10,Spadina-Fort York
6635155,STR-2602-FTDFBQ,28 Linden St,1102,M4Y,Apartment,13,Toronto Centre
6635156,STR-2602-GBKFBR,24 Gordon St,,M6K,Single/Semi-detached House,9,Davenport
6635157,STR-2602-GJRFBS,208 Bellwoods Ave,B,M6J,Single/Semi-detached House,11,University-Rosedale
6635158,STR-2602-GRXFBT,270 Wellington St W,PH09,M5V,Condominium,10,Spadina-Fort York
6635159,STR-2602-GZDFBV,38 Aberdeen Ave,,M4X,Single/Semi-detached House,13,Toronto Centre
6635160,STR-2602-HQRFBX,60 Annie Craig Dr,B412,M8V,Condominium,3,Etobicoke-Lakeshore
6635161,STR-2602-HXXFBY,100 Oak Park Ave,,M4C,Single/Semi-detached House,19,Beaches-East York
6635162,STR-2602-JGDFBZ,251 Jarvis St,530,M5B,Condominium,13,Toronto Centre
6635163,STR-2602-FLMSBP,352 Front St W,919,M5V,Condominium,10,Spadina-Fort York
6635164,STR-2602-FTTSBQ,120 Homewood Ave,405,M4Y,Apartment,13,Toronto Centre
6635165,STR-2602-GBZSBR,165 Legion Rd N,633,M8Y,Apartment,3,Etobicoke-Lakeshore
6635166,STR-2602-GKGSBS,251 Jarvis St,202,M5B,Apartment,13,Toronto Centre
6635167,STR-2602-GSMSBT,133 York Mills Rd,,M2L,Single/Semi-detached House,15,Don Valley West
6635168,STR-2602-GZTSBV,14 Herzberg Gdns,,M3J,Single/Semi-detached House,7,Humber River-Black Creek
6635169,STR-2602-HHZSBW,120 Homewood Ave,1905,M4Y,Condominium,13,Toronto Centre
6635170,STR-2602-HRGSBX,18 Brookfield St,,M6J,Townhouse/ Row House,10,Spadina-Fort York
6635171,STR-2602-HYMSBY,113 Markham St,,M6J,Single/Semi-detached House,10,Spadina-Fort York
6635172,STR-2602-JGTSBZ,231 Fort York Blvd,508,M5V,Condominium,10,Spadina-Fort York
6635173,STR-2602-FDYLBP,300 Front St W,2603,M5V,Condominium,10,Spadina-Fort York
6635174,STR-2602-FMFLBQ,70 Queens Wharf Rd,2712,M5V,Condominium,10,Spadina-Fort York
6635175,STR-2602-FVLLBR,456 Montrose Ave,,M6G,Single/Semi-detached House,11,University-Rosedale
6635176,STR-2602-GCSLBS,18 Oxford St,Unit 2,M5T,Single/Semi-detached House,11,University-Rosedale
6635177,STR-2602-HBLLBW,834 Kennedy Rd,,M1K,Single/Semi-detached House,21,Scarborough Centre
6635178,STR-2602-HJSLBX,955 Bay St,518,M5S,Condominium,13,Toronto Centre
6635179,STR-2602-HRYLBY,1 Glenshaw Cres,,M4B,Single/Semi-detached House,19,Beaches-East York
6635180,STR-2602-HZFLBZ,1485 Birchmount Rd,311,M1P,Townhouse/ Row House,21,Scarborough Centre
6635181,STR-2602-FFPYBP,250 Wellington St W,844,M5V,Condominium,10,Spadina-Fort York
6635182,STR-2602-FMVYBQ,10 Capreol Crt,1030,M5V,Condominium,10,Spadina-Fort York
6635183,STR-2602-FWBYBR,155 Yorkville Ave,3115,M5R,Condominium,11,University-Rosedale
6635184,STR-2602-GDHYBS,225 Flora Dr,,M1P,Single/Semi-detached House,21,Scarborough Centre
6635185,STR-2602-GTVYBV,3423 Sheppard Ave E,308,M1T,Townhouse/ Row House,22,Scarborough-Agincourt
6635186,STR-2602-HCBYBW,31 Mandel Cres,,M2H,Single/Semi-detached House,17,Don Valley North
6635187,STR-2602-HSPYBY,3429 Sheppard Ave E,1102,M1T,Condominium,22,Scarborough-Agincourt
6635188,STR-2602-FGFLBP,329 Runnymede Rd,,M6S,Single/Semi-detached House,4,Parkdale-High Park
6635189,STR-2602-FPLLBQ,12 York St,1605,M5J,Condominium,10,Spadina-Fort York
6635190,STR-2602-FWSLBR,29 Noble St,,M6K,Single/Semi-detached House,4,Parkdale-High Park
6635191,STR-2602-GDYLBS,101 Peter St,712,M5V,Condominium,10,Spadina-Fort York
6635192,STR-2602-GVLLBV,390 Queens Quay W,904,M5V,Apartment,10,Spadina-Fort York
6635193,STR-2602-HCSLBW,63 Perth Ave,,M6R,Single/Semi-detached House,9,Davenport
6635194,STR-2602-HKYLBX,136 Argyle St,1,M6J,Single/Semi-detached House,10,Spadina-Fort York
6635195,STR-2602-HTFLBY,251 Jarvis St,5001,M5B,Condominium,13,Toronto Centre
6635196,STR-2602-JBLLBZ,300 Front St W,907,M5V,Condominium,10,Spadina-Fort York
6635197,STR-2602-FGVYBP,12 York St,1411,M5J,Condominium,10,Spadina-Fort York
6635198,STR-2602-FXHYBR,375 King St W,1002,M5V,Condominium,10,Spadina-Fort York
6635199,STR-2602-GFPYBS,90 Manor Rd E,,M4S,Single/Semi-detached House,12,Toronto-St. Paul's
6635200,STR-2602-GMVYBT,32 Devondale Ave,,M2R,Single/Semi-detached House,18,Willowdale
6635201,STR-2602-GWBYBV,237 Dovercourt Rd,E,M6J,Apartment,10,Spadina-Fort York
6635202,STR-2602-JCBYBZ,45 McRae Dr,,M4G,Single/Semi-detached House,15,Don Valley West
6635203,STR-2602-FQSLBQ,231 Fort York Blvd,1603,M5V,Condominium,10,Spadina-Fort York
6635204,STR-2602-GGFLBS,251 Jarvis St,807,M5B,Condominium,13,Toronto Centre
6635205,STR-2602-GPLLBT,251 Jarvis St,1813,M5B,Condominium,13,Toronto Centre
6635206,STR-2602-GWSLBV,12 York St,4810,M5J,Condominium,10,Spadina-Fort York
6635207,STR-2602-HMFLBX,48 Denvale Rd,,M4B,Duplex/Triplex/Fourplex,19,Beaches-East York
6635208,STR-2602-JCSLBZ,68 Yorkville Ave,705,M5R,Condominium,11,University-Rosedale
6635209,STR-2602-FJBYBP,28 Linden St,1303,M4Y,Condominium,13,Toronto Centre
6635210,STR-2602-FRHYBQ,99 Northcote Ave,,M6J,Single/Semi-detached House,9,Davenport
6635211,STR-2602-GGVYBS,13 Sylvan Ave,,M6H,Single/Semi-detached House,9,Davenport
6635212,STR-2602-GQBYBT,51 Neddie Dr,,M1T,Single/Semi-detached House,22,Scarborough-Agincourt
6635213,STR-2602-HFPYBW,458 Roxton Rd,,M6G,Single/Semi-detached House,11,University-Rosedale
6635214,STR-2602-HMVYBX,85 Queens Wharf Rd,1811,M5V,Apartment,10,Spadina-Fort York
6635215,STR-2602-JDHYBZ,40 Scollard St,1207,M5R,Condominium,11,University-Rosedale
6635216,STR-2602-FJSLBP,200 Victoria St,1411,M5B,Condominium,13,Toronto Centre
6635217,STR-2602-FRYLBQ,870 Jane St,105,M6N,Townhouse/ Row House,5,York South-Weston
6635218,STR-2602-FZFLBR,103 Avenue Rd,1007,M5R,Apartment,11,University-Rosedale
6635219,STR-2602-GHLLBS,105 George St,1413,M5A,Condominium,13,Toronto Centre
6635220,STR-2602-GQSLBT,231 Fort York Blvd,2304,M5V,Condominium,10,Spadina-Fort York
6635221,STR-2602-HWSLBY,104 George St,,M8V,Single/Semi-detached House,3,Etobicoke-Lakeshore
6635222,STR-2602-FKHYBP,501 Yonge St,4112,M4Y,Condominium,13,Toronto Centre
6635223,STR-2602-FZVYBR,14 York St,2910,M5J,Condominium,10,Spadina-Fort York
6635224,STR-2602-GJBYBS,3 Callowhill Dr,,M9R,Single/Semi-detached House,2,Etobicoke Centre
6635225,STR-2602-GRHYBT,737 Sammon Ave,,M4C,Single/Semi-detached House,19,Beaches-East York
